latitude,longitude,bright_ti4,scan,track,acq_date,acq_time,satellite,confidence,version,bright_ti5,frp,daynight
39.25639,76.79179,341.31,0.75,0.77,2026-09-06,0644,N20,nominal,2.0NRT,294.31,11.21,D
16.43625,99.75914,337.21,0.4,0.37,2026-09-06,0635,N20,low,2.0NRT,294.65,4.72,D
16.7702,99.93446,332.19,0.39,0.36,2026-09-06,0635,N20,nominal,2.0NRT,295.26,3.56,D
16.91989,100.15099,331.27,0.39,0.36,2026-09-06,0635,N20,nominal,2.0NRT,295.38,1.65,D
17.07893,99.99368,333.44,0.39,0.36,2026-09-06,0635,N20,nominal,2.0NRT,295.63,1.65,D
17.08225,99.99312,334.06,0.39,0.36,2026-09-06,0635,N20,nominal,2.0NRT,295.4,4.06,D
17.15328,99.77462,333.54,0.39,0.36,2026-09-06,0635,N20,low,2.0NRT,295.92,4.63,D
17.07095,99.05289,332.28,0.41,0.37,2026-09-06,0635,N20,low,2.0NRT,295.13,3.83,D
19.90937,99.2664,330.11,0.39,0.36,2026-09-06,0635,N20,low,2.0NRT,302.14,3.7,D
22.01426,100.75085,328.93,0.39,0.36,2026-09-06,0637,N20,low,2.0NRT,301.46,3.34,D
25.14314,98.91814,356.28,0.38,0.36,2026-09-06,0637,N20,low,2.0NRT,293.62,5.7,D
25.14643,98.91754,341.43,0.38,0.36,2026-09-06,0637,N20,nominal,2.0NRT,299.23,5.7,D
25.02915,96.36425,328.9,0.43,0.38,2026-09-06,0637,N20,nominal,2.0NRT,295.5,4.44,D
25.58563,98.85622,345.68,0.38,0.36,2026-09-06,0637,N20,nominal,2.0NRT,300.29,5.96,D
26.56189,101.67776,332.49,0.45,0.39,2026-09-06,0637,N20,low,2.0NRT,305.18,3.48,D
26.56542,101.67711,336.06,0.45,0.39,2026-09-06,0637,N20,nominal,2.0NRT,304.5,3.48,D
26.56486,101.67278,330.93,0.45,0.39,2026-09-06,0637,N20,low,2.0NRT,305.12,3.48,D
26.57489,101.66653,344.81,0.45,0.39,2026-09-06,0637,N20,nominal,2.0NRT,306.24,15.03,D
26.61968,101.59528,338.87,0.44,0.39,2026-09-06,0637,N20,nominal,2.0NRT,301.94,9.72,D
27.87556,96.92477,338.88,0.39,0.36,2026-09-06,0640,N20,nominal,2.0NRT,297.66,5.75,D
27.87494,96.92095,331.02,0.39,0.36,2026-09-06,0640,N20,nominal,2.0NRT,296.46,5.75,D
28.4852,97.02938,330.93,0.39,0.36,2026-09-06,0640,N20,nominal,2.0NRT,293.48,1.67,D
28.49798,97.02338,341.75,0.39,0.36,2026-09-06,0640,N20,nominal,2.0NRT,298.49,6.03,D
28.51981,97.01084,330.9,0.39,0.36,2026-09-06,0640,N20,nominal,2.0NRT,289.36,2.72,D
29.62895,90.97001,328.92,0.45,0.47,2026-09-06,0640,N20,low,2.0NRT,299.97,4.33,D
29.68256,91.14607,327.21,0.43,0.46,2026-09-06,0640,N20,nominal,2.0NRT,292.82,4.21,D
29.65425,90.98629,327.18,0.44,0.46,2026-09-06,0640,N20,low,2.0NRT,297.97,4.81,D
29.66132,90.99944,327.5,0.44,0.46,2026-09-06,0640,N20,nominal,2.0NRT,295.75,3.6,D
29.66549,90.99844,348.1,0.44,0.46,2026-09-06,0640,N20,nominal,2.0NRT,297.88,7.92,D
29.66967,90.99748,344.24,0.44,0.46,2026-09-06,0640,N20,nominal,2.0NRT,299.14,7.92,D
13.79744,101.27433,330.18,0.39,0.36,2026-09-06,0633,N20,nominal,2.0NRT,297.54,2.42,D
13.88739,100.30708,333.71,0.4,0.37,2026-09-06,0633,N20,low,2.0NRT,297.8,3.11,D
14.12562,100.39357,332.25,0.4,0.37,2026-09-06,0635,N20,low,2.0NRT,294.21,4.18,D
14.11135,100.06555,336.05,0.4,0.37,2026-09-06,0635,N20,low,2.0NRT,296.49,3.95,D
14.12449,100.01781,336,0.4,0.37,2026-09-06,0635,N20,nominal,2.0NRT,297.33,4.82,D
14.22831,100.525,339.2,0.39,0.36,2026-09-06,0635,N20,nominal,2.0NRT,296.49,5.23,D
14.19568,100.06287,345.52,0.4,0.37,2026-09-06,0635,N20,nominal,2.0NRT,297.43,11.11,D
14.23032,100.12894,331.71,0.4,0.37,2026-09-06,0635,N20,low,2.0NRT,297.53,3.96,D
14.36143,100.22703,348.43,0.4,0.37,2026-09-06,0635,N20,low,2.0NRT,298.95,6.98,D
14.37804,100.20176,332.91,0.4,0.37,2026-09-06,0635,N20,low,2.0NRT,296.79,3.05,D
14.46332,100.68108,332.14,0.39,0.36,2026-09-06,0635,N20,nominal,2.0NRT,298.08,2.85,D
14.36305,100.01942,342.06,0.4,0.37,2026-09-06,0635,N20,nominal,2.0NRT,295.86,8.08,D
14.52125,100.61621,335.73,0.39,0.36,2026-09-06,0635,N20,nominal,2.0NRT,298.1,2.81,D
14.63341,101.07698,331.87,0.39,0.36,2026-09-06,0635,N20,nominal,2.0NRT,298.64,3.89,D
14.56045,100.58394,332.84,0.39,0.36,2026-09-06,0635,N20,low,2.0NRT,299.49,2.6,D
14.51503,100.23413,332.36,0.4,0.37,2026-09-06,0635,N20,low,2.0NRT,296.89,4.48,D
14.64853,101.04053,334.19,0.39,0.36,2026-09-06,0635,N20,nominal,2.0NRT,299.11,5.37,D
14.52113,100.22937,333.11,0.4,0.37,2026-09-06,0635,N20,low,2.0NRT,299.12,3.92,D
14.67264,100.80305,336.15,0.39,0.36,2026-09-06,0635,N20,nominal,2.0NRT,301.63,4.61,D
14.61098,100.04518,336.84,0.4,0.37,2026-09-06,0635,N20,low,2.0NRT,296.96,5.44,D
14.61616,99.99139,342.32,0.4,0.37,2026-09-06,0635,N20,nominal,2.0NRT,296.97,5.27,D
14.74061,100.71474,333.59,0.39,0.36,2026-09-06,0635,N20,nominal,2.0NRT,301.56,2.37,D
14.73941,100.66354,336.66,0.39,0.36,2026-09-06,0635,N20,low,2.0NRT,298.25,3.63,D
14.70959,100.47313,335.48,0.39,0.36,2026-09-06,0635,N20,nominal,2.0NRT,299.13,3.09,D
14.75251,100.27258,337.96,0.39,0.37,2026-09-06,0635,N20,nominal,2.0NRT,298.05,3.26,D
14.83616,100.34792,344.93,0.39,0.36,2026-09-06,0635,N20,nominal,2.0NRT,298.2,6.33,D
14.80922,100.15469,335.02,0.4,0.37,2026-09-06,0635,N20,nominal,2.0NRT,297.01,5.44,D
14.83373,100.28884,345.68,0.39,0.36,2026-09-06,0635,N20,nominal,2.0NRT,297.98,5.92,D
15.13587,101.87647,340.73,0.39,0.36,2026-09-06,0635,N20,nominal,2.0NRT,298.23,2.77,D
14.90311,100.14651,337.49,0.4,0.37,2026-09-06,0635,N20,low,2.0NRT,292.97,5.65,D
15.04113,100.22402,343.82,0.39,0.37,2026-09-06,0635,N20,nominal,2.0NRT,296.95,8.65,D
15.12745,100.69027,337.07,0.39,0.36,2026-09-06,0635,N20,nominal,2.0NRT,300.57,6.99,D
15.1269,100.68669,340.83,0.39,0.36,2026-09-06,0635,N20,nominal,2.0NRT,302.16,7.8,D
15.0573,100.23997,339.83,0.39,0.36,2026-09-06,0635,N20,nominal,2.0NRT,297.87,5.26,D
15.08715,100.32361,335.41,0.39,0.36,2026-09-06,0635,N20,nominal,2.0NRT,297.7,3.06,D
15.12952,100.5495,332.53,0.39,0.36,2026-09-06,0635,N20,low,2.0NRT,296.04,1,D
15.17843,100.73243,330.3,0.39,0.36,2026-09-06,0635,N20,nominal,2.0NRT,296.38,1.47,D
15.11058,100.23413,337,0.39,0.36,2026-09-06,0635,N20,low,2.0NRT,298.47,5.66,D
15.16934,100.36925,335.32,0.39,0.36,2026-09-06,0635,N20,nominal,2.0NRT,297.5,3.53,D
15.71528,100.36124,332.09,0.39,0.36,2026-09-06,0635,N20,low,2.0NRT,296.7,7.82,D
15.72603,100.17008,337.9,0.39,0.36,2026-09-06,0635,N20,nominal,2.0NRT,296.66,4.56,D
15.8241,100.1458,341.75,0.39,0.36,2026-09-06,0635,N20,nominal,2.0NRT,297.45,5.78,D
15.87312,100.19714,330.47,0.39,0.36,2026-09-06,0635,N20,low,2.0NRT,297.72,3.74,D
15.9266,100.08376,331.47,0.39,0.36,2026-09-06,0635,N20,nominal,2.0NRT,295.65,1.83,D
15.98584,100.17815,331.41,0.39,0.36,2026-09-06,0635,N20,low,2.0NRT,296.86,8.46,D
16.00301,100.04844,335.76,0.39,0.36,2026-09-06,0635,N20,nominal,2.0NRT,297,5.22,D
16.00243,100.04479,332.65,0.39,0.36,2026-09-06,0635,N20,low,2.0NRT,293.19,5.22,D
15.98925,99.92294,332.74,0.4,0.37,2026-09-06,0635,N20,nominal,2.0NRT,293.95,3.59,D
16.04172,100.0378,345.98,0.39,0.36,2026-09-06,0635,N20,nominal,2.0NRT,296.6,6.54,D
16.07121,100.05151,331.25,0.39,0.36,2026-09-06,0635,N20,nominal,2.0NRT,296.12,3.23,D
16.10601,100.14264,330.06,0.39,0.36,2026-09-06,0635,N20,nominal,2.0NRT,295.65,1.81,D
16.21436,100.31303,340.71,0.39,0.36,2026-09-06,0635,N20,nominal,2.0NRT,295.42,7.87,D
16.22908,100.255,347,0.39,0.36,2026-09-06,0635,N20,nominal,2.0NRT,295.58,5.48,D
16.12334,99.58497,336.58,0.4,0.37,2026-09-06,0635,N20,nominal,2.0NRT,295.62,3.96,D
16.19073,99.96706,344.42,0.39,0.36,2026-09-06,0635,N20,nominal,2.0NRT,296.19,5.52,D
16.20437,100.03212,331.51,0.39,0.36,2026-09-06,0635,N20,low,2.0NRT,293.39,2.99,D
16.35748,100.20705,331.69,0.39,0.36,2026-09-06,0635,N20,nominal,2.0NRT,292.95,1.94,D
6.17599,81.02498,342.79,0.45,0.39,2026-09-06,0813,N20,nominal,2.0NRT,301.19,4.81,D
6.1966,80.9183,335.86,0.45,0.39,2026-09-06,0813,N20,nominal,2.0NRT,300.17,1.95,D
6.22624,80.92218,330.17,0.45,0.39,2026-09-06,0813,N20,low,2.0NRT,301.93,1.74,D
6.22565,80.92256,332.11,0.45,0.39,2026-09-06,0813,N20,nominal,2.0NRT,301.8,1.85,D
6.28634,80.72087,341.99,0.44,0.38,2026-09-06,0813,N20,nominal,2.0NRT,299.85,6.02,D
6.38127,81.09678,345.82,0.46,0.39,2026-09-06,0813,N20,nominal,2.0NRT,302.54,124.64,D
6.41299,81.08785,339.14,0.46,0.39,2026-09-06,0813,N20,nominal,2.0NRT,305.72,6.66,D
6.37277,80.79048,331.77,0.44,0.39,2026-09-06,0813,N20,low,2.0NRT,302.87,4.25,D
6.37217,80.78643,347.17,0.44,0.39,2026-09-06,0813,N20,nominal,2.0NRT,303.65,4.25,D
6.44992,81.04031,331.5,0.46,0.39,2026-09-06,0813,N20,low,2.0NRT,302.53,4.91,D
6.52049,80.90929,332.97,0.45,0.39,2026-09-06,0813,N20,nominal,2.0NRT,302.12,4.84,D
6.54658,81.06027,336.45,0.46,0.39,2026-09-06,0813,N20,nominal,2.0NRT,303.9,4.96,D
6.52717,80.75974,335.03,0.44,0.39,2026-09-06,0813,N20,nominal,2.0NRT,301.18,2.32,D
6.5272,80.75962,334.38,0.45,0.39,2026-09-06,0813,N20,nominal,2.0NRT,301.06,3.01,D
6.55594,80.93317,331.63,0.45,0.39,2026-09-06,0813,N20,low,2.0NRT,305.24,1.87,D
6.52895,80.74675,347.98,0.44,0.39,2026-09-06,0813,N20,nominal,2.0NRT,303.84,15.08,D
6.57201,80.91832,340.48,0.45,0.39,2026-09-06,0813,N20,nominal,2.0NRT,307.81,19.7,D
6.60001,80.96009,341.01,0.45,0.39,2026-09-06,0813,N20,nominal,2.0NRT,306.3,6.67,D
6.6053,80.89685,333.67,0.45,0.39,2026-09-06,0813,N20,low,2.0NRT,305.11,3.18,D
6.59847,80.80141,334.48,0.45,0.39,2026-09-06,0813,N20,nominal,2.0NRT,301.4,4.28,D
6.70713,81.38621,340.94,0.48,0.4,2026-09-06,0813,N20,nominal,2.0NRT,306.33,10.49,D
6.61493,80.76595,334.26,0.45,0.39,2026-09-06,0813,N20,nominal,2.0NRT,299.64,2.99,D
6.71334,81.4029,342.96,0.48,0.4,2026-09-06,0813,N20,nominal,2.0NRT,307.35,10.39,D
6.70504,81.34695,335.69,0.48,0.4,2026-09-06,0813,N20,nominal,2.0NRT,301.12,3.3,D
6.73615,81.50595,339.33,0.49,0.4,2026-09-06,0813,N20,nominal,2.0NRT,306.59,9.3,D
6.74441,81.5361,345.85,0.49,0.4,2026-09-06,0813,N20,nominal,2.0NRT,307.44,9.4,D
6.71643,81.3233,336.32,0.47,0.4,2026-09-06,0813,N20,nominal,2.0NRT,306.13,5.63,D
6.74341,81.5372,342.62,0.49,0.4,2026-09-06,0813,N20,nominal,2.0NRT,307.2,8.93,D
6.71671,81.32398,335.96,0.48,0.4,2026-09-06,0813,N20,nominal,2.0NRT,305.94,6.3,D
6.78113,81.56338,336.04,0.49,0.4,2026-09-06,0813,N20,nominal,2.0NRT,305.31,5.82,D
6.7509,81.35421,346.78,0.48,0.4,2026-09-06,0813,N20,nominal,2.0NRT,305.84,15.51,D
6.78776,81.53093,339.12,0.49,0.4,2026-09-06,0813,N20,nominal,2.0NRT,304.85,4.52,D
6.78712,81.52653,336.13,0.49,0.4,2026-09-06,0813,N20,low,2.0NRT,306.48,5.82,D
6.80623,81.52828,337.69,0.49,0.4,2026-09-06,0813,N20,nominal,2.0NRT,305.82,3.09,D
6.80993,81.52775,338.3,0.49,0.4,2026-09-06,0813,N20,nominal,2.0NRT,304.94,12.69,D
6.80928,81.52334,337.61,0.49,0.4,2026-09-06,0813,N20,nominal,2.0NRT,304.1,13.81,D
6.81362,81.52721,340.21,0.49,0.4,2026-09-06,0813,N20,nominal,2.0NRT,306.12,12.69,D
6.81298,81.52281,350.52,0.49,0.4,2026-09-06,0813,N20,nominal,2.0NRT,306.59,13.81,D
6.81244,81.44232,339.42,0.48,0.4,2026-09-06,0813,N20,nominal,2.0NRT,306.3,10.4,D
6.82584,81.43141,336.63,0.48,0.4,2026-09-06,0813,N20,nominal,2.0NRT,304.94,3.59,D
6.83904,81.46967,338.42,0.48,0.4,2026-09-06,0813,N20,nominal,2.0NRT,305.92,6.38,D
6.83838,81.46528,342.54,0.48,0.4,2026-09-06,0813,N20,nominal,2.0NRT,306.08,5.5,D
6.87739,81.6767,341.26,0.5,0.41,2026-09-06,0813,N20,nominal,2.0NRT,305.01,8.33,D
6.87672,81.67222,352.26,0.5,0.41,2026-09-06,0813,N20,nominal,2.0NRT,306.61,8.33,D
6.87605,81.66773,330.66,0.5,0.41,2026-09-06,0813,N20,low,2.0NRT,304.92,3.29,D
6.88112,81.67618,348.45,0.5,0.41,2026-09-06,0813,N20,nominal,2.0NRT,304.58,8.33,D
6.88045,81.67171,345.28,0.5,0.41,2026-09-06,0813,N20,nominal,2.0NRT,305.07,8.33,D
6.87978,81.66723,334.95,0.5,0.41,2026-09-06,0813,N20,nominal,2.0NRT,304.38,3.29,D
6.87933,81.67808,337.61,0.5,0.41,2026-09-06,0813,N20,nominal,2.0NRT,303.86,8.59,D
6.8787,81.67358,356.18,0.5,0.41,2026-09-06,0813,N20,nominal,2.0NRT,309.1,8.59,D
6.87806,81.6691,350.52,0.5,0.41,2026-09-06,0813,N20,nominal,2.0NRT,306.02,10.87,D
6.88242,81.67306,344.28,0.5,0.41,2026-09-06,0813,N20,nominal,2.0NRT,303.27,8.59,D
6.84756,81.4028,331.75,0.48,0.4,2026-09-06,0813,N20,low,2.0NRT,302.15,3.38,D
6.88785,81.49987,332.33,0.49,0.4,2026-09-06,0813,N20,low,2.0NRT,303.7,3.85,D
6.86198,81.32136,336.06,0.48,0.4,2026-09-06,0813,N20,nominal,2.0NRT,300.81,6.67,D
6.96175,81.56585,331.73,0.49,0.4,2026-09-06,0813,N20,nominal,2.0NRT,300.89,2.66,D
6.9611,81.56142,330.96,0.49,0.4,2026-09-06,0813,N20,nominal,2.0NRT,294.88,2.66,D
6.96338,81.56216,344.16,0.49,0.4,2026-09-06,0813,N20,nominal,2.0NRT,302.38,7.49,D
6.9833,81.59561,355.5,0.49,0.41,2026-09-06,0813,N20,nominal,2.0NRT,306.5,42.44,D
6.98203,81.5867,341.15,0.49,0.41,2026-09-06,0813,N20,nominal,2.0NRT,303.92,32.98,D
6.98574,81.58614,353.1,0.49,0.41,2026-09-06,0813,N20,nominal,2.0NRT,305.83,32.98,D
7.05877,81.80164,340.93,0.51,0.41,2026-09-06,0813,N20,nominal,2.0NRT,306.34,12.41,D
7.145,81.23863,330.41,0.48,0.4,2026-09-06,0813,N20,nominal,2.0NRT,299.91,1.98,D
7.13335,81.08004,336.91,0.47,0.39,2026-09-06,0813,N20,nominal,2.0NRT,301.05,3.58,D
7.32397,81.76602,337.76,0.51,0.41,2026-09-06,0813,N20,nominal,2.0NRT,304.59,7.73,D
7.32414,81.76315,338.41,0.51,0.41,2026-09-06,0813,N20,nominal,2.0NRT,304.07,6.93,D
7.36785,81.7194,339.04,0.51,0.41,2026-09-06,0813,N20,nominal,2.0NRT,301.43,4.93,D
7.36719,81.71482,335.6,0.51,0.41,2026-09-06,0813,N20,nominal,2.0NRT,300.49,6.74,D
7.41125,81.72717,342.31,0.51,0.41,2026-09-06,0813,N20,nominal,2.0NRT,300.38,5.06,D
7.40722,81.69978,336.96,0.51,0.41,2026-09-06,0813,N20,nominal,2.0NRT,299.82,3.87,D
7.41523,81.62437,332.22,0.5,0.41,2026-09-06,0813,N20,nominal,2.0NRT,295.77,3.11,D
7.22762,79.92426,334.35,0.42,0.38,2026-09-06,0813,N20,nominal,2.0NRT,290.84,4.11,D
7.51311,81.65795,339.53,0.5,0.41,2026-09-06,0813,N20,nominal,2.0NRT,300.08,8.75,D
7.6006,80.85745,337.72,0.46,0.39,2026-09-06,0813,N20,nominal,2.0NRT,303.53,3.84,D
7.48554,80.05708,330.41,0.43,0.38,2026-09-06,0813,N20,nominal,2.0NRT,299.92,1.68,D
7.55228,80.40916,333.54,0.44,0.38,2026-09-06,0813,N20,nominal,2.0NRT,297.47,11.66,D
7.61975,80.8379,338.35,0.46,0.39,2026-09-06,0813,N20,nominal,2.0NRT,302.53,4.12,D
7.62172,80.83782,338.9,0.46,0.39,2026-09-06,0813,N20,nominal,2.0NRT,304.2,4.41,D
7.53497,80.08868,341.84,0.43,0.38,2026-09-06,0813,N20,nominal,2.0NRT,299.98,3.94,D
7.6455,80.62371,334.18,0.45,0.39,2026-09-06,0813,N20,nominal,2.0NRT,298.43,6.63,D
7.6888,80.81956,347.71,0.46,0.39,2026-09-06,0813,N20,nominal,2.0NRT,303.7,11.15,D
7.69301,80.82319,330.05,0.46,0.39,2026-09-06,0813,N20,low,2.0NRT,300.72,2.89,D
7.6966,80.82266,342.2,0.46,0.39,2026-09-06,0813,N20,nominal,2.0NRT,302.13,2.9,D
7.62395,80.28177,330.29,0.43,0.38,2026-09-06,0813,N20,nominal,2.0NRT,299.22,2.35,D
7.71756,80.45007,331.53,0.44,0.39,2026-09-06,0813,N20,nominal,2.0NRT,299.63,4.7,D
7.75884,80.68317,334.63,0.45,0.39,2026-09-06,0813,N20,nominal,2.0NRT,297.97,4.11,D
7.72779,80.13131,331.12,0.43,0.38,2026-09-06,0813,N20,nominal,2.0NRT,299.76,3.33,D
7.71069,79.87955,336.76,0.42,0.38,2026-09-06,0813,N20,nominal,2.0NRT,298.74,3.35,D
7.76921,80.25717,332.14,0.44,0.38,2026-09-06,0813,N20,nominal,2.0NRT,299.34,3.99,D
7.82479,80.61631,342.87,0.45,0.39,2026-09-06,0813,N20,nominal,2.0NRT,298.81,5.46,D
7.71659,79.84772,331.38,0.42,0.38,2026-09-06,0813,N20,nominal,2.0NRT,297.37,1.72,D
7.87927,80.94359,338.27,0.47,0.4,2026-09-06,0813,N20,nominal,2.0NRT,302.29,4.74,D
7.92305,81.22266,330.55,0.48,0.4,2026-09-06,0813,N20,nominal,2.0NRT,300.04,1.63,D
7.88289,80.94305,342.36,0.47,0.4,2026-09-06,0813,N20,nominal,2.0NRT,300.52,4.74,D
7.85508,80.69967,342.53,0.46,0.39,2026-09-06,0813,N20,nominal,2.0NRT,303.43,30.8,D
7.93032,81.19484,337.24,0.48,0.4,2026-09-06,0813,N20,nominal,2.0NRT,301.31,4.57,D
7.94072,81.1889,340.77,0.48,0.4,2026-09-06,0813,N20,nominal,2.0NRT,302.24,24.13,D
7.95302,81.19602,336.47,0.48,0.4,2026-09-06,0813,N20,nominal,2.0NRT,300.39,2.85,D
7.93166,81.04913,335.02,0.47,0.4,2026-09-06,0813,N20,nominal,2.0NRT,300.92,2.99,D
7.8741,80.60503,338.66,0.45,0.39,2026-09-06,0813,N20,nominal,2.0NRT,300.57,7.74,D
7.84102,80.2345,339.58,0.43,0.38,2026-09-06,0813,N20,nominal,2.0NRT,301.62,5.39,D
7.91837,80.7073,335.48,0.46,0.39,2026-09-06,0813,N20,nominal,2.0NRT,300.91,3.71,D
7.84394,80.20604,337.41,0.43,0.38,2026-09-06,0813,N20,nominal,2.0NRT,299.09,3.33,D
7.86796,80.34335,336.88,0.44,0.38,2026-09-06,0813,N20,nominal,2.0NRT,299.14,5.15,D
7.80483,79.92006,334.47,0.42,0.38,2026-09-06,0813,N20,nominal,2.0NRT,297.98,3.63,D
8.01838,81.30779,339.78,0.49,0.4,2026-09-06,0813,N20,nominal,2.0NRT,301.82,6.13,D
8.01709,81.30904,337.02,0.49,0.4,2026-09-06,0813,N20,nominal,2.0NRT,301.74,7.91,D
7.88015,80.34989,330.53,0.44,0.38,2026-09-06,0813,N20,nominal,2.0NRT,298.44,2.96,D
7.93551,80.68421,337.64,0.46,0.39,2026-09-06,0813,N20,nominal,2.0NRT,298.01,4.78,D
7.93909,80.68369,338.19,0.46,0.39,2026-09-06,0813,N20,nominal,2.0NRT,298.18,4.78,D
7.89936,80.40807,336.64,0.44,0.39,2026-09-06,0813,N20,nominal,2.0NRT,300.48,5.59,D
7.88326,80.29684,337.96,0.44,0.38,2026-09-06,0813,N20,nominal,2.0NRT,302.22,6.32,D
7.93151,80.58047,334.86,0.45,0.39,2026-09-06,0813,N20,nominal,2.0NRT,297,1.84,D
7.95167,80.61919,333.24,0.45,0.39,2026-09-06,0813,N20,nominal,2.0NRT,300.38,4.64,D
7.94398,80.5662,345.79,0.45,0.39,2026-09-06,0813,N20,nominal,2.0NRT,300.57,7.55,D
7.91426,80.31252,336.02,0.44,0.38,2026-09-06,0813,N20,nominal,2.0NRT,301.02,2.51,D
7.87986,80.07761,330.6,0.43,0.38,2026-09-06,0813,N20,nominal,2.0NRT,298.01,2.23,D
7.98272,80.75755,343.26,0.46,0.39,2026-09-06,0813,N20,nominal,2.0NRT,297.2,5.11,D
7.98152,80.74925,335.61,0.46,0.39,2026-09-06,0813,N20,nominal,2.0NRT,299.59,6.78,D
7.95763,80.58501,339.09,0.45,0.39,2026-09-06,0813,N20,nominal,2.0NRT,300.42,3.52,D
7.95289,80.55247,337.1,0.45,0.39,2026-09-06,0813,N20,nominal,2.0NRT,300.64,3.87,D
7.96119,80.58449,339.8,0.45,0.39,2026-09-06,0813,N20,nominal,2.0NRT,300.9,3.52,D
7.94465,80.44645,348.49,0.44,0.39,2026-09-06,0813,N20,nominal,2.0NRT,302.43,11.4,D
7.87167,79.92561,340.41,0.42,0.38,2026-09-06,0813,N20,nominal,2.0NRT,300.51,6.19,D
7.89612,80.06731,336.88,0.43,0.38,2026-09-06,0813,N20,nominal,2.0NRT,296.26,2.52,D
7.98381,80.63953,335.65,0.45,0.39,2026-09-06,0813,N20,nominal,2.0NRT,299.31,8.67,D
7.98321,80.63544,333.58,0.45,0.39,2026-09-06,0813,N20,nominal,2.0NRT,301.02,7.19,D
7.95645,80.45293,344.63,0.45,0.39,2026-09-06,0813,N20,nominal,2.0NRT,303,29.12,D
7.99871,80.64158,344.81,0.45,0.39,2026-09-06,0813,N20,nominal,2.0NRT,301.84,14.61,D
7.99811,80.63749,338.37,0.45,0.39,2026-09-06,0813,N20,nominal,2.0NRT,299.1,14.61,D
8.01928,80.75652,340,0.46,0.39,2026-09-06,0813,N20,nominal,2.0NRT,295.13,5.34,D
7.99867,80.61654,337.57,0.45,0.39,2026-09-06,0813,N20,nominal,2.0NRT,298.97,4.31,D
8.02388,80.68829,335.6,0.46,0.39,2026-09-06,0813,N20,nominal,2.0NRT,299.03,5.18,D
8.02327,80.68417,340.86,0.46,0.39,2026-09-06,0813,N20,nominal,2.0NRT,300.07,5.18,D
7.97644,80.36833,335.61,0.44,0.38,2026-09-06,0813,N20,nominal,2.0NRT,301.62,3.86,D
8.01955,80.63438,332.96,0.45,0.39,2026-09-06,0813,N20,nominal,2.0NRT,299.34,4,D
7.91717,79.94633,335.51,0.42,0.38,2026-09-06,0813,N20,nominal,2.0NRT,299.03,4.24,D
20.9636,86.00854,328.2,0.48,0.65,2026-09-06,0818,N20,nominal,2.0NRT,289.11,4.5,D
8.02252,80.62978,340.08,0.45,0.39,2026-09-06,0813,N20,nominal,2.0NRT,302.5,5.22,D
21.75508,83.84409,337.24,0.35,0.57,2026-09-06,0818,N20,nominal,2.0NRT,289.89,4.68,D
8.0207,80.61752,338.87,0.45,0.39,2026-09-06,0813,N20,nominal,2.0NRT,301.57,7.59,D
8.02009,80.61343,342.64,0.45,0.39,2026-09-06,0813,N20,nominal,2.0NRT,302.41,7.06,D
21.7445,83.84317,345.54,0.35,0.57,2026-09-06,0818,N20,nominal,2.0NRT,285.43,2.88,D
7.92121,79.94964,336.58,0.42,0.38,2026-09-06,0813,N20,nominal,2.0NRT,299.22,3.16,D
21.74976,83.84266,334.32,0.35,0.57,2026-09-06,0818,N20,nominal,2.0NRT,288.18,2.88,D
8.02609,80.62924,341.21,0.45,0.39,2026-09-06,0813,N20,nominal,2.0NRT,300.86,5.22,D
21.75536,83.84563,332.59,0.36,0.57,2026-09-06,0818,N20,nominal,2.0NRT,289.17,4.2,D
8.02366,80.61292,349.62,0.45,0.39,2026-09-06,0813,N20,nominal,2.0NRT,301.72,7.06,D
21.80248,83.89297,335.05,0.36,0.57,2026-09-06,0818,N20,nominal,2.0NRT,289.94,2.6,D
8.02164,80.63072,337.11,0.45,0.39,2026-09-06,0813,N20,nominal,2.0NRT,302.38,3.74,D
21.92242,83.35114,333.64,0.33,0.55,2026-09-06,0818,N20,nominal,2.0NRT,288.87,5.12,D
8.0193,80.61435,334.15,0.45,0.39,2026-09-06,0813,N20,nominal,2.0NRT,303.03,5.26,D
7.9236,79.94956,332.95,0.42,0.38,2026-09-06,0813,N20,nominal,2.0NRT,298.53,2.31,D
21.92057,83.35059,336.8,0.33,0.55,2026-09-06,0818,N20,nominal,2.0NRT,290.09,4,D
8.02521,80.6302,339.07,0.45,0.39,2026-09-06,0813,N20,nominal,2.0NRT,301.37,3.74,D
21.10128,72.65502,335.5,0.41,0.37,2026-09-06,0818,N20,low,2.0NRT,299.25,5.59,D
8.02462,80.62609,333.9,0.45,0.39,2026-09-06,0813,N20,nominal,2.0NRT,300.7,3.74,D
21.10338,72.6466,336.51,0.41,0.37,2026-09-06,0818,N20,low,2.0NRT,301.02,7.78,D
8.02287,80.61383,351.25,0.45,0.39,2026-09-06,0813,N20,nominal,2.0NRT,301.78,5.26,D
21.10146,72.63491,336.9,0.41,0.37,2026-09-06,0818,N20,nominal,2.0NRT,300.88,8.87,D
8.02228,80.60974,336.7,0.45,0.39,2026-09-06,0813,N20,nominal,2.0NRT,300.52,5.26,D
8.02996,80.63786,330.96,0.45,0.39,2026-09-06,0813,N20,nominal,2.0NRT,300.07,4.32,D
21.10677,72.64597,342.58,0.41,0.37,2026-09-06,0818,N20,nominal,2.0NRT,301.86,17.78,D
7.9535,80.10691,336.25,0.43,0.38,2026-09-06,0813,N20,nominal,2.0NRT,301.02,4.93,D
22.49699,70.026,338.11,0.5,0.41,2026-09-06,0820,N20,nominal,2.0NRT,300.52,7.52,D
8.03471,80.64554,336.73,0.46,0.39,2026-09-06,0813,N20,nominal,2.0NRT,301.99,5.8,D
25.70864,73.5811,335.02,0.38,0.36,2026-09-06,0820,N20,nominal,2.0NRT,303.1,3.26,D
7.99982,80.37775,337.15,0.44,0.39,2026-09-06,0813,N20,nominal,2.0NRT,302.47,6.37,D
27.24643,67.036,344.33,0.41,0.45,2026-09-06,0820,N20,nominal,2.0NRT,313.68,3.57,D
8.00335,80.37724,344.29,0.44,0.39,2026-09-06,0813,N20,nominal,2.0NRT,302.18,6.37,D
8.02489,80.50138,332.81,0.45,0.39,2026-09-06,0813,N20,nominal,2.0NRT,301.06,3.48,D
27.24624,67.03648,343.32,0.41,0.45,2026-09-06,0820,N20,nominal,2.0NRT,314.34,4.53,D
8.0243,80.49733,333.82,0.45,0.39,2026-09-06,0813,N20,nominal,2.0NRT,300.98,3.29,D
30.03691,72.87792,334.7,0.39,0.36,2026-09-06,0822,N20,nominal,2.0NRT,303.93,2.28,D
7.96142,80.01473,346.69,0.43,0.38,2026-09-06,0813,N20,nominal,2.0NRT,301.8,8.68,D
31.13125,74.60674,333.54,0.43,0.38,2026-09-06,0822,N20,nominal,2.0NRT,297.54,4.08,D
8.05855,80.65893,342.6,0.46,0.39,2026-09-06,0813,N20,nominal,2.0NRT,301.81,7.96,D
31.99819,78.26247,349.53,0.43,0.46,2026-09-06,0822,N20,nominal,2.0NRT,315.66,14.92,D
8.0532,80.62189,337.67,0.45,0.39,2026-09-06,0813,N20,nominal,2.0NRT,300.72,4.09,D
31.49242,72.11179,335.74,0.38,0.36,2026-09-06,0822,N20,nominal,2.0NRT,303.24,3.41,D
7.96828,80.03739,335.5,0.43,0.38,2026-09-06,0813,N20,nominal,2.0NRT,294.55,4.1,D
34.31435,60.67947,339.69,0.33,0.55,2026-09-06,0822,N20,nominal,2.0NRT,313.78,1.5,D
8.06035,80.64606,335.68,0.46,0.39,2026-09-06,0813,N20,nominal,2.0NRT,301.96,5.49,D
35.83666,63.00243,347.95,0.46,0.47,2026-09-06,0824,N20,low,2.0NRT,318.94,29.15,D
7.99793,80.21613,336.03,0.44,0.38,2026-09-06,0813,N20,nominal,2.0NRT,298.5,2.55,D
35.84084,63.00094,352.79,0.46,0.47,2026-09-06,0824,N20,nominal,2.0NRT,321.67,27.69,D
8.02279,80.36218,333.74,0.44,0.39,2026-09-06,0813,N20,nominal,2.0NRT,300.68,6.68,D
35.83974,62.99598,367,0.46,0.47,2026-09-06,0824,N20,low,2.0NRT,325.52,27.69,D
8.02221,80.3582,337.86,0.44,0.38,2026-09-06,0813,N20,nominal,2.0NRT,301.04,3.03,D
36.78183,67.37997,342.26,0.43,0.38,2026-09-06,0824,N20,low,2.0NRT,315.08,4.36,D
8.04267,80.47402,331.37,0.45,0.39,2026-09-06,0813,N20,nominal,2.0NRT,299.4,1.79,D
36.1517,58.69634,339.19,0.38,0.59,2026-09-06,0824,N20,low,2.0NRT,310.87,2.68,D
8.02632,80.36166,331.52,0.44,0.39,2026-09-06,0813,N20,nominal,2.0NRT,300.03,2.9,D
37.11946,62.36502,346.03,0.46,0.47,2026-09-06,0824,N20,low,2.0NRT,320.61,15.3,D
8.01535,80.26189,347.27,0.44,0.38,2026-09-06,0813,N20,nominal,2.0NRT,302.56,12.76,D
38.05619,65.50451,339.52,0.48,0.4,2026-09-06,0824,N20,low,2.0NRT,314.39,4.18,D
8.05332,80.47249,335.43,0.45,0.39,2026-09-06,0813,N20,nominal,2.0NRT,300.13,2.53,D
38.05626,65.50266,347.23,0.48,0.4,2026-09-06,0824,N20,nominal,2.0NRT,317.26,6.2,D
8.03632,80.35615,343.2,0.44,0.38,2026-09-06,0813,N20,nominal,2.0NRT,302.02,10.18,D
38.08646,65.56068,338.49,0.47,0.4,2026-09-06,0824,N20,low,2.0NRT,311.17,4.11,D
8.07462,80.54377,333.49,0.45,0.39,2026-09-06,0813,N20,nominal,2.0NRT,299.65,2.74,D
38.09003,65.55959,345.73,0.47,0.4,2026-09-06,0824,N20,nominal,2.0NRT,317.14,7,D
8.05042,80.37853,332.73,0.44,0.39,2026-09-06,0813,N20,nominal,2.0NRT,299.78,6.51,D
37.09472,60.60713,342.3,0.57,0.52,2026-09-06,0824,N20,nominal,2.0NRT,311.22,8.4,D
8.07878,80.54733,341.35,0.45,0.39,2026-09-06,0813,N20,nominal,2.0NRT,297.25,2.74,D
8.05806,80.40604,338.11,0.44,0.39,2026-09-06,0813,N20,nominal,2.0NRT,300.68,5.86,D
8.05747,80.40203,331.15,0.44,0.39,2026-09-06,0813,N20,nominal,2.0NRT,299.86,5.59,D
8.05688,80.39803,338.45,0.44,0.39,2026-09-06,0813,N20,nominal,2.0NRT,301.53,5.59,D
8.00938,80.05111,335.74,0.43,0.38,2026-09-06,0813,N20,nominal,2.0NRT,301.26,12.8,D
8.09006,80.54984,339.59,0.45,0.39,2026-09-06,0813,N20,nominal,2.0NRT,300.36,3.7,D
8.13583,80.73645,336.66,0.46,0.39,2026-09-06,0813,N20,nominal,2.0NRT,300.87,6.79,D
8.06803,80.22999,337.09,0.44,0.38,2026-09-06,0813,N20,nominal,2.0NRT,301.12,4.47,D
8.12827,80.61111,337.3,0.45,0.39,2026-09-06,0813,N20,nominal,2.0NRT,298.33,6.34,D
8.12702,80.61101,337.67,0.45,0.39,2026-09-06,0813,N20,nominal,2.0NRT,298,6.44,D
8.16569,80.72771,335.38,0.46,0.39,2026-09-06,0813,N20,nominal,2.0NRT,298.91,3.87,D
8.15444,80.59864,331.39,0.45,0.39,2026-09-06,0813,N20,nominal,2.0NRT,300.89,4.5,D
8.16397,80.58891,338.65,0.45,0.39,2026-09-06,0813,N20,nominal,2.0NRT,301.94,5.02,D
8.14275,80.44252,331.49,0.45,0.39,2026-09-06,0813,N20,nominal,2.0NRT,297.6,2.48,D
8.10052,80.15243,340.66,0.43,0.38,2026-09-06,0813,N20,nominal,2.0NRT,299.16,8.89,D
8.18664,80.69491,334.2,0.46,0.39,2026-09-06,0813,N20,nominal,2.0NRT,302.41,4.81,D
8.17231,80.59605,332.62,0.45,0.39,2026-09-06,0813,N20,nominal,2.0NRT,301.51,4.94,D
8.12827,80.29346,335.67,0.44,0.38,2026-09-06,0813,N20,nominal,2.0NRT,299.94,5.03,D
8.12769,80.28949,337.32,0.44,0.38,2026-09-06,0813,N20,nominal,2.0NRT,301.27,5.03,D
8.15989,80.43587,338.54,0.45,0.39,2026-09-06,0813,N20,nominal,2.0NRT,301.68,3.92,D
8.1593,80.43186,333.31,0.45,0.39,2026-09-06,0813,N20,nominal,2.0NRT,300.81,3.92,D
8.21431,80.75893,330.23,0.46,0.39,2026-09-06,0813,N20,nominal,2.0NRT,300.11,3.09,D
8.17289,80.45047,335.1,0.45,0.39,2026-09-06,0813,N20,nominal,2.0NRT,301.18,3.65,D
8.2045,80.61651,339.36,0.46,0.39,2026-09-06,0813,N20,nominal,2.0NRT,302.51,9,D
8.2354,80.77721,337.94,0.46,0.39,2026-09-06,0813,N20,nominal,2.0NRT,302.36,4.18,D
8.22921,80.71003,337.22,0.46,0.39,2026-09-06,0813,N20,nominal,2.0NRT,301.19,3.68,D
8.21635,80.57297,342.06,0.45,0.39,2026-09-06,0813,N20,nominal,2.0NRT,303.1,10.12,D
8.21932,80.56836,333.33,0.45,0.39,2026-09-06,0813,N20,nominal,2.0NRT,301.12,4.82,D
8.22349,80.57193,348.68,0.45,0.39,2026-09-06,0813,N20,nominal,2.0NRT,304.25,23.39,D
8.22289,80.56785,331.57,0.45,0.39,2026-09-06,0813,N20,nominal,2.0NRT,300.93,5.15,D
8.26654,80.77808,340.39,0.46,0.39,2026-09-06,0813,N20,nominal,2.0NRT,301.18,9.18,D
8.20672,80.35995,337.73,0.44,0.39,2026-09-06,0813,N20,nominal,2.0NRT,299.86,2.2,D
8.24582,80.60724,331.6,0.46,0.39,2026-09-06,0813,N20,nominal,2.0NRT,297.41,3.39,D
8.2459,80.55694,340.3,0.45,0.39,2026-09-06,0813,N20,nominal,2.0NRT,300.13,5.56,D
8.22428,80.40664,338.64,0.45,0.39,2026-09-06,0813,N20,nominal,2.0NRT,302.47,7.67,D
8.2237,80.40259,339.05,0.45,0.39,2026-09-06,0813,N20,nominal,2.0NRT,302.66,6.21,D
8.25956,80.57584,339.13,0.45,0.39,2026-09-06,0813,N20,nominal,2.0NRT,299.01,13.87,D
8.26314,80.57533,337.7,0.45,0.39,2026-09-06,0813,N20,nominal,2.0NRT,301.82,13.87,D
8.22683,80.32432,337.52,0.44,0.39,2026-09-06,0813,N20,nominal,2.0NRT,300.75,2.88,D
8.26849,80.58709,338.9,0.45,0.39,2026-09-06,0813,N20,nominal,2.0NRT,300.93,4.2,D
8.25667,80.50534,335.88,0.45,0.39,2026-09-06,0813,N20,nominal,2.0NRT,302.13,7.1,D
8.27444,80.60302,333.47,0.46,0.39,2026-09-06,0813,N20,nominal,2.0NRT,302.11,5.13,D
8.24506,80.32575,340.66,0.44,0.39,2026-09-06,0813,N20,nominal,2.0NRT,299.01,4.29,D
8.24859,80.32524,330.93,0.44,0.39,2026-09-06,0813,N20,nominal,2.0NRT,298.83,4.29,D
8.23986,80.26546,341.08,0.44,0.38,2026-09-06,0813,N20,nominal,2.0NRT,297.03,2.29,D
8.29712,80.60815,344.64,0.46,0.39,2026-09-06,0813,N20,nominal,2.0NRT,298.88,9.41,D
8.29292,80.57938,343.29,0.45,0.39,2026-09-06,0813,N20,nominal,2.0NRT,300.64,15.53,D
8.2365,80.16909,336.66,0.44,0.38,2026-09-06,0813,N20,nominal,2.0NRT,297.89,2.32,D
8.23592,80.16515,340.44,0.44,0.38,2026-09-06,0813,N20,nominal,2.0NRT,303.23,5,D
8.22959,80.12205,332.38,0.43,0.38,2026-09-06,0813,N20,nominal,2.0NRT,299.26,2.03,D
8.2592,80.29923,338.7,0.44,0.38,2026-09-06,0813,N20,nominal,2.0NRT,299.2,3.17,D
8.23943,80.16464,333.14,0.44,0.38,2026-09-06,0813,N20,nominal,2.0NRT,300.33,5,D
8.25687,80.25889,333.91,0.44,0.38,2026-09-06,0813,N20,nominal,2.0NRT,301.96,3.64,D
8.25629,80.25491,336.61,0.44,0.38,2026-09-06,0813,N20,nominal,2.0NRT,302.26,3.64,D
8.30719,80.55222,335.34,0.45,0.39,2026-09-06,0813,N20,nominal,2.0NRT,301.76,2.76,D
8.31076,80.5517,335.92,0.45,0.39,2026-09-06,0813,N20,nominal,2.0NRT,299.8,2.76,D
8.30057,80.48235,342.88,0.45,0.39,2026-09-06,0813,N20,nominal,2.0NRT,300.76,4.16,D
8.31313,80.54298,338.42,0.45,0.39,2026-09-06,0813,N20,nominal,2.0NRT,301.7,1.85,D
8.25463,80.14638,334.2,0.44,0.38,2026-09-06,0813,N20,nominal,2.0NRT,301.39,2.48,D
8.25405,80.14247,330.18,0.43,0.38,2026-09-06,0813,N20,low,2.0NRT,300.68,2.48,D
8.24941,80.11111,341.25,0.43,0.38,2026-09-06,0813,N20,nominal,2.0NRT,302.94,6.63,D
8.27096,80.18414,337.85,0.44,0.38,2026-09-06,0813,N20,nominal,2.0NRT,301.15,3.62,D
8.27857,80.18705,332.45,0.44,0.38,2026-09-06,0813,N20,nominal,2.0NRT,301.54,2.6,D
8.27915,80.16686,333.77,0.44,0.38,2026-09-06,0813,N20,nominal,2.0NRT,299.31,2.2,D
8.27856,80.16294,338.25,0.44,0.38,2026-09-06,0813,N20,nominal,2.0NRT,300.69,2.2,D
8.28004,80.16688,331.92,0.44,0.38,2026-09-06,0813,N20,nominal,2.0NRT,300.73,1.6,D
8.30064,80.28527,332,0.44,0.38,2026-09-06,0813,N20,nominal,2.0NRT,299.51,6.28,D
8.36728,80.72576,335.7,0.46,0.39,2026-09-06,0813,N20,nominal,2.0NRT,300.92,4.57,D
8.30712,80.28026,335.28,0.44,0.38,2026-09-06,0813,N20,nominal,2.0NRT,299.22,5.18,D
8.29568,80.20081,344.62,0.44,0.38,2026-09-06,0813,N20,nominal,2.0NRT,297.56,4.5,D
8.2934,80.18505,331.82,0.44,0.38,2026-09-06,0813,N20,nominal,2.0NRT,299.81,1.58,D
8.29283,80.18109,338.48,0.44,0.38,2026-09-06,0813,N20,nominal,2.0NRT,301.13,3.08,D
8.38829,80.82144,347.86,0.47,0.4,2026-09-06,0813,N20,nominal,2.0NRT,298.15,6.49,D
8.29919,80.2003,335.13,0.44,0.38,2026-09-06,0813,N20,nominal,2.0NRT,298.76,1.6,D
8.38589,80.77874,340.62,0.47,0.39,2026-09-06,0813,N20,nominal,2.0NRT,301.3,10.83,D
8.38349,80.76193,347.85,0.46,0.39,2026-09-06,0813,N20,nominal,2.0NRT,302.7,11.41,D
8.31706,80.2992,339.93,0.44,0.39,2026-09-06,0813,N20,nominal,2.0NRT,300.43,2.82,D
8.3027,80.19979,336.5,0.44,0.38,2026-09-06,0813,N20,nominal,2.0NRT,299.79,1.6,D
8.32116,80.30267,333.36,0.44,0.39,2026-09-06,0813,N20,nominal,2.0NRT,300.18,10.18,D
8.32469,80.30215,339.68,0.44,0.39,2026-09-06,0813,N20,nominal,2.0NRT,301.39,10.18,D
8.36684,80.56914,336.21,0.45,0.39,2026-09-06,0813,N20,nominal,2.0NRT,303.55,6.98,D
8.36625,80.56503,336.95,0.45,0.39,2026-09-06,0813,N20,nominal,2.0NRT,301.43,3.84,D
8.32142,80.20514,338.33,0.44,0.38,2026-09-06,0813,N20,nominal,2.0NRT,302.13,1.97,D
8.39549,80.66624,333.35,0.46,0.39,2026-09-06,0813,N20,nominal,2.0NRT,301.7,4.22,D
8.40028,80.67403,341.7,0.46,0.39,2026-09-06,0813,N20,nominal,2.0NRT,303.18,9.63,D
8.39968,80.66987,339.08,0.46,0.39,2026-09-06,0813,N20,nominal,2.0NRT,302.61,4.22,D
8.39189,80.59074,333.66,0.46,0.39,2026-09-06,0813,N20,nominal,2.0NRT,300.79,1.45,D
8.3966,80.49786,332.36,0.45,0.39,2026-09-06,0813,N20,nominal,2.0NRT,301.31,3.11,D
8.39835,80.43536,337.77,0.45,0.39,2026-09-06,0813,N20,nominal,2.0NRT,298.11,4.33,D
8.39891,80.38981,337.46,0.45,0.39,2026-09-06,0813,N20,nominal,2.0NRT,299.75,3.23,D
8.3677,80.17822,335.7,0.44,0.38,2026-09-06,0813,N20,nominal,2.0NRT,302.41,5.38,D
8.45636,80.75574,347.02,0.46,0.39,2026-09-06,0813,N20,nominal,2.0NRT,301.68,9.8,D
8.45574,80.75153,344.4,0.46,0.39,2026-09-06,0813,N20,nominal,2.0NRT,298.31,9.8,D
8.42704,80.55621,333.6,0.45,0.39,2026-09-06,0813,N20,nominal,2.0NRT,300.71,3.18,D
8.40245,80.38931,333.69,0.45,0.39,2026-09-06,0813,N20,nominal,2.0NRT,299.63,3.23,D
8.47653,80.81748,337.17,0.47,0.4,2026-09-06,0813,N20,nominal,2.0NRT,302.59,29.86,D
8.47217,80.78788,337.42,0.47,0.39,2026-09-06,0813,N20,nominal,2.0NRT,299.37,6.42,D
8.41959,80.38272,331.04,0.45,0.39,2026-09-06,0813,N20,nominal,2.0NRT,299.97,4.56,D
8.39406,80.21074,337.49,0.44,0.38,2026-09-06,0813,N20,nominal,2.0NRT,299.92,2.56,D
8.48303,80.78632,338.06,0.47,0.39,2026-09-06,0813,N20,nominal,2.0NRT,301.53,18.22,D
8.42314,80.38222,337.32,0.45,0.39,2026-09-06,0813,N20,nominal,2.0NRT,298.88,4.56,D
8.41894,80.35398,331.41,0.45,0.39,2026-09-06,0813,N20,nominal,2.0NRT,300.47,2.3,D
8.41655,80.33785,340.39,0.44,0.39,2026-09-06,0813,N20,nominal,2.0NRT,302.19,5.49,D
8.41595,80.33384,340.54,0.44,0.39,2026-09-06,0813,N20,nominal,2.0NRT,303.57,6.79,D
8.39757,80.21023,332.18,0.44,0.38,2026-09-06,0813,N20,nominal,2.0NRT,301.44,2.56,D
8.45394,80.62476,335.77,0.46,0.39,2026-09-06,0813,N20,nominal,2.0NRT,297.83,3.42,D
8.39485,80.21114,341.56,0.44,0.38,2026-09-06,0813,N20,nominal,2.0NRT,300.55,2.72,D
8.38802,80.16364,332.87,0.44,0.38,2026-09-06,0813,N20,nominal,2.0NRT,299.27,5.36,D
8.48015,80.78344,339.42,0.47,0.39,2026-09-06,0813,N20,nominal,2.0NRT,302.14,13.13,D
8.42249,80.37884,337.81,0.45,0.39,2026-09-06,0813,N20,nominal,2.0NRT,299.95,9.05,D
8.41671,80.33846,337.53,0.44,0.39,2026-09-06,0813,N20,nominal,2.0NRT,301.87,5.16,D
8.41613,80.33443,347.43,0.44,0.39,2026-09-06,0813,N20,nominal,2.0NRT,303.48,8.65,D
8.39836,80.21062,332.49,0.44,0.38,2026-09-06,0813,N20,nominal,2.0NRT,301.49,2.72,D
8.48377,80.78291,336.89,0.47,0.39,2026-09-06,0813,N20,nominal,2.0NRT,299.33,4.17,D
8.47358,80.71126,334.42,0.46,0.39,2026-09-06,0813,N20,nominal,2.0NRT,301.95,4.46,D
8.42082,80.34197,342.48,0.45,0.39,2026-09-06,0813,N20,nominal,2.0NRT,302.05,6.21,D
8.42025,80.33794,348.66,0.44,0.39,2026-09-06,0813,N20,nominal,2.0NRT,303.19,6.21,D
8.49644,80.84603,342.08,0.47,0.4,2026-09-06,0813,N20,nominal,2.0NRT,299.84,5.81,D
8.49221,80.81628,352.36,0.47,0.4,2026-09-06,0813,N20,nominal,2.0NRT,302.24,18.65,D
8.48318,80.75284,335.9,0.47,0.39,2026-09-06,0813,N20,nominal,2.0NRT,300.24,7.5,D
8.48258,80.74863,346.16,0.47,0.39,2026-09-06,0813,N20,nominal,2.0NRT,302.01,7.5,D
8.4261,80.35358,333.93,0.45,0.39,2026-09-06,0813,N20,nominal,2.0NRT,302.01,4.56,D
8.49644,80.82,339.51,0.47,0.4,2026-09-06,0813,N20,nominal,2.0NRT,302.46,17.59,D
8.49584,80.81576,337.21,0.47,0.4,2026-09-06,0813,N20,nominal,2.0NRT,303.09,17.59,D
8.49342,80.79879,334.64,0.47,0.4,2026-09-06,0813,N20,nominal,2.0NRT,301,6.47,D
8.4844,80.73547,341.86,0.46,0.39,2026-09-06,0813,N20,nominal,2.0NRT,302.37,10.65,D
8.44945,80.49104,336.13,0.45,0.39,2026-09-06,0813,N20,nominal,2.0NRT,297.9,2.13,D
8.41523,80.2529,334.11,0.44,0.38,2026-09-06,0813,N20,nominal,2.0NRT,299.23,2.73,D
8.41466,80.24891,333.42,0.44,0.38,2026-09-06,0813,N20,nominal,2.0NRT,300.77,2.73,D
8.48861,80.73914,337.9,0.46,0.39,2026-09-06,0813,N20,nominal,2.0NRT,301.31,9.2,D
8.47011,80.60973,334.54,0.46,0.39,2026-09-06,0813,N20,nominal,2.0NRT,301.57,3.37,D
8.49162,80.73441,337.88,0.46,0.39,2026-09-06,0813,N20,nominal,2.0NRT,299.1,7.48,D
8.43209,80.31983,339.38,0.44,0.39,2026-09-06,0813,N20,nominal,2.0NRT,301.64,5.77,D
8.45721,80.46904,339.46,0.45,0.39,2026-09-06,0813,N20,nominal,2.0NRT,299.61,4.77,D
8.45662,80.46497,349.29,0.45,0.39,2026-09-06,0813,N20,nominal,2.0NRT,301.71,4.77,D
8.41603,80.18375,343.03,0.44,0.38,2026-09-06,0813,N20,nominal,2.0NRT,299.36,2.93,D
8.44212,80.31426,335.02,0.44,0.39,2026-09-06,0813,N20,nominal,2.0NRT,300.22,3.82,D
8.51882,80.82108,338.66,0.47,0.4,2026-09-06,0813,N20,nominal,2.0NRT,302.03,5.48,D
8.50002,80.69029,336.54,0.46,0.39,2026-09-06,0813,N20,nominal,2.0NRT,300.93,7.32,D
8.43297,80.20153,337.22,0.44,0.38,2026-09-06,0813,N20,nominal,2.0NRT,301.65,6.24,D
8.49522,80.60607,338.02,0.46,0.39,2026-09-06,0813,N20,nominal,2.0NRT,299.6,5.78,D
8.47739,80.48282,339.21,0.45,0.39,2026-09-06,0813,N20,nominal,2.0NRT,299.55,4.15,D
8.47326,80.45426,337.48,0.45,0.39,2026-09-06,0813,N20,nominal,2.0NRT,298.57,4.62,D
8.53154,80.83228,336.11,0.47,0.4,2026-09-06,0813,N20,nominal,2.0NRT,301.43,3.78,D
8.52848,80.81101,333.84,0.47,0.4,2026-09-06,0813,N20,nominal,2.0NRT,300.57,1.75,D
8.54132,80.87437,344.91,0.47,0.4,2026-09-06,0813,N20,nominal,2.0NRT,300.47,9.3,D
8.53579,80.83601,347.32,0.47,0.4,2026-09-06,0813,N20,nominal,2.0NRT,301.52,10.95,D
8.52294,80.74702,333.81,0.47,0.39,2026-09-06,0813,N20,nominal,2.0NRT,302.14,6.08,D
8.48097,80.4573,334.81,0.45,0.39,2026-09-06,0813,N20,nominal,2.0NRT,298.69,2.65,D
8.54496,80.87386,340.1,0.47,0.4,2026-09-06,0813,N20,nominal,2.0NRT,301.28,9.3,D
8.54435,80.86959,337.1,0.47,0.4,2026-09-06,0813,N20,nominal,2.0NRT,302.28,9.3,D
8.53634,80.8142,338.65,0.47,0.4,2026-09-06,0813,N20,nominal,2.0NRT,302.47,5.38,D
8.50597,80.5792,342.17,0.46,0.39,2026-09-06,0813,N20,nominal,2.0NRT,301.04,19.55,D
8.53378,80.74544,333.27,0.47,0.39,2026-09-06,0813,N20,nominal,2.0NRT,300.13,5.59,D
8.51316,80.60349,341.58,0.46,0.39,2026-09-06,0813,N20,nominal,2.0NRT,301.29,3.36,D
8.51256,80.59935,336.18,0.46,0.39,2026-09-06,0813,N20,nominal,2.0NRT,301.02,3.36,D
8.52642,80.66941,335.52,0.46,0.39,2026-09-06,0813,N20,nominal,2.0NRT,301.28,2.03,D
8.51856,80.6154,333.77,0.46,0.39,2026-09-06,0813,N20,nominal,2.0NRT,300.93,6.15,D
8.51675,80.60298,343.77,0.46,0.39,2026-09-06,0813,N20,nominal,2.0NRT,301.45,6.18,D
8.51615,80.59883,341.49,0.46,0.39,2026-09-06,0813,N20,nominal,2.0NRT,301.88,6.18,D
8.56441,80.87979,341.27,0.47,0.4,2026-09-06,0813,N20,nominal,2.0NRT,299.42,3.6,D
8.4623,80.18108,338.97,0.44,0.38,2026-09-06,0813,N20,nominal,2.0NRT,302.21,7.82,D
8.5537,80.75546,334.52,0.47,0.39,2026-09-06,0813,N20,nominal,2.0NRT,297.37,7.24,D
8.55732,80.75494,341.17,0.47,0.39,2026-09-06,0813,N20,nominal,2.0NRT,299.2,7.24,D
8.51661,80.47708,345.1,0.45,0.39,2026-09-06,0813,N20,nominal,2.0NRT,301.47,5.57,D
8.57398,80.84352,337.2,0.47,0.4,2026-09-06,0813,N20,nominal,2.0NRT,301.18,5.41,D
8.54863,80.67046,331.38,0.46,0.39,2026-09-06,0813,N20,nominal,2.0NRT,299.64,4.13,D
8.56703,80.77081,333.48,0.47,0.39,2026-09-06,0813,N20,nominal,2.0NRT,300.22,4.31,D
8.56331,80.74543,337.69,0.47,0.39,2026-09-06,0813,N20,nominal,2.0NRT,298.54,6.64,D
8.55285,80.67412,333.51,0.46,0.39,2026-09-06,0813,N20,nominal,2.0NRT,299.13,4.13,D
8.53944,80.58282,342.53,0.46,0.39,2026-09-06,0813,N20,nominal,2.0NRT,297.32,5.71,D
8.57937,80.82968,332.91,0.47,0.4,2026-09-06,0813,N20,nominal,2.0NRT,299.38,5.26,D
8.54363,80.5864,332.47,0.46,0.39,2026-09-06,0813,N20,nominal,2.0NRT,300.17,4.7,D
8.54302,80.58228,344.77,0.46,0.39,2026-09-06,0813,N20,nominal,2.0NRT,300.35,9.95,D
8.49396,80.24951,335.95,0.44,0.38,2026-09-06,0813,N20,nominal,2.0NRT,301.37,4.03,D
8.49219,80.23755,337.6,0.44,0.38,2026-09-06,0813,N20,nominal,2.0NRT,301.02,3.08,D
8.4916,80.23357,337.51,0.44,0.38,2026-09-06,0813,N20,nominal,2.0NRT,301.75,4.07,D
8.546,80.57764,342.21,0.46,0.39,2026-09-06,0813,N20,nominal,2.0NRT,298.17,9.95,D
8.54539,80.57352,330.32,0.46,0.39,2026-09-06,0813,N20,nominal,2.0NRT,299.53,4.18,D
8.4963,80.21665,335.29,0.44,0.38,2026-09-06,0813,N20,nominal,2.0NRT,301.06,3.68,D
8.53133,80.40434,335.34,0.45,0.39,2026-09-06,0813,N20,nominal,2.0NRT,302.18,6.14,D
8.52953,80.3922,332.18,0.45,0.39,2026-09-06,0813,N20,nominal,2.0NRT,301.22,4.68,D
8.60573,80.88261,334.2,0.47,0.4,2026-09-06,0813,N20,nominal,2.0NRT,297.85,2.33,D
8.60131,80.85265,335.02,0.47,0.4,2026-09-06,0813,N20,nominal,2.0NRT,296.06,2.38,D
8.5308,80.40475,334.93,0.45,0.39,2026-09-06,0813,N20,nominal,2.0NRT,302.06,6.09,D
8.60616,80.8833,334.92,0.47,0.4,2026-09-06,0813,N20,nominal,2.0NRT,296.61,5.26,D
8.60131,80.84901,336.57,0.47,0.4,2026-09-06,0813,N20,nominal,2.0NRT,298.93,4.81,D
8.52632,80.32283,334.03,0.45,0.39,2026-09-06,0813,N20,nominal,2.0NRT,300.62,3.5,D
8.58149,80.68341,340.04,0.46,0.39,2026-09-06,0813,N20,nominal,2.0NRT,300.11,9.03,D
8.57553,80.64159,341.71,0.46,0.39,2026-09-06,0813,N20,nominal,2.0NRT,296.36,2.43,D
8.50975,80.18241,355.38,0.44,0.38,2026-09-06,0813,N20,nominal,2.0NRT,303.97,31.59,D
8.50918,80.17844,349.14,0.44,0.38,2026-09-06,0813,N20,nominal,2.0NRT,307.54,31.59,D
8.50861,80.17448,336.15,0.44,0.38,2026-09-06,0813,N20,nominal,2.0NRT,301.12,7.12,D
8.51384,80.18586,330.88,0.44,0.38,2026-09-06,0813,N20,nominal,2.0NRT,297.64,9.53,D
8.51327,80.18189,337.32,0.44,0.38,2026-09-06,0813,N20,nominal,2.0NRT,300.26,32.84,D
8.58811,80.65256,335.58,0.46,0.39,2026-09-06,0813,N20,nominal,2.0NRT,297.84,4.87,D
8.59651,80.68553,331.64,0.46,0.39,2026-09-06,0813,N20,nominal,2.0NRT,298.45,4.6,D
8.59291,80.66039,334.76,0.46,0.39,2026-09-06,0813,N20,nominal,2.0NRT,297.81,2.06,D
8.57392,80.50258,332.55,0.45,0.39,2026-09-06,0813,N20,nominal,2.0NRT,301.11,2.25,D
8.56103,80.38787,331.52,0.45,0.39,2026-09-06,0813,N20,nominal,2.0NRT,299.63,2.85,D
8.57456,80.45646,340.41,0.45,0.39,2026-09-06,0813,N20,nominal,2.0NRT,297.02,6.12,D
8.61636,80.69553,332.76,0.46,0.39,2026-09-06,0813,N20,nominal,2.0NRT,300.09,4.09,D
8.59653,80.55806,336.16,0.46,0.39,2026-09-06,0813,N20,nominal,2.0NRT,297.37,7.01,D
8.56407,80.3338,338.62,0.45,0.39,2026-09-06,0813,N20,nominal,2.0NRT,302.04,6.77,D
8.56173,80.31769,345.97,0.45,0.39,2026-09-06,0813,N20,nominal,2.0NRT,298.46,4.96,D
8.61997,80.69501,331.59,0.46,0.39,2026-09-06,0813,N20,nominal,2.0NRT,300.47,4.09,D
8.61271,80.64471,335.44,0.46,0.39,2026-09-06,0813,N20,nominal,2.0NRT,297.09,6.17,D
8.60071,80.56167,338.48,0.46,0.39,2026-09-06,0813,N20,nominal,2.0NRT,295.39,10.19,D
8.60667,80.52712,336.38,0.46,0.39,2026-09-06,0813,N20,nominal,2.0NRT,296.15,7.37,D
8.57706,80.32365,341.35,0.45,0.39,2026-09-06,0813,N20,nominal,2.0NRT,302.17,7.17,D
8.60487,80.46458,338.85,0.45,0.39,2026-09-06,0813,N20,nominal,2.0NRT,302.98,14.6,D
8.66316,80.84009,331.21,0.47,0.4,2026-09-06,0813,N20,nominal,2.0NRT,300.3,2.3,D
8.6126,80.46765,337.07,0.45,0.39,2026-09-06,0813,N20,nominal,2.0NRT,300.61,5.6,D
8.64687,80.62698,340.52,0.46,0.39,2026-09-06,0813,N20,nominal,2.0NRT,299.54,5.28,D
8.63414,80.54001,342.98,0.46,0.39,2026-09-06,0813,N20,nominal,2.0NRT,301.43,7.69,D
8.61612,80.41712,336.73,0.45,0.39,2026-09-06,0813,N20,nominal,2.0NRT,300.98,6.81,D
8.61552,80.41306,336.49,0.45,0.39,2026-09-06,0813,N20,nominal,2.0NRT,299.93,6.58,D
8.65047,80.62647,333.64,0.46,0.39,2026-09-06,0813,N20,nominal,2.0NRT,298.52,4.09,D
8.65975,80.5153,340.01,0.46,0.39,2026-09-06,0813,N20,nominal,2.0NRT,296.32,3.74,D
8.65914,80.5112,332.79,0.45,0.39,2026-09-06,0813,N20,nominal,2.0NRT,299.59,3.74,D
8.65805,80.51152,332.83,0.46,0.39,2026-09-06,0813,N20,nominal,2.0NRT,299.73,4.53,D
8.66222,80.5151,341.53,0.46,0.39,2026-09-06,0813,N20,nominal,2.0NRT,298.07,5.97,D
8.69863,80.41361,337.98,0.45,0.39,2026-09-06,0813,N20,nominal,2.0NRT,300.53,5.61,D
8.67861,80.27605,347.82,0.44,0.39,2026-09-06,0813,N20,nominal,2.0NRT,301.58,14.25,D
8.72425,80.51451,336.02,0.46,0.39,2026-09-06,0813,N20,nominal,2.0NRT,298.54,3.43,D
8.72365,80.51039,338.81,0.46,0.39,2026-09-06,0813,N20,nominal,2.0NRT,300.68,3.43,D
8.74937,80.53613,338.05,0.46,0.39,2026-09-06,0813,N20,nominal,2.0NRT,301.62,6.96,D
8.74876,80.532,346.1,0.46,0.39,2026-09-06,0813,N20,nominal,2.0NRT,301.61,6.96,D
8.7736,80.5374,348.92,0.46,0.39,2026-09-06,0813,N20,nominal,2.0NRT,300.17,12.49,D
8.83425,80.78182,340.17,0.47,0.4,2026-09-06,0813,N20,nominal,2.0NRT,299.17,4.34,D
8.80527,80.57945,342.85,0.46,0.39,2026-09-06,0813,N20,nominal,2.0NRT,301.29,8.11,D
8.83302,80.74734,337.32,0.47,0.4,2026-09-06,0813,N20,nominal,2.0NRT,296.95,3.14,D
8.81066,80.56594,340.41,0.46,0.39,2026-09-06,0813,N20,nominal,2.0NRT,298.15,7.62,D
8.81006,80.56178,335.48,0.46,0.39,2026-09-06,0813,N20,nominal,2.0NRT,298.9,7.47,D
8.79756,80.47495,342.14,0.45,0.39,2026-09-06,0813,N20,nominal,2.0NRT,300.97,8.62,D
8.88293,80.83604,347.05,0.47,0.4,2026-09-06,0813,N20,nominal,2.0NRT,299.53,8.27,D
8.88169,80.82746,336.14,0.47,0.4,2026-09-06,0813,N20,nominal,2.0NRT,297.55,4.39,D
8.82252,80.37099,333.43,0.45,0.39,2026-09-06,0813,N20,nominal,2.0NRT,297.52,1.48,D
8.8566,80.479,335.97,0.46,0.39,2026-09-06,0816,N20,nominal,2.0NRT,299.64,2.88,D
8.86625,80.51975,332.98,0.46,0.39,2026-09-06,0816,N20,nominal,2.0NRT,298.94,5.5,D
8.90184,80.71144,333.15,0.47,0.4,2026-09-06,0816,N20,nominal,2.0NRT,294.54,2.7,D
8.86248,80.44457,341.14,0.45,0.39,2026-09-06,0816,N20,nominal,2.0NRT,298.55,4.54,D
8.49291,77.97705,347.7,0.39,0.36,2026-09-06,0816,N20,nominal,2.0NRT,303.95,7.11,D
8.87458,80.50169,337.34,0.46,0.39,2026-09-06,0816,N20,nominal,2.0NRT,296.11,2.76,D
8.8616,80.44554,338.7,0.45,0.39,2026-09-06,0816,N20,nominal,2.0NRT,297.79,5.95,D
8.88938,80.58956,343.63,0.46,0.39,2026-09-06,0816,N20,nominal,2.0NRT,301.37,4.76,D
8.89357,80.59322,338.76,0.46,0.39,2026-09-06,0816,N20,nominal,2.0NRT,300.37,4.76,D
8.89298,80.58905,340.57,0.46,0.39,2026-09-06,0816,N20,nominal,2.0NRT,301.01,4.76,D
8.87467,80.46043,334.06,0.46,0.39,2026-09-06,0816,N20,nominal,2.0NRT,297.6,5.82,D
8.87408,80.45631,331.92,0.45,0.39,2026-09-06,0816,N20,nominal,2.0NRT,298.02,5.82,D
8.92971,80.82182,330.89,0.47,0.4,2026-09-06,0816,N20,nominal,2.0NRT,295.9,5.34,D
8.92484,80.78749,336.6,0.47,0.4,2026-09-06,0816,N20,nominal,2.0NRT,298.84,7.29,D
8.92423,80.7832,342.32,0.47,0.4,2026-09-06,0816,N20,nominal,2.0NRT,299.82,7.29,D
8.88237,80.48882,340.29,0.46,0.39,2026-09-06,0816,N20,nominal,2.0NRT,300.27,4.7,D
8.93396,80.8256,341.48,0.47,0.4,2026-09-06,0816,N20,nominal,2.0NRT,298.16,4.94,D
8.93881,80.80737,336.72,0.47,0.4,2026-09-06,0816,N20,nominal,2.0NRT,296.41,3.94,D
8.94307,80.81113,338,0.47,0.4,2026-09-06,0816,N20,nominal,2.0NRT,297.67,6.56,D
8.89138,80.44965,339.61,0.45,0.39,2026-09-06,0816,N20,nominal,2.0NRT,300.42,7.92,D
8.89144,80.39935,335.38,0.45,0.39,2026-09-06,0816,N20,nominal,2.0NRT,299.12,4.68,D
8.91819,80.5343,336.62,0.46,0.39,2026-09-06,0816,N20,nominal,2.0NRT,299.16,3.99,D
8.91283,80.4465,341.2,0.45,0.39,2026-09-06,0816,N20,nominal,2.0NRT,300.11,5.46,D
8.91045,80.43008,331.7,0.45,0.39,2026-09-06,0816,N20,nominal,2.0NRT,297.62,3.28,D
8.96674,80.79459,338.3,0.47,0.4,2026-09-06,0816,N20,nominal,2.0NRT,300.06,6.53,D
8.97038,80.79406,340.51,0.47,0.4,2026-09-06,0816,N20,nominal,2.0NRT,299.59,5.45,D
8.91819,80.43314,339.08,0.45,0.39,2026-09-06,0816,N20,nominal,2.0NRT,298.48,6.59,D
8.9176,80.42904,337.17,0.45,0.39,2026-09-06,0816,N20,nominal,2.0NRT,299.97,6.47,D
8.97402,80.79353,341.66,0.47,0.4,2026-09-06,0816,N20,nominal,2.0NRT,300.21,5.45,D
8.97766,80.79301,346.02,0.47,0.4,2026-09-06,0816,N20,nominal,2.0NRT,301.43,10.2,D
8.98673,80.77858,344.63,0.47,0.4,2026-09-06,0816,N20,nominal,2.0NRT,300.6,15.72,D
8.98424,80.76144,346.27,0.47,0.4,2026-09-06,0816,N20,nominal,2.0NRT,299.9,5.26,D
8.92889,80.38142,333.56,0.45,0.39,2026-09-06,0816,N20,nominal,2.0NRT,296.95,3.9,D
8.92829,80.37733,333.55,0.45,0.39,2026-09-06,0816,N20,nominal,2.0NRT,297.69,3.01,D
8.98849,80.76519,338.72,0.47,0.4,2026-09-06,0816,N20,nominal,2.0NRT,299.42,2.93,D
8.58826,78.02264,342.12,0.39,0.36,2026-09-06,0816,N20,nominal,2.0NRT,304.31,6.38,D
8.96428,80.52345,340.6,0.46,0.39,2026-09-06,0816,N20,nominal,2.0NRT,300.23,4.53,D
8.60927,77.95816,338.51,0.39,0.36,2026-09-06,0816,N20,nominal,2.0NRT,304.16,4.67,D
8.63825,78.06062,337.95,0.39,0.36,2026-09-06,0816,N20,nominal,2.0NRT,301.2,2.55,D
8.64208,78.06361,337.16,0.39,0.36,2026-09-06,0816,N20,nominal,2.0NRT,302.68,4.23,D
8.64155,78.06013,335.38,0.39,0.36,2026-09-06,0816,N20,nominal,2.0NRT,303.31,4.76,D
8.98671,80.06094,330.9,0.44,0.38,2026-09-06,0816,N20,nominal,2.0NRT,296.53,3.2,D
9.08119,80.50713,335.87,0.46,0.39,2026-09-06,0816,N20,nominal,2.0NRT,299.22,4.46,D
9.0974,80.29982,344.55,0.45,0.39,2026-09-06,0816,N20,nominal,2.0NRT,291.38,6.6,D
8.77137,77.9758,348.15,0.39,0.36,2026-09-06,0816,N20,nominal,2.0NRT,308.01,15.66,D
9.24078,80.3162,337.55,0.45,0.39,2026-09-06,0816,N20,nominal,2.0NRT,300.3,7.11,D
9.38264,80.52097,349.09,0.46,0.39,2026-09-06,0816,N20,nominal,2.0NRT,297.66,7,D
9.37838,80.49162,339.72,0.46,0.39,2026-09-06,0816,N20,nominal,2.0NRT,298.32,6.73,D
9.38198,80.4911,340.63,0.46,0.39,2026-09-06,0816,N20,nominal,2.0NRT,299.23,5.72,D
9.01616,77.9118,347.92,0.39,0.36,2026-09-06,0816,N20,nominal,2.0NRT,304.77,12.51,D
9.40581,80.42804,343.78,0.46,0.39,2026-09-06,0816,N20,nominal,2.0NRT,299.39,7.89,D
9.40946,80.46636,333.9,0.46,0.39,2026-09-06,0816,N20,nominal,2.0NRT,292.49,4.94,D
9.40415,80.42879,346.25,0.46,0.39,2026-09-06,0816,N20,nominal,2.0NRT,299.47,7.9,D
9.26098,79.3089,334.13,0.41,0.37,2026-09-06,0816,N20,nominal,2.0NRT,298.56,2.09,D
9.42517,80.37069,342.18,0.46,0.39,2026-09-06,0816,N20,nominal,2.0NRT,298.86,4.93,D
9.23043,78.75058,337.79,0.4,0.37,2026-09-06,0816,N20,nominal,2.0NRT,301.47,2.36,D
9.28078,78.9957,336.14,0.4,0.37,2026-09-06,0816,N20,nominal,2.0NRT,299.24,3.13,D
9.2399,78.45236,336.7,0.39,0.36,2026-09-06,0816,N20,nominal,2.0NRT,302.61,3.4,D
9.74805,80.25372,335.12,0.45,0.39,2026-09-06,0816,N20,nominal,2.0NRT,296.55,2.13,D
9.36442,77.60989,339.27,0.38,0.36,2026-09-06,0816,N20,nominal,2.0NRT,300.83,3.3,D
9.76413,80.16341,347.78,0.45,0.39,2026-09-06,0816,N20,nominal,2.0NRT,294.58,7.02,D
9.81184,80.02007,337.28,0.44,0.39,2026-09-06,0816,N20,nominal,2.0NRT,296.45,2.54,D
9.68716,78.94857,337.54,0.41,0.37,2026-09-06,0816,N20,nominal,2.0NRT,300,1.65,D
9.71985,78.95872,338.14,0.41,0.37,2026-09-06,0816,N20,nominal,2.0NRT,300.04,2.51,D
9.63564,77.72035,339.18,0.39,0.36,2026-09-06,0816,N20,nominal,2.0NRT,305.4,8.97,D
9.69185,77.82179,341.88,0.39,0.36,2026-09-06,0816,N20,nominal,2.0NRT,300.58,5.7,D
9.69133,77.8183,347.18,0.39,0.36,2026-09-06,0816,N20,nominal,2.0NRT,301.97,5.7,D
10.39079,79.30653,333.3,0.42,0.38,2026-09-06,0816,N20,nominal,2.0NRT,296.99,2.61,D
10.40158,79.16486,336.74,0.42,0.37,2026-09-06,0816,N20,nominal,2.0NRT,300.75,5.23,D
10.71976,77.59386,341.83,0.39,0.36,2026-09-06,0816,N20,nominal,2.0NRT,309.37,7.51,D
10.80177,77.80022,340.26,0.39,0.36,2026-09-06,0816,N20,nominal,2.0NRT,305.63,10.41,D
10.92934,78.49602,347.17,0.4,0.37,2026-09-06,0816,N20,nominal,2.0NRT,297.66,7.02,D
10.94035,78.16111,354.38,0.39,0.37,2026-09-06,0816,N20,nominal,2.0NRT,305.29,27.32,D
10.9437,78.16061,343.17,0.39,0.37,2026-09-06,0816,N20,nominal,2.0NRT,302.39,14.29,D
11.19163,79.82079,336.11,0.45,0.39,2026-09-06,0816,N20,nominal,2.0NRT,293.65,1.99,D
11.03685,78.74722,339.8,0.41,0.37,2026-09-06,0816,N20,nominal,2.0NRT,298.27,8.68,D
10.85708,77.46764,340.33,0.39,0.36,2026-09-06,0816,N20,nominal,2.0NRT,308.54,6.24,D
10.76739,76.23816,335.87,0.39,0.36,2026-09-06,0816,N20,nominal,2.0NRT,293.55,2.63,D
10.92834,77.06563,340.58,0.38,0.36,2026-09-06,0816,N20,nominal,2.0NRT,305.61,3.82,D
11.12472,77.62248,336.38,0.39,0.36,2026-09-06,0816,N20,nominal,2.0NRT,300,3.95,D
11.1039,77.41711,342.02,0.39,0.36,2026-09-06,0816,N20,nominal,2.0NRT,307.69,8.8,D
11.50757,79.17319,336.38,0.43,0.38,2026-09-06,0816,N20,nominal,2.0NRT,297.05,2.86,D
11.27019,77.4155,336.34,0.39,0.36,2026-09-06,0816,N20,nominal,2.0NRT,303.7,5.59,D
11.77753,78.95534,334.49,0.42,0.38,2026-09-06,0816,N20,nominal,2.0NRT,297.96,1.79,D
11.81078,77.92136,339.74,0.39,0.36,2026-09-06,0816,N20,nominal,2.0NRT,301.72,4.8,D
12.93068,78.92706,334.58,0.43,0.38,2026-09-06,0816,N20,nominal,2.0NRT,299.93,2.48,D
12.93012,78.92313,334.35,0.43,0.38,2026-09-06,0816,N20,nominal,2.0NRT,299.34,2.48,D
13.04957,78.27469,341.92,0.41,0.37,2026-09-06,0816,N20,nominal,2.0NRT,306.63,10.37,D
13.22674,78.14415,341.57,0.41,0.37,2026-09-06,0816,N20,nominal,2.0NRT,303.09,5.97,D
14.12156,77.65474,331.55,0.4,0.37,2026-09-06,0816,N20,nominal,2.0NRT,300.58,1.97,D
14.40978,78.3418,338.03,0.42,0.38,2026-09-06,0816,N20,nominal,2.0NRT,295.11,5.06,D
14.24582,77.22956,338.79,0.39,0.36,2026-09-06,0816,N20,nominal,2.0NRT,306.51,4.51,D
14.41287,78.34174,339.28,0.42,0.38,2026-09-06,0816,N20,nominal,2.0NRT,295.97,4.97,D
14.48702,78.5662,332.82,0.43,0.38,2026-09-06,0816,N20,nominal,2.0NRT,295.59,3.75,D
14.46042,77.28085,339.89,0.39,0.36,2026-09-06,0816,N20,nominal,2.0NRT,307.1,7.67,D
14.56635,77.9285,337.95,0.41,0.37,2026-09-06,0816,N20,nominal,2.0NRT,302.4,4.01,D
14.80499,79.02848,341.25,0.45,0.39,2026-09-06,0816,N20,nominal,2.0NRT,287.86,6.78,D
14.7934,77.75158,339.31,0.4,0.37,2026-09-06,0816,N20,nominal,2.0NRT,306.25,6.86,D
14.79286,77.74784,338.51,0.4,0.37,2026-09-06,0816,N20,nominal,2.0NRT,307.33,7.11,D
14.7651,77.04733,347.22,0.39,0.36,2026-09-06,0816,N20,nominal,2.0NRT,307.53,8.96,D
14.88016,77.46104,332.67,0.4,0.37,2026-09-06,0816,N20,nominal,2.0NRT,302.42,3.99,D
14.94066,77.56884,333.46,0.4,0.37,2026-09-06,0816,N20,nominal,2.0NRT,303.35,6.13,D
15.08338,77.32011,343.03,0.4,0.37,2026-09-06,0816,N20,nominal,2.0NRT,305.11,8.28,D
15.18073,76.85435,337.89,0.39,0.36,2026-09-06,0816,N20,nominal,2.0NRT,306.7,5.41,D
15.17384,76.69377,336.43,0.39,0.36,2026-09-06,0816,N20,nominal,2.0NRT,306.25,2.87,D
15.17512,76.65694,346.01,0.39,0.36,2026-09-06,0816,N20,nominal,2.0NRT,308.7,6.8,D
15.18472,76.31614,334.3,0.38,0.36,2026-09-06,0816,N20,nominal,2.0NRT,303.79,3.42,D
15.49023,77.78264,337.37,0.41,0.37,2026-09-06,0816,N20,nominal,2.0NRT,300.66,2.16,D
15.91067,80.06923,337.3,0.52,0.42,2026-09-06,0816,N20,nominal,2.0NRT,290.29,5.49,D
16.07799,79.995,336.81,0.52,0.41,2026-09-06,0816,N20,nominal,2.0NRT,296.71,7.28,D
15.99101,76.4836,341.67,0.39,0.36,2026-09-06,0816,N20,nominal,2.0NRT,304.73,3.54,D
16.31662,77.81316,330.14,0.42,0.37,2026-09-06,0818,N20,nominal,2.0NRT,298.24,1.62,D
16.39573,78.35094,334.08,0.44,0.38,2026-09-06,0818,N20,nominal,2.0NRT,297.6,2.65,D
17.17197,80.99033,332.62,0.41,0.45,2026-09-06,0818,N20,nominal,2.0NRT,294.98,3.92,D
17.1715,80.98653,341.76,0.41,0.45,2026-09-06,0818,N20,nominal,2.0NRT,297.93,5.19,D
17.13425,80.19149,330.53,0.55,0.42,2026-09-06,0818,N20,nominal,2.0NRT,291.93,2.86,D
17.31742,81.12641,340.08,0.42,0.45,2026-09-06,0818,N20,nominal,2.0NRT,293.92,2.98,D
18.28999,83.99493,330.29,0.33,0.55,2026-09-06,0818,N20,nominal,2.0NRT,293.33,2.83,D
17.78408,75.71846,331.24,0.38,0.36,2026-09-06,0818,N20,nominal,2.0NRT,300.33,3.33,D
37.34927,59.04722,349.6,0.34,0.56,2026-09-06,0824,N20,nominal,2.0NRT,310.98,3.74,D
39.42809,67.20355,338.04,0.41,0.37,2026-09-06,0824,N20,nominal,2.0NRT,304.01,3.38,D
39.59426,66.99738,330.66,0.41,0.37,2026-09-06,0824,N20,low,2.0NRT,304.85,1.35,D
39.66253,66.92044,333.63,0.41,0.37,2026-09-06,0824,N20,low,2.0NRT,304.18,1.09,D
39.94545,64.26019,333.16,0.5,0.41,2026-09-06,0824,N20,nominal,2.0NRT,305.19,1.3,D
38.48108,57.74748,337.67,0.37,0.58,2026-09-06,0824,N20,low,2.0NRT,311.34,7.23,D
39.02988,56.44499,334.16,0.42,0.61,2026-09-06,0824,N20,nominal,2.0NRT,301.62,1.99,D
38.64832,54.28493,344.38,0.56,0.69,2026-09-06,0824,N20,nominal,2.0NRT,300.66,3.52,D
38.67857,54.3183,336.2,0.55,0.68,2026-09-06,0824,N20,nominal,2.0NRT,302.17,2.64,D
38.647,54.2859,340.15,0.56,0.69,2026-09-06,0824,N20,nominal,2.0NRT,300.62,2.79,D
21.31032,57.74732,337.24,0.63,0.54,2026-09-06,1000,N20,nominal,2.0NRT,305.54,3.41,D
21.33082,56.70087,345.44,0.54,0.51,2026-09-06,1000,N20,nominal,2.0NRT,309.96,9.71,D
22.32718,56.49345,338.41,0.54,0.51,2026-09-06,1000,N20,nominal,2.0NRT,308.39,5.02,D
22.32541,56.49014,343.36,0.54,0.51,2026-09-06,1000,N20,nominal,2.0NRT,308.28,4.49,D
22.34315,56.43512,341.33,0.53,0.5,2026-09-06,1000,N20,nominal,2.0NRT,307.89,3.27,D
22.40602,56.9914,336.71,0.58,0.52,2026-09-06,1000,N20,nominal,2.0NRT,305.65,2.68,D
22.43942,56.69981,339.48,0.56,0.51,2026-09-06,1000,N20,nominal,2.0NRT,307.58,9.42,D
22.6723,56.25199,342.2,0.52,0.5,2026-09-06,1000,N20,nominal,2.0NRT,309.01,1.95,D
22.87891,55.93123,342.69,0.5,0.49,2026-09-06,1000,N20,nominal,2.0NRT,308.81,1.04,D
22.87059,55.61665,346.7,0.48,0.48,2026-09-06,1000,N20,nominal,2.0NRT,309.89,4.3,D
23.18781,55.46072,341,0.47,0.48,2026-09-06,1000,N20,nominal,2.0NRT,309.03,3.07,D
23.27612,54.25981,343.37,0.4,0.44,2026-09-06,1000,N20,nominal,2.0NRT,312.97,1.7,D
24.50554,56.60947,338.22,0.58,0.52,2026-09-06,1000,N20,nominal,2.0NRT,307.16,2.02,D
24.50907,54.01929,340.79,0.4,0.44,2026-09-06,1000,N20,nominal,2.0NRT,302.55,2.63,D
24.50852,54.0194,338.71,0.4,0.44,2026-09-06,1002,N20,nominal,2.0NRT,302.49,2.87,D
24.60724,54.15322,339.9,0.41,0.45,2026-09-06,1002,N20,nominal,2.0NRT,302.21,4.51,D
24.99092,55.62957,344.84,0.51,0.49,2026-09-06,1002,N20,low,2.0NRT,314.92,2.89,D
26.40517,62.91399,338.27,0.76,0.77,2026-09-06,1002,N20,nominal,2.0NRT,300.55,3.76,D
27.02633,57.07248,340.08,0.33,0.55,2026-09-06,1002,N20,nominal,2.0NRT,306.02,2.68,D
27.16996,56.05844,339.91,0.58,0.52,2026-09-06,1002,N20,nominal,2.0NRT,304.38,14.73,D
18.01132,54.57415,342.35,0.54,0.42,2026-09-06,0958,N20,nominal,2.0NRT,312.93,17.52,D
18.01225,54.57173,339.1,0.54,0.42,2026-09-06,0958,N20,low,2.0NRT,312.99,16.29,D
18.32273,55.10543,347.42,0.39,0.44,2026-09-06,0958,N20,nominal,2.0NRT,313,14.29,D
19.26631,56.1768,345.04,0.47,0.48,2026-09-06,1000,N20,nominal,2.0NRT,306.26,3.55,D
20.21015,55.71358,343.33,0.45,0.47,2026-09-06,1000,N20,low,2.0NRT,313.85,1.31,D
20.22656,55.74213,343.88,0.45,0.47,2026-09-06,1000,N20,low,2.0NRT,314.67,1.51,D
20.3739,55.93497,347.01,0.47,0.48,2026-09-06,1000,N20,nominal,2.0NRT,311.72,1.26,D
20.38562,55.66146,341.93,0.45,0.47,2026-09-06,1000,N20,low,2.0NRT,315.2,1.69,D
20.38408,55.64863,341.65,0.45,0.47,2026-09-06,1000,N20,low,2.0NRT,314.54,1.02,D
36.42785,59.71419,336.14,0.58,0.7,2026-09-06,1004,N20,low,2.0NRT,308.29,3.59,D
36.42762,59.70749,335.53,0.58,0.7,2026-09-06,1004,N20,low,2.0NRT,308.99,4.11,D
38.64883,54.28331,343.15,0.61,0.53,2026-09-06,1004,N20,nominal,2.0NRT,304.35,5.07,D
38.68082,54.3154,342.03,0.61,0.53,2026-09-06,1004,N20,nominal,2.0NRT,305.92,3.28,D
30.0694,96.97788,303.59,0.52,0.42,2026-09-06,1904,N20,nominal,2.0NRT,286.69,1.67,N
29.74678,98.71875,304.48,0.44,0.38,2026-09-06,1904,N20,nominal,2.0NRT,283.67,1.28,N
29.74888,98.72105,304.15,0.44,0.38,2026-09-06,1904,N20,nominal,2.0NRT,283.39,1.37,N
27.54148,99.55785,297.35,0.4,0.37,2026-09-06,1904,N20,nominal,2.0NRT,281.76,0.41,N
27.60703,95.40102,308.03,0.4,0.44,2026-09-06,1904,N20,nominal,2.0NRT,289.98,1.33,N
27.4684,95.42167,306.34,0.39,0.44,2026-09-06,1904,N20,nominal,2.0NRT,289.87,1.59,N
27.46209,95.47723,307.11,0.39,0.44,2026-09-06,1904,N20,nominal,2.0NRT,289.77,3.02,N
27.46147,95.4744,308.8,0.39,0.44,2026-09-06,1904,N20,nominal,2.0NRT,289.8,2.91,N
26.57732,101.66575,338.03,0.39,0.36,2026-09-06,1904,N20,nominal,2.0NRT,298.43,18.51,N
26.5767,101.66956,327.91,0.39,0.36,2026-09-06,1904,N20,nominal,2.0NRT,293.1,3.34,N
26.57072,101.66443,305.41,0.39,0.36,2026-09-06,1904,N20,nominal,2.0NRT,292.73,1.18,N
26.56947,101.67211,319.66,0.39,0.36,2026-09-06,1904,N20,nominal,2.0NRT,292.58,2.32,N
26.56617,101.67147,310.08,0.39,0.36,2026-09-06,1904,N20,nominal,2.0NRT,292.73,1.24,N
26.56554,101.6753,309.92,0.39,0.36,2026-09-06,1904,N20,nominal,2.0NRT,293.43,2.27,N
26.56428,101.68299,308.44,0.39,0.36,2026-09-06,1904,N20,nominal,2.0NRT,292.94,1.4,N
26.56161,101.6785,326.22,0.39,0.36,2026-09-06,1904,N20,nominal,2.0NRT,292.97,2.27,N
26.488,101.81483,303.09,0.39,0.36,2026-09-06,1904,N20,nominal,2.0NRT,290.92,0.33,N
26.38315,101.97392,311,0.39,0.36,2026-09-06,1904,N20,nominal,2.0NRT,291.34,1.45,N
26.77205,94.50575,307.34,0.43,0.46,2026-09-06,1904,N20,nominal,2.0NRT,289.01,2.39,N
25.07327,99.28498,310.61,0.39,0.36,2026-09-06,1906,N20,nominal,2.0NRT,287.94,1.4,N
24.92972,99.08459,302.27,0.4,0.37,2026-09-06,1906,N20,nominal,2.0NRT,287.4,0.84,N
24.91863,99.09512,306.28,0.39,0.37,2026-09-06,1906,N20,nominal,2.0NRT,288.62,0.95,N
24.21002,98.23231,303.09,0.41,0.37,2026-09-06,1906,N20,nominal,2.0NRT,289.44,0.74,N
23.34522,99.41034,305.1,0.39,0.36,2026-09-06,1906,N20,nominal,2.0NRT,289.23,0.79,N
23.61522,86.78616,301.38,0.61,0.71,2026-09-06,1906,N20,nominal,2.0NRT,278.86,2.27,N
22.01168,97.17494,316.22,0.43,0.38,2026-09-06,1906,N20,nominal,2.0NRT,288.73,1.08,N
22.5761,85.89494,311.96,0.68,0.74,2026-09-06,1906,N20,nominal,2.0NRT,283.58,5.09,N
21.54451,87.26418,295.21,0.54,0.68,2026-09-06,1906,N20,nominal,2.0NRT,283.13,4.53,N
20.97172,85.17448,306.84,0.73,0.76,2026-09-06,1906,N20,nominal,2.0NRT,284.44,1.82,N
20.96281,86.00195,313.96,0.64,0.72,2026-09-06,1906,N20,nominal,2.0NRT,274.27,3.3,N
20.9736,85.17626,304.78,0.73,0.76,2026-09-06,1906,N20,nominal,2.0NRT,284.46,2.43,N
20.96766,85.16129,303.68,0.73,0.76,2026-09-06,1906,N20,nominal,2.0NRT,284.51,2.67,N
20.96711,85.16849,306.05,0.73,0.76,2026-09-06,1906,N20,nominal,2.0NRT,284.62,2.43,N
20.95772,85.00848,301.26,0.75,0.77,2026-09-06,1906,N20,nominal,2.0NRT,284.55,2.16,N
20.88878,84.97369,302.11,0.75,0.77,2026-09-06,1906,N20,nominal,2.0NRT,283.53,1.3,N
20.88829,84.98077,301.28,0.75,0.77,2026-09-06,1906,N20,nominal,2.0NRT,283.86,1.3,N
20.79315,85.24971,302.34,0.72,0.75,2026-09-06,1906,N20,nominal,2.0NRT,283.59,4.78,N
20.76221,85.2887,303.39,0.71,0.75,2026-09-06,1906,N20,nominal,2.0NRT,284.33,4.01,N
20.7617,85.29582,307.43,0.71,0.75,2026-09-06,1906,N20,nominal,2.0NRT,284.38,3.49,N
20.76294,85.29334,312.9,0.71,0.75,2026-09-06,1906,N20,nominal,2.0NRT,284.32,4.71,N
8.09721,99.98676,301.27,0.49,0.4,2026-09-06,1910,N20,nominal,2.0NRT,282.39,0.99,N
8.09353,99.98615,301.54,0.49,0.4,2026-09-06,1910,N20,nominal,2.0NRT,282.29,0.99,N
8.0928,99.99053,300.05,0.49,0.4,2026-09-06,1910,N20,nominal,2.0NRT,282.1,0.62,N
7.80178,100.17913,304.05,0.5,0.41,2026-09-06,1910,N20,nominal,2.0NRT,279.08,1.07,N
19.93199,79.12053,307.07,0.39,0.44,2026-09-06,2049,N20,nominal,2.0NRT,292.13,1.01,N
19.9207,79.11429,311.57,0.39,0.44,2026-09-06,2049,N20,nominal,2.0NRT,292.34,1.09,N
19.72528,79.1739,306.8,0.4,0.44,2026-09-06,2049,N20,nominal,2.0NRT,291.87,1.18,N
19.10323,82.16578,308.43,0.63,0.54,2026-09-06,2049,N20,nominal,2.0NRT,288.38,2.12,N
19.10193,82.16513,300.95,0.63,0.54,2026-09-06,2049,N20,nominal,2.0NRT,288,0.97,N
19.09703,82.16398,302.97,0.63,0.54,2026-09-06,2049,N20,nominal,2.0NRT,287.82,0.97,N
18.71923,79.53582,311.3,0.44,0.46,2026-09-06,2049,N20,nominal,2.0NRT,291.83,1.42,N
18.72052,79.50629,316.36,0.44,0.46,2026-09-06,2049,N20,nominal,2.0NRT,291.34,2.08,N
18.71426,79.53906,307.45,0.44,0.46,2026-09-06,2049,N20,nominal,2.0NRT,291.97,1.85,N
19.27255,74.6683,310.27,0.39,0.36,2026-09-06,2049,N20,nominal,2.0NRT,290.55,1.05,N
17.61012,83.20317,327.55,0.4,0.6,2026-09-06,2049,N20,nominal,2.0NRT,283.38,1.43,N
17.60474,83.20191,299.55,0.4,0.6,2026-09-06,2049,N20,nominal,2.0NRT,280.84,1.43,N
19.57157,71.35449,334.88,0.42,0.38,2026-09-06,2049,N20,nominal,2.0NRT,294.33,5.99,N
17.9584,80.79161,311.25,0.54,0.51,2026-09-06,2049,N20,nominal,2.0NRT,286.36,2.87,N
19.56812,71.35394,334.01,0.42,0.38,2026-09-06,2049,N20,nominal,2.0NRT,292.32,5.99,N
19.53019,71.29854,314.01,0.42,0.38,2026-09-06,2049,N20,nominal,2.0NRT,294.54,2.8,N
19.28291,71.43634,311.31,0.42,0.37,2026-09-06,2049,N20,nominal,2.0NRT,293.67,3.53,N
19.28062,71.42787,307.04,0.42,0.37,2026-09-06,2049,N20,nominal,2.0NRT,294.15,3.58,N
18.69241,73.03941,317.79,0.39,0.36,2026-09-06,2049,N20,nominal,2.0NRT,292.46,2.33,N
18.68694,73.03103,305.57,0.39,0.36,2026-09-06,2049,N20,nominal,2.0NRT,291.73,0.8,N
18.68307,73.03409,308.66,0.39,0.36,2026-09-06,2049,N20,nominal,2.0NRT,291.51,0.8,N
18.68251,73.0377,302.4,0.39,0.36,2026-09-06,2049,N20,nominal,2.0NRT,291.27,1.19,N
18.4227,73.94713,303.53,0.39,0.36,2026-09-06,2049,N20,nominal,2.0NRT,291.43,0.45,N
16.65053,74.31422,300.66,0.4,0.37,2026-09-06,2051,N20,nominal,2.0NRT,283.93,0.55,N
15.02487,78.01408,309.58,0.41,0.45,2026-09-06,2051,N20,nominal,2.0NRT,287.4,2.11,N
15.33446,76.28457,303.75,0.48,0.4,2026-09-06,2051,N20,nominal,2.0NRT,283.37,0.9,N
15.22549,76.76331,300.64,0.51,0.41,2026-09-06,2051,N20,nominal,2.0NRT,271.35,0.73,N
15.65921,73.98962,304.38,0.4,0.37,2026-09-06,2051,N20,nominal,2.0NRT,290.67,0.67,N
15.18417,76.66833,308.91,0.51,0.41,2026-09-06,2051,N20,nominal,2.0NRT,278.9,1.89,N
39.05101,76.18227,301.67,0.42,0.38,2026-09-06,2042,N20,nominal,2.0NRT,286.91,1.19,N
15.17836,76.65756,310.41,0.51,0.41,2026-09-06,2051,N20,nominal,2.0NRT,279.51,1.39,N
38.21778,77.1011,302.91,0.4,0.37,2026-09-06,2044,N20,nominal,2.0NRT,288.01,1.13,N
15.17381,76.66151,320.07,0.51,0.41,2026-09-06,2051,N20,nominal,2.0NRT,280.22,3.46,N
39.18211,65.31118,301.47,0.48,0.65,2026-09-06,2044,N20,nominal,2.0NRT,288.12,0.77,N
15.17463,76.65685,301.15,0.51,0.41,2026-09-06,2051,N20,nominal,2.0NRT,280.33,1.39,N
39.13265,63.41379,298.59,0.61,0.71,2026-09-06,2044,N20,nominal,2.0NRT,285.31,0.68,N
15.16806,76.37825,304.37,0.49,0.4,2026-09-06,2051,N20,nominal,2.0NRT,284.93,1.79,N
39.11438,63.33277,298.2,0.62,0.71,2026-09-06,2044,N20,nominal,2.0NRT,286.99,0.79,N
14.36366,78.77711,314.12,0.47,0.47,2026-09-06,2051,N20,nominal,2.0NRT,287.54,4.23,N
39.12793,63.41309,296.67,0.61,0.71,2026-09-06,2044,N20,nominal,2.0NRT,285.08,0.49,N
11.81744,77.91634,299.02,0.45,0.47,2026-09-06,2051,N20,nominal,2.0NRT,278.89,0.89,N
39.11671,63.33264,301.52,0.62,0.71,2026-09-06,2044,N20,nominal,2.0NRT,287.32,0.71,N
11.61621,77.75238,303.07,0.44,0.46,2026-09-06,2051,N20,nominal,2.0NRT,287.25,0.48,N
38.94582,64.12936,299.52,0.56,0.69,2026-09-06,2044,N20,nominal,2.0NRT,288.28,0.83,N
8.08689,80.7812,308.41,0.41,0.61,2026-09-06,2053,N20,nominal,2.0NRT,288.82,0.78,N
38.68393,65.98395,301.38,0.44,0.62,2026-09-06,2044,N20,nominal,2.0NRT,286.79,0.55,N
8.08675,80.78283,307.17,0.41,0.61,2026-09-06,2053,N20,nominal,2.0NRT,288.87,0.9,N
37.30438,77.72092,305.26,0.39,0.36,2026-09-06,2044,N20,nominal,2.0NRT,280.81,0.6,N
6.76258,81.51218,344.63,0.49,0.65,2026-09-06,2053,N20,nominal,2.0NRT,290.51,5.38,N
38.45366,65.80096,302.67,0.45,0.63,2026-09-06,2044,N20,nominal,2.0NRT,287.31,1.27,N
6.76464,81.51445,337.56,0.49,0.65,2026-09-06,2053,N20,nominal,2.0NRT,290.88,5.56,N
38.0519,67.25997,346.3,0.37,0.58,2026-09-06,2044,N20,nominal,2.0NRT,289.02,8.69,N
6.75876,81.5132,303.15,0.49,0.65,2026-09-06,2053,N20,nominal,2.0NRT,289.91,0.47,N
38.05166,67.26407,350.37,0.37,0.58,2026-09-06,2044,N20,nominal,2.0NRT,291.94,8.95,N
38.13017,64.67203,299.52,0.52,0.66,2026-09-06,2044,N20,nominal,2.0NRT,288.02,0.64,N
38.13103,64.67254,299.98,0.51,0.66,2026-09-06,2044,N20,nominal,2.0NRT,287.71,0.72,N
37.80161,62.54635,299.23,0.67,0.74,2026-09-06,2044,N20,nominal,2.0NRT,283.52,0.91,N
37.62346,62.1329,300.42,0.7,0.75,2026-09-06,2044,N20,nominal,2.0NRT,285.6,1.74,N
37.60972,61.59856,295.27,0.75,0.77,2026-09-06,2044,N20,nominal,2.0NRT,284.86,1.09,N
37.61384,61.60208,298.53,0.75,0.77,2026-09-06,2044,N20,nominal,2.0NRT,286,1.74,N
37.49659,61.83956,301.22,0.73,0.76,2026-09-06,2044,N20,nominal,2.0NRT,285.54,2.03,N
37.49916,61.84003,303.84,0.73,0.76,2026-09-06,2044,N20,nominal,2.0NRT,286.82,2.32,N
37.42733,62.30571,300.3,0.69,0.74,2026-09-06,2044,N20,nominal,2.0NRT,283.03,0.78,N
37.12275,62.35817,334.98,0.68,0.74,2026-09-06,2044,N20,nominal,2.0NRT,285.57,7.2,N
37.11587,62.35789,308.25,0.68,0.74,2026-09-06,2044,N20,nominal,2.0NRT,287.28,2.63,N
37.03922,62.40956,308.19,0.68,0.74,2026-09-06,2044,N20,nominal,2.0NRT,284.88,2.44,N
37.03237,62.40926,325.12,0.68,0.74,2026-09-06,2044,N20,nominal,2.0NRT,285.5,4.49,N
37.03856,62.40952,322.29,0.68,0.74,2026-09-06,2044,N20,nominal,2.0NRT,285.33,2.72,N
37.0317,62.40923,315.99,0.68,0.74,2026-09-06,2044,N20,nominal,2.0NRT,285.27,2.72,N
36.47775,61.61622,297.61,0.74,0.76,2026-09-06,2044,N20,nominal,2.0NRT,285.07,2.11,N
33.68796,72.71034,307.86,0.51,0.41,2026-09-06,2044,N20,nominal,2.0NRT,294.47,1.58,N
33.68806,72.70912,306.82,0.51,0.41,2026-09-06,2044,N20,nominal,2.0NRT,294.04,0.93,N
33.27806,72.14331,304.3,0.53,0.42,2026-09-06,2044,N20,nominal,2.0NRT,293.97,0.7,N
33.29859,71.18613,313.45,0.4,0.44,2026-09-06,2044,N20,nominal,2.0NRT,293.35,1.36,N
32.71913,72.77346,306.77,0.49,0.4,2026-09-06,2044,N20,nominal,2.0NRT,293.27,0.91,N
32.57457,72.56348,310.34,0.5,0.41,2026-09-06,2044,N20,nominal,2.0NRT,296.6,2.31,N
32.08775,74.16418,311.11,0.43,0.38,2026-09-06,2044,N20,nominal,2.0NRT,293.92,1.53,N
32.06016,74.20986,307.73,0.43,0.38,2026-09-06,2044,N20,nominal,2.0NRT,293.64,0.92,N
30.44921,70.56627,307.98,0.4,0.44,2026-09-06,2046,N20,nominal,2.0NRT,295.11,0.56,N
29.47528,76.8589,330.15,0.39,0.36,2026-09-06,2046,N20,nominal,2.0NRT,294.17,4.54,N
29.87495,70.01684,304.35,0.42,0.45,2026-09-06,2046,N20,nominal,2.0NRT,291.92,0.95,N
28.34659,77.23032,322.88,0.39,0.37,2026-09-06,2046,N20,nominal,2.0NRT,292.35,1.97,N
28.27742,77.27326,305.51,0.4,0.37,2026-09-06,2046,N20,nominal,2.0NRT,291.56,0.72,N
28.27557,77.18221,308.9,0.39,0.36,2026-09-06,2046,N20,nominal,2.0NRT,292.5,1.14,N
27.79425,75.32977,306.31,0.39,0.36,2026-09-06,2046,N20,nominal,2.0NRT,294.45,0.87,N
27.66805,76.12919,312.39,0.39,0.36,2026-09-06,2046,N20,nominal,2.0NRT,294.58,1.16,N
28.42577,69.69775,310.3,0.42,0.45,2026-09-06,2046,N20,nominal,2.0NRT,295.31,1.53,N
27.29016,73.84022,308.34,0.4,0.37,2026-09-06,2046,N20,nominal,2.0NRT,296.09,2.87,N
26.87837,73.51595,308.52,0.41,0.37,2026-09-06,2046,N20,nominal,2.0NRT,295.08,2.26,N
26.87441,73.51662,309.93,0.41,0.37,2026-09-06,2046,N20,nominal,2.0NRT,295.02,2.61,N
26.60538,73.68313,306.85,0.4,0.37,2026-09-06,2046,N20,nominal,2.0NRT,295.36,0.65,N
26.29863,74.12737,306.56,0.39,0.36,2026-09-06,2046,N20,nominal,2.0NRT,294.91,0.77,N
26.2588,74.09588,308.96,0.39,0.36,2026-09-06,2046,N20,nominal,2.0NRT,295.34,1.03,N
26.70634,67.6601,311.54,0.53,0.5,2026-09-06,2046,N20,nominal,2.0NRT,294.97,0.96,N
24.15967,82.56333,304.6,0.53,0.5,2026-09-06,2046,N20,nominal,2.0NRT,274.94,1.75,N
24.9338,74.63345,297.15,0.38,0.36,2026-09-06,2046,N20,nominal,2.0NRT,279.72,1.01,N
25.38964,68.57961,318.88,0.45,0.47,2026-09-06,2046,N20,nominal,2.0NRT,295.21,2.17,N
23.16659,82.34151,308.91,0.54,0.51,2026-09-06,2046,N20,nominal,2.0NRT,287.87,2.01,N
24.69204,73.00279,306.06,0.41,0.37,2026-09-06,2046,N20,nominal,2.0NRT,294.66,1.19,N
22.32286,82.56402,304.74,0.58,0.52,2026-09-06,2046,N20,nominal,2.0NRT,287.9,1.49,N
22.31933,82.55735,305.32,0.58,0.52,2026-09-06,2046,N20,nominal,2.0NRT,287.52,1.48,N
22.35952,82.30042,320.89,0.56,0.51,2026-09-06,2046,N20,nominal,2.0NRT,278.23,2.17,N
22.35839,82.3057,300.27,0.56,0.51,2026-09-06,2046,N20,nominal,2.0NRT,278.23,2.17,N
22.32277,82.56183,304.24,0.58,0.52,2026-09-06,2046,N20,nominal,2.0NRT,287.62,1.04,N
22.31806,82.56065,304.09,0.58,0.52,2026-09-06,2046,N20,nominal,2.0NRT,287.53,2.14,N
22.36226,82.29867,299.59,0.56,0.51,2026-09-06,2046,N20,nominal,2.0NRT,277.66,1.24,N
22.36117,82.30396,308.07,0.56,0.51,2026-09-06,2046,N20,nominal,2.0NRT,278.43,1.67,N
22.35652,82.30289,311.89,0.56,0.51,2026-09-06,2046,N20,nominal,2.0NRT,276.7,1.67,N
21.96607,83.77132,313.06,0.35,0.57,2026-09-06,2046,N20,nominal,2.0NRT,287.79,3,N
22.03745,83.35081,316.1,0.33,0.55,2026-09-06,2046,N20,nominal,2.0NRT,288.57,2.03,N
22.03537,83.3603,302.88,0.33,0.55,2026-09-06,2046,N20,nominal,2.0NRT,284.34,0.65,N
22.03872,83.34882,306.26,0.33,0.55,2026-09-06,2046,N20,nominal,2.0NRT,287.74,1.15,N
22.03806,83.35194,315.42,0.33,0.55,2026-09-06,2046,N20,nominal,2.0NRT,288.22,1.15,N
22.03604,83.36147,301.86,0.33,0.55,2026-09-06,2046,N20,nominal,2.0NRT,283.97,0.93,N
21.9854,83.2318,314.71,0.32,0.55,2026-09-06,2046,N20,nominal,2.0NRT,288.01,1.6,N
21.97846,83.23976,302.84,0.33,0.55,2026-09-06,2046,N20,nominal,2.0NRT,286.87,0.66,N
21.82849,83.89872,303.3,0.36,0.57,2026-09-06,2046,N20,nominal,2.0NRT,287.25,1.08,N
21.92286,83.35031,328.74,0.33,0.55,2026-09-06,2046,N20,nominal,2.0NRT,289.37,4.41,N
21.92217,83.35345,306.53,0.33,0.55,2026-09-06,2046,N20,nominal,2.0NRT,288.65,2.17,N
21.80262,83.89235,319.43,0.36,0.57,2026-09-06,2046,N20,nominal,2.0NRT,287.47,2.08,N
21.92394,83.34906,314.54,0.33,0.55,2026-09-06,2046,N20,nominal,2.0NRT,288.17,3.18,N
21.92328,83.3522,314.68,0.33,0.55,2026-09-06,2046,N20,nominal,2.0NRT,288.88,1.76,N
21.80238,83.89133,326.47,0.36,0.57,2026-09-06,2046,N20,nominal,2.0NRT,286.57,2.19,N
21.91828,83.35097,308,0.33,0.55,2026-09-06,2046,N20,nominal,2.0NRT,287.49,1.76,N
21.87702,83.49468,312.44,0.34,0.56,2026-09-06,2046,N20,nominal,2.0NRT,287.18,1.73,N
21.76357,84.01971,307.82,0.37,0.58,2026-09-06,2046,N20,nominal,2.0NRT,287.01,2,N
21.75759,84.02187,307.36,0.37,0.58,2026-09-06,2046,N20,nominal,2.0NRT,287.5,1.35,N
21.75684,84.02532,304.68,0.37,0.58,2026-09-06,2046,N20,nominal,2.0NRT,287.12,1.35,N
21.76328,83.8457,314.75,0.36,0.57,2026-09-06,2046,N20,nominal,2.0NRT,288.19,1.37,N
21.76253,83.84913,316.14,0.36,0.57,2026-09-06,2046,N20,nominal,2.0NRT,288.07,2.58,N
21.75887,83.841,308.51,0.36,0.57,2026-09-06,2046,N20,nominal,2.0NRT,287.4,1.37,N
21.75812,83.8444,312.74,0.36,0.57,2026-09-06,2046,N20,nominal,2.0NRT,287.22,1.37,N
22.00615,82.67136,308.32,0.6,0.53,2026-09-06,2046,N20,nominal,2.0NRT,289.11,2.9,N
21.75297,83.84307,302.8,0.36,0.57,2026-09-06,2046,N20,nominal,2.0NRT,285.95,3.86,N
21.74783,83.84167,367,0.36,0.57,2026-09-06,2046,N20,high,2.0NRT,288.9,3.86,N
21.74859,83.83823,305.17,0.36,0.57,2026-09-06,2046,N20,nominal,2.0NRT,286.62,3.86,N
21.74269,83.84029,329.22,0.36,0.57,2026-09-06,2046,N20,nominal,2.0NRT,287.97,4,N
21.74193,83.84372,307.81,0.36,0.57,2026-09-06,2046,N20,nominal,2.0NRT,288.38,3.06,N
21.68195,84.03985,312.5,0.37,0.58,2026-09-06,2046,N20,nominal,2.0NRT,287.61,1.7,N
21.67672,84.03851,303.35,0.37,0.58,2026-09-06,2046,N20,nominal,2.0NRT,287.15,0.85,N
21.67595,84.04197,303.58,0.37,0.58,2026-09-06,2046,N20,nominal,2.0NRT,287.17,0.85,N
21.67781,84.03885,311.68,0.37,0.58,2026-09-06,2046,N20,nominal,2.0NRT,288.06,2.14,N
20.97046,86.01247,349.73,0.51,0.66,2026-09-06,2049,N20,nominal,2.0NRT,286.7,13.14,N
20.96565,86.00595,333.88,0.51,0.66,2026-09-06,2049,N20,nominal,2.0NRT,285.75,11.28,N
21.57573,82.02216,307.33,0.55,0.51,2026-09-06,2049,N20,nominal,2.0NRT,289.83,1.36,N
20.8901,84.98042,304.51,0.44,0.63,2026-09-06,2049,N20,nominal,2.0NRT,286.19,1.24,N
20.86487,84.98684,321.44,0.44,0.63,2026-09-06,2049,N20,nominal,2.0NRT,286.55,1.7,N
20.86389,84.99117,309.71,0.44,0.63,2026-09-06,2049,N20,nominal,2.0NRT,286.74,1.7,N
21.486,81.76941,307.33,0.54,0.51,2026-09-06,2049,N20,nominal,2.0NRT,288.57,1.12,N
21.37506,81.68236,306.24,0.53,0.5,2026-09-06,2049,N20,nominal,2.0NRT,289.5,2.23,N
21.37864,81.64126,304.29,0.53,0.5,2026-09-06,2049,N20,nominal,2.0NRT,289.17,2.14,N
21.187,81.39117,308.22,0.52,0.5,2026-09-06,2049,N20,nominal,2.0NRT,291.13,2.1,N
21.1835,81.38528,310.78,0.51,0.5,2026-09-06,2049,N20,nominal,2.0NRT,290.65,2.1,N
22.93556,69.69945,307.35,0.54,0.42,2026-09-06,2049,N20,nominal,2.0NRT,293.2,2.99,N
21.23569,79.63112,305.65,0.4,0.44,2026-09-06,2049,N20,nominal,2.0NRT,290.34,0.78,N
21.33615,78.96851,311.61,0.55,0.43,2026-09-06,2049,N20,nominal,2.0NRT,289.81,1.9,N
21.24994,79.20966,308.99,0.57,0.43,2026-09-06,2049,N20,nominal,2.0NRT,287.65,1.79,N
20.6986,78.63525,305.89,0.54,0.42,2026-09-06,2049,N20,nominal,2.0NRT,291.73,0.94,N
21.43295,72.97732,314.63,0.39,0.36,2026-09-06,2049,N20,nominal,2.0NRT,290.76,1.49,N
36.27234,59.65215,300.27,0.42,0.45,2026-09-06,2222,N20,nominal,2.0NRT,287.92,0.61,N
38.05775,64.88663,313.48,0.36,0.57,2026-09-06,2222,N20,nominal,2.0NRT,288.75,1.15,N
38.05371,64.90218,300.23,0.36,0.57,2026-09-06,2222,N20,nominal,2.0NRT,287.05,0.81,N
37.97123,65.04607,297.59,0.37,0.58,2026-09-06,2222,N20,nominal,2.0NRT,286.89,0.35,N
37.75823,65.48972,297.09,0.39,0.59,2026-09-06,2222,N20,nominal,2.0NRT,286.7,0.35,N
37.83058,65.17519,302.64,0.37,0.58,2026-09-06,2222,N20,nominal,2.0NRT,286.66,0.61,N
18.01546,54.57549,304.64,0.48,0.48,2026-09-06,2229,N20,nominal,2.0NRT,294.4,2.17,N
37.7177,65.24134,296.5,0.38,0.59,2026-09-06,2222,N20,nominal,2.0NRT,285.4,0.3,N
18.01111,54.57456,325.9,0.48,0.48,2026-09-06,2229,N20,nominal,2.0NRT,295.5,6.07,N
37.66628,65.28365,298.67,0.38,0.59,2026-09-06,2222,N20,nominal,2.0NRT,286.26,0.47,N
18.01199,54.57012,316.65,0.48,0.48,2026-09-06,2229,N20,nominal,2.0NRT,294.32,6.07,N
18.01128,54.57195,304.19,0.48,0.48,2026-09-06,2229,N20,nominal,2.0NRT,294.07,1.26,N
17.89181,54.48329,325.16,0.47,0.48,2026-09-06,2229,N20,nominal,2.0NRT,293.52,4.1,N
17.89098,54.48769,307.46,0.47,0.48,2026-09-06,2229,N20,nominal,2.0NRT,293.38,4.1,N
17.88748,54.48237,337.98,0.47,0.48,2026-09-06,2229,N20,nominal,2.0NRT,293.65,4.1,N
39.50962,54.32852,307.47,0.39,0.36,2026-09-06,2222,N20,nominal,2.0NRT,293.93,0.9,N
17.88664,54.48677,319.11,0.47,0.48,2026-09-06,2229,N20,nominal,2.0NRT,293.74,4.1,N
37.98966,61.88147,296.67,0.5,0.49,2026-09-06,2222,N20,nominal,2.0NRT,286.44,1.13,N
37.98405,61.88531,303.13,0.5,0.49,2026-09-06,2222,N20,nominal,2.0NRT,286.6,0.83,N
37.79758,62.54878,309.81,0.55,0.51,2026-09-06,2222,N20,nominal,2.0NRT,284.87,1.96,N
37.79002,62.53938,302.01,0.54,0.51,2026-09-06,2222,N20,nominal,2.0NRT,284.39,1.16,N
37.72618,62.09559,312.11,0.52,0.5,2026-09-06,2222,N20,nominal,2.0NRT,286.19,1.83,N
37.66886,62.23601,300.15,0.53,0.5,2026-09-06,2222,N20,nominal,2.0NRT,284.15,1.03,N
37.66304,62.24009,298.9,0.53,0.5,2026-09-06,2222,N20,nominal,2.0NRT,285.02,0.87,N
37.65722,62.24418,298.02,0.53,0.5,2026-09-06,2222,N20,nominal,2.0NRT,283.65,0.87,N
37.63742,62.20528,302.53,0.53,0.5,2026-09-06,2222,N20,nominal,2.0NRT,284.7,0.88,N
37.79538,61.49777,296.66,0.48,0.48,2026-09-06,2222,N20,nominal,2.0NRT,286.43,0.39,N
37.62577,62.21341,295.88,0.53,0.5,2026-09-06,2222,N20,nominal,2.0NRT,284.8,0.83,N
37.62657,62.16981,301.14,0.53,0.5,2026-09-06,2222,N20,nominal,2.0NRT,286.98,0.72,N
37.62016,62.13623,310.59,0.52,0.5,2026-09-06,2222,N20,nominal,2.0NRT,286.84,1.32,N
37.61878,62.14193,296.82,0.52,0.5,2026-09-06,2222,N20,nominal,2.0NRT,285.79,1.32,N
37.62655,62.16807,303.26,0.53,0.5,2026-09-06,2222,N20,nominal,2.0NRT,287.27,1.47,N
37.62708,62.12462,295.14,0.52,0.5,2026-09-06,2222,N20,nominal,2.0NRT,284.91,0.63,N
37.61862,62.1401,317.42,0.52,0.5,2026-09-06,2222,N20,nominal,2.0NRT,287.12,2.25,N
37.65386,61.90779,305.95,0.51,0.49,2026-09-06,2222,N20,nominal,2.0NRT,287.33,1.13,N
37.61276,61.60587,301.14,0.49,0.49,2026-09-06,2222,N20,nominal,2.0NRT,287.66,1.01,N
37.61464,61.57745,299.8,0.49,0.49,2026-09-06,2222,N20,nominal,2.0NRT,288.28,1.23,N
37.60844,61.60428,308.3,0.49,0.49,2026-09-06,2222,N20,nominal,2.0NRT,288.63,1.62,N
37.42284,62.31177,312.11,0.54,0.51,2026-09-06,2222,N20,nominal,2.0NRT,286.08,1.13,N
37.59002,61.56261,301.29,0.49,0.49,2026-09-06,2222,N20,nominal,2.0NRT,286.53,1.33,N
37.59316,61.52897,309.55,0.49,0.48,2026-09-06,2222,N20,nominal,2.0NRT,286.86,2.07,N
37.49922,61.84891,318.3,0.51,0.49,2026-09-06,2222,N20,nominal,2.0NRT,289.75,3.14,N
38.25493,58.3926,304.35,0.5,0.41,2026-09-06,2222,N20,nominal,2.0NRT,294.08,1.43,N
38.22189,57.98775,300.86,0.48,0.4,2026-09-06,2222,N20,nominal,2.0NRT,289.02,0.57,N
38.21828,57.98658,304.14,0.48,0.4,2026-09-06,2222,N20,nominal,2.0NRT,287.8,0.42,N
38.19545,58.10054,299.41,0.49,0.4,2026-09-06,2222,N20,nominal,2.0NRT,287.71,0.57,N
37.53648,61.13281,296.27,0.47,0.47,2026-09-06,2222,N20,nominal,2.0NRT,283.81,0.49,N
38.19336,58.05346,309.75,0.49,0.4,2026-09-06,2222,N20,nominal,2.0NRT,290.92,1.22,N
38.26337,57.65971,305.6,0.47,0.4,2026-09-06,2222,N20,nominal,2.0NRT,295.57,1.8,N
38.18113,57.98462,299.99,0.48,0.4,2026-09-06,2222,N20,nominal,2.0NRT,288.48,1.01,N
37.51096,61.01748,301.26,0.46,0.47,2026-09-06,2222,N20,nominal,2.0NRT,287.62,0.67,N
37.50446,61.02607,303.89,0.46,0.47,2026-09-06,2222,N20,nominal,2.0NRT,287.92,1.39,N
37.63596,60.34049,313.02,0.42,0.45,2026-09-06,2222,N20,nominal,2.0NRT,288.08,1.39,N
37.11828,62.36258,337.56,0.55,0.51,2026-09-06,2222,N20,nominal,2.0NRT,288.99,4.44,N
37.11682,62.36857,297.66,0.55,0.51,2026-09-06,2222,N20,nominal,2.0NRT,284.98,4.44,N
37.12019,62.3633,335.23,0.55,0.51,2026-09-06,2222,N20,nominal,2.0NRT,288.06,5.18,N
37.94694,58.58465,300.02,0.52,0.41,2026-09-06,2222,N20,nominal,2.0NRT,287.61,0.38,N
37.11565,62.36157,299.43,0.55,0.51,2026-09-06,2222,N20,nominal,2.0NRT,287.52,2.76,N
37.11422,62.36758,305.11,0.55,0.51,2026-09-06,2222,N20,nominal,2.0NRT,286.14,1.36,N
37.94302,58.56496,309.26,0.52,0.41,2026-09-06,2222,N20,nominal,2.0NRT,291.34,1.54,N
38.68122,54.31364,321.15,0.39,0.36,2026-09-06,2222,N20,nominal,2.0NRT,292.71,1.25,N
37.0332,62.41575,342.28,0.56,0.51,2026-09-06,2222,N20,nominal,2.0NRT,289.15,5.02,N
37.48939,60.45958,297.59,0.43,0.46,2026-09-06,2222,N20,nominal,2.0NRT,286.12,0.64,N
37.03173,62.42182,311.07,0.56,0.51,2026-09-06,2222,N20,nominal,2.0NRT,288.58,5.02,N
37.32737,61.09343,304.43,0.47,0.48,2026-09-06,2222,N20,nominal,2.0NRT,286.11,1.02,N
38.64878,54.28209,331.42,0.39,0.36,2026-09-06,2222,N20,nominal,2.0NRT,296.1,4.22,N
37.82957,58.38537,306.21,0.51,0.41,2026-09-06,2222,N20,nominal,2.0NRT,290.9,0.93,N
37.35468,60.46652,297.81,0.44,0.46,2026-09-06,2222,N20,nominal,2.0NRT,286.98,0.8,N
38.50984,54.21227,303.38,0.39,0.36,2026-09-06,2222,N20,nominal,2.0NRT,292.12,0.43,N
37.45491,57.68905,299.07,0.48,0.4,2026-09-06,2222,N20,nominal,2.0NRT,288.27,0.8,N
37.34147,58.04594,297.7,0.5,0.41,2026-09-06,2222,N20,nominal,2.0NRT,287.32,1.38,N
36.47628,61.62419,299.63,0.52,0.5,2026-09-06,2222,N20,nominal,2.0NRT,287.79,2.51,N
36.47833,59.74434,298.05,0.42,0.45,2026-09-06,2222,N20,nominal,2.0NRT,287.72,0.67,N
37.29541,55.48475,306.32,0.41,0.37,2026-09-06,2222,N20,nominal,2.0NRT,293.23,1.03,N
36.99155,56.23186,305.47,0.43,0.38,2026-09-06,2222,N20,nominal,2.0NRT,289.35,0.91,N
36.99083,56.22956,305.19,0.43,0.38,2026-09-06,2222,N20,nominal,2.0NRT,287.17,0.72,N
36.94735,54.88993,323.52,0.4,0.37,2026-09-06,2222,N20,nominal,2.0NRT,294.1,1.5,N
36.94402,54.88902,310.38,0.4,0.37,2026-09-06,2222,N20,nominal,2.0NRT,292.75,1.5,N
36.32655,54.61745,301.65,0.4,0.37,2026-09-06,2222,N20,nominal,2.0NRT,290.98,0.56,N
36.29726,54.78524,308.94,0.4,0.37,2026-09-06,2222,N20,nominal,2.0NRT,290.76,1.15,N
35.36788,59.30436,303.38,0.42,0.45,2026-09-06,2225,N20,nominal,2.0NRT,286.57,0.88,N
35.31571,59.48651,298.82,0.43,0.46,2026-09-06,2225,N20,nominal,2.0NRT,288.08,1.07,N
36.32201,54.18608,303.48,0.39,0.36,2026-09-06,2225,N20,nominal,2.0NRT,287.74,0.54,N
33.75189,59.14664,308.43,0.44,0.46,2026-09-06,2225,N20,nominal,2.0NRT,285.66,1.48,N
33.75256,59.14451,303.77,0.44,0.46,2026-09-06,2225,N20,nominal,2.0NRT,284.86,2.03,N
33.04215,56.85038,311.69,0.52,0.42,2026-09-06,2225,N20,nominal,2.0NRT,296.46,2.24,N
32.3363,54.08649,307.75,0.42,0.37,2026-09-06,2225,N20,nominal,2.0NRT,292.35,1,N
31.70394,55.44992,308.91,0.48,0.4,2026-09-06,2225,N20,nominal,2.0NRT,298.56,2.44,N
31.94057,54.04639,313.84,0.42,0.38,2026-09-06,2225,N20,nominal,2.0NRT,295.77,0.96,N
31.92803,54.05696,306.88,0.42,0.38,2026-09-06,2225,N20,nominal,2.0NRT,296.55,1.67,N
31.89478,54.24174,303.3,0.43,0.38,2026-09-06,2225,N20,nominal,2.0NRT,292.74,0.47,N
31.6234,54.7453,305.57,0.45,0.39,2026-09-06,2225,N20,nominal,2.0NRT,294.2,0.99,N
31.62328,54.72604,315.19,0.45,0.39,2026-09-06,2225,N20,nominal,2.0NRT,295.16,1.95,N
30.75596,56.65639,323.3,0.56,0.43,2026-09-06,2225,N20,nominal,2.0NRT,295.48,3.87,N
30.66564,56.6198,304.07,0.56,0.43,2026-09-06,2225,N20,nominal,2.0NRT,289.78,1.12,N
30.49888,56.81604,308.28,0.38,0.44,2026-09-06,2225,N20,nominal,2.0NRT,291.93,1.82,N
30.49153,56.81915,304.95,0.39,0.44,2026-09-06,2225,N20,nominal,2.0NRT,291.42,0.93,N
29.47768,60.8073,305.86,0.34,0.56,2026-09-06,2225,N20,nominal,2.0NRT,288.98,0.84,N
30.23277,56.90938,310.65,0.39,0.44,2026-09-06,2225,N20,nominal,2.0NRT,293.08,2.63,N
30.32383,55.97511,305.29,0.53,0.42,2026-09-06,2225,N20,nominal,2.0NRT,291.24,0.94,N
30.21652,55.98303,304.2,0.53,0.42,2026-09-06,2225,N20,nominal,2.0NRT,293.22,0.89,N
29.95072,56.7329,302.53,0.39,0.44,2026-09-06,2225,N20,nominal,2.0NRT,290.16,1.13,N
29.90285,56.62172,295.76,0.39,0.44,2026-09-06,2225,N20,nominal,2.0NRT,285.06,0.22,N
30.08244,55.39644,328.76,0.5,0.41,2026-09-06,2225,N20,nominal,2.0NRT,292.84,5.16,N
30.08147,55.40151,301.1,0.5,0.41,2026-09-06,2225,N20,nominal,2.0NRT,289.84,5.16,N
29.9903,55.8539,331.31,0.53,0.42,2026-09-06,2225,N20,nominal,2.0NRT,292.16,4.57,N
29.99485,55.19915,299.96,0.49,0.4,2026-09-06,2225,N20,nominal,2.0NRT,289.87,0.74,N
29.69991,55.53099,302.62,0.51,0.41,2026-09-06,2225,N20,nominal,2.0NRT,290.86,0.97,N
29.51441,55.79726,303.57,0.53,0.42,2026-09-06,2225,N20,nominal,2.0NRT,291.79,0.83,N
29.15135,55.36777,308.46,0.51,0.41,2026-09-06,2225,N20,nominal,2.0NRT,291.83,1.23,N
29.13343,55.3795,304.42,0.51,0.41,2026-09-06,2225,N20,nominal,2.0NRT,293.83,1.34,N
29.2036,54.48244,303.95,0.47,0.4,2026-09-06,2225,N20,nominal,2.0NRT,292.74,0.67,N
27.16753,56.09672,315.02,0.4,0.44,2026-09-06,2227,N20,nominal,2.0NRT,298.71,3.93,N
27.16271,56.09972,324.86,0.4,0.44,2026-09-06,2227,N20,nominal,2.0NRT,298.54,2.98,N
27.16191,56.1037,319.68,0.4,0.44,2026-09-06,2227,N20,nominal,2.0NRT,299.31,2.98,N
27.15869,56.09872,327.75,0.4,0.44,2026-09-06,2227,N20,nominal,2.0NRT,298.22,2.98,N
27.14339,56.11177,312.69,0.4,0.45,2026-09-06,2227,N20,nominal,2.0NRT,298.57,4.48,N
39.85252,66.19701,299.26,0.37,0.58,2026-09-06,2225,N20,nominal,2.0NRT,287.51,0.6,N
39.8534,66.19924,305.28,0.37,0.58,2026-09-06,2225,N20,nominal,2.0NRT,289.66,0.78,N
38.56998,68.89522,299.04,0.56,0.69,2026-09-06,2225,N20,nominal,2.0NRT,286.07,1.68,N
39.18393,65.31139,299.89,0.35,0.57,2026-09-06,2225,N20,nominal,2.0NRT,287.97,0.7,N
39.18172,65.31372,300.76,0.35,0.57,2026-09-06,2225,N20,nominal,2.0NRT,287.22,0.85,N
38.6823,65.95519,301.01,0.39,0.59,2026-09-06,2225,N20,nominal,2.0NRT,288.79,1.3,N
39.25143,63.21214,303.45,0.54,0.51,2026-09-06,2225,N20,nominal,2.0NRT,286.32,1.4,N
38.55215,65.94738,300.46,0.39,0.6,2026-09-06,2225,N20,nominal,2.0NRT,289.43,0.81,N
39.2774,63.08415,299.42,0.54,0.5,2026-09-06,2225,N20,nominal,2.0NRT,286.44,0.82,N
39.19761,63.21034,295.56,0.55,0.51,2026-09-06,2225,N20,nominal,2.0NRT,285.25,0.54,N
39.17216,63.27364,300.32,0.55,0.51,2026-09-06,2225,N20,nominal,2.0NRT,286.43,0.81,N
39.13103,63.41982,306.75,0.56,0.52,2026-09-06,2225,N20,nominal,2.0NRT,285.9,1.23,N
39.16766,63.25169,306.4,0.55,0.51,2026-09-06,2225,N20,nominal,2.0NRT,287.56,1.22,N
39.16615,63.25778,298.9,0.55,0.51,2026-09-06,2225,N20,nominal,2.0NRT,286.7,2.09,N
39.11774,63.3327,303.24,0.56,0.51,2026-09-06,2225,N20,nominal,2.0NRT,286.04,2.06,N
39.11531,63.33201,302.2,0.56,0.51,2026-09-06,2225,N20,nominal,2.0NRT,285.98,0.88,N
38.45493,65.80386,303.08,0.39,0.59,2026-09-06,2225,N20,nominal,2.0NRT,288.58,0.94,N
38.96527,63.69525,298.99,0.59,0.53,2026-09-06,2225,N20,nominal,2.0NRT,287.69,0.83,N
38.66693,64.77581,299.1,0.34,0.56,2026-09-06,2225,N20,nominal,2.0NRT,288.53,0.27,N
38.16375,64.59369,298.65,0.34,0.56,2026-09-06,2225,N20,nominal,2.0NRT,286.52,0.31,N
38.13129,64.67564,306.37,0.35,0.56,2026-09-06,2225,N20,nominal,2.0NRT,288.81,0.64,N
38.05466,64.9023,302.23,0.36,0.57,2026-09-06,2225,N20,nominal,2.0NRT,287.03,0.58,N
38.05378,64.8847,307.76,0.36,0.57,2026-09-06,2225,N20,nominal,2.0NRT,287.48,0.81,N
25.97408,56.06945,324.05,0.42,0.45,2026-09-06,2227,N20,nominal,2.0NRT,300.38,1.63,N
25.96587,56.06744,316.17,0.42,0.45,2026-09-06,2227,N20,nominal,2.0NRT,299.18,1.78,N
25.7044,54.30266,323.26,0.51,0.41,2026-09-06,2227,N20,nominal,2.0NRT,302.34,2.25,N
25.29645,55.61783,312.71,0.41,0.45,2026-09-06,2227,N20,nominal,2.0NRT,300.59,1.08,N
24.99129,55.62734,325.28,0.42,0.45,2026-09-06,2227,N20,nominal,2.0NRT,299.54,6.51,N
24.51021,54.01852,331.05,0.52,0.41,2026-09-06,2227,N20,nominal,2.0NRT,300.96,2.48,N
24.00332,55.44015,315.27,0.42,0.45,2026-09-06,2227,N20,nominal,2.0NRT,300.36,1.88,N
24.21221,54.14327,320.39,0.53,0.42,2026-09-06,2227,N20,nominal,2.0NRT,299.55,1.69,N
24.21,54.14179,316.91,0.53,0.42,2026-09-06,2227,N20,nominal,2.0NRT,299.42,1.6,N
23.36674,56.28325,309.57,0.49,0.48,2026-09-06,2227,N20,nominal,2.0NRT,298.56,1.42,N
23.19224,55.4638,311.78,0.44,0.46,2026-09-06,2227,N20,nominal,2.0NRT,299.37,3.74,N
23.18891,55.45865,322.6,0.44,0.46,2026-09-06,2227,N20,nominal,2.0NRT,299.92,4.59,N
23.18976,55.45448,310.3,0.44,0.46,2026-09-06,2227,N20,nominal,2.0NRT,298.94,3.86,N
23.19317,55.4562,325.87,0.44,0.46,2026-09-06,2227,N20,nominal,2.0NRT,299.49,4.69,N
23.19154,55.46457,310.15,0.44,0.46,2026-09-06,2227,N20,nominal,2.0NRT,299.35,5.63,N
23.3116,54.18012,310.81,0.55,0.43,2026-09-06,2227,N20,nominal,2.0NRT,299.03,1.35,N
22.87877,55.92543,324.82,0.47,0.48,2026-09-06,2227,N20,nominal,2.0NRT,297.51,2.87,N
22.87784,55.92994,309.58,0.47,0.48,2026-09-06,2227,N20,nominal,2.0NRT,297.01,2.87,N
22.88167,55.9277,316.44,0.47,0.48,2026-09-06,2227,N20,nominal,2.0NRT,297.26,4.52,N
22.67102,56.25074,312.73,0.5,0.49,2026-09-06,2227,N20,nominal,2.0NRT,296.72,2.24,N
22.40553,56.98715,321.78,0.56,0.52,2026-09-06,2227,N20,nominal,2.0NRT,294.98,3.15,N
22.32748,56.49095,339.03,0.52,0.5,2026-09-06,2227,N20,nominal,2.0NRT,296.11,5.24,N
22.32737,56.48824,337.14,0.52,0.5,2026-09-06,2227,N20,nominal,2.0NRT,295.82,4.57,N
22.60727,54.06993,310.6,0.56,0.43,2026-09-06,2227,N20,nominal,2.0NRT,299.75,3.18,N
21.93984,57.07368,323.33,0.58,0.52,2026-09-06,2227,N20,nominal,2.0NRT,294.6,3.21,N
21.89283,56.84496,312.91,0.56,0.52,2026-09-06,2227,N20,nominal,2.0NRT,295,1.53,N
21.83441,56.68204,314.23,0.55,0.51,2026-09-06,2227,N20,nominal,2.0NRT,295.13,1.94,N
21.83661,56.68003,315.89,0.55,0.51,2026-09-06,2227,N20,nominal,2.0NRT,295.04,1.98,N
21.33411,57.72156,309.86,0.33,0.55,2026-09-06,2227,N20,nominal,2.0NRT,293.89,0.64,N
21.31316,57.74582,328.83,0.33,0.55,2026-09-06,2227,N20,nominal,2.0NRT,295.03,1.92,N
21.3185,57.7211,316.27,0.33,0.55,2026-09-06,2227,N20,nominal,2.0NRT,294.53,0.77,N
21.31383,57.74271,320,0.33,0.55,2026-09-06,2227,N20,nominal,2.0NRT,294.55,2.01,N
21.30233,57.79579,307.62,0.33,0.55,2026-09-06,2227,N20,nominal,2.0NRT,294.31,0.63,N
21.30166,57.79892,310.71,0.33,0.55,2026-09-06,2227,N20,nominal,2.0NRT,294.73,0.63,N
21.30625,57.70517,318.98,0.33,0.55,2026-09-06,2227,N20,nominal,2.0NRT,294.36,1.13,N
21.30632,57.70771,305.37,0.33,0.55,2026-09-06,2227,N20,nominal,2.0NRT,294.46,0.93,N
21.29663,57.67929,315.31,0.33,0.55,2026-09-06,2227,N20,nominal,2.0NRT,294.36,0.74,N
20.37159,55.93338,330.22,0.53,0.5,2026-09-06,2229,N20,nominal,2.0NRT,295.84,3.56,N
20.38782,55.66091,329.52,0.51,0.49,2026-09-06,2229,N20,nominal,2.0NRT,295.92,3.54,N
20.38619,55.64569,317.62,0.51,0.49,2026-09-06,2229,N20,nominal,2.0NRT,295.8,1.19,N
20.22481,55.74179,332.06,0.52,0.5,2026-09-06,2229,N20,nominal,2.0NRT,296.78,3.94,N
20.21271,55.70877,308.18,0.51,0.5,2026-09-06,2229,N20,nominal,2.0NRT,294.84,1.06,N
20.21173,55.71364,307.38,0.51,0.5,2026-09-06,2229,N20,nominal,2.0NRT,295.14,1.2,N
19.34924,56.45813,306.76,0.6,0.53,2026-09-06,2229,N20,nominal,2.0NRT,293.69,0.6,N
18.32205,55.10752,331.52,0.51,0.49,2026-09-06,2229,N20,nominal,2.0NRT,295.02,2.93,N
18.32296,55.10277,307.3,0.51,0.49,2026-09-06,2229,N20,nominal,2.0NRT,293.96,2.03,N
22.17217,99.19225,326.09,0.38,0.43,2026-09-07,0618,N20,nominal,2.0NRT,295.8,2.39,D
23.10064,101.7437,329.45,0.42,0.38,2026-09-07,0618,N20,nominal,2.0NRT,293.32,1.88,D
23.53551,99.40033,325.78,0.53,0.42,2026-09-07,0620,N20,low,2.0NRT,297.79,3.1,D
23.25359,97.80548,325.56,0.44,0.46,2026-09-07,0620,N20,low,2.0NRT,299.19,3.56,D
23.25274,97.80108,326.33,0.44,0.46,2026-09-07,0620,N20,low,2.0NRT,299.75,3.56,D
23.43533,98.733,340.72,0.39,0.44,2026-09-07,0620,N20,nominal,2.0NRT,295.07,5.32,D
24.2225,98.20184,337.5,0.4,0.45,2026-09-07,0620,N20,nominal,2.0NRT,297.06,3.28,D
24.23529,97.23015,338.31,0.46,0.47,2026-09-07,0620,N20,nominal,2.0NRT,293,2.71,D
25.37957,100.51462,327.75,0.45,0.39,2026-09-07,0620,N20,low,2.0NRT,301.87,4.1,D
25.57311,101.22971,329.3,0.42,0.38,2026-09-07,0620,N20,low,2.0NRT,300.91,1.62,D
25.41581,100.22406,325.7,0.46,0.39,2026-09-07,0620,N20,low,2.0NRT,299.36,3.1,D
26.02496,101.72231,339.44,0.4,0.37,2026-09-07,0620,N20,nominal,2.0NRT,307.92,8.33,D
26.02431,101.71832,333.63,0.4,0.37,2026-09-07,0620,N20,nominal,2.0NRT,304.98,5,D
26.11386,99.94964,328.26,0.46,0.39,2026-09-07,0620,N20,low,2.0NRT,302.27,4.13,D
26.52543,101.70016,332.66,0.4,0.37,2026-09-07,0620,N20,low,2.0NRT,305.99,7.6,D
26.62114,101.59893,329.62,0.4,0.37,2026-09-07,0620,N20,nominal,2.0NRT,299.58,10.28,D
27.8688,96.92564,333.24,0.41,0.45,2026-09-07,0620,N20,nominal,2.0NRT,291.64,4.24,D
28.50017,97.02524,329.42,0.4,0.44,2026-09-07,0620,N20,nominal,2.0NRT,295.01,3.15,D
28.57545,96.95508,326.49,0.4,0.44,2026-09-07,0620,N20,nominal,2.0NRT,294.32,3.48,D
6.78229,101.36192,333.05,0.51,0.49,2026-09-07,0614,N20,nominal,2.0NRT,277.57,3.67,D
7.59868,99.39725,337.1,0.33,0.56,2026-09-07,0614,N20,nominal,2.0NRT,282.03,2.77,D
7.5974,99.39661,330.68,0.33,0.56,2026-09-07,0614,N20,nominal,2.0NRT,282.13,2.66,D
13.34166,99.40526,342.7,0.53,0.5,2026-09-07,0616,N20,nominal,2.0NRT,288.73,9.39,D
15.21069,100.27454,340.44,0.43,0.46,2026-09-07,0616,N20,nominal,2.0NRT,285.06,5.21,D
15.84107,99.61911,330.12,0.46,0.47,2026-09-07,0616,N20,nominal,2.0NRT,289.44,2.29,D
16.03392,100.19688,330.65,0.42,0.45,2026-09-07,0616,N20,nominal,2.0NRT,289.23,2.71,D
16.07176,99.99715,330.89,0.43,0.46,2026-09-07,0616,N20,nominal,2.0NRT,289.98,3.91,D
16.11913,99.99621,340.55,0.43,0.46,2026-09-07,0616,N20,nominal,2.0NRT,288.64,4.59,D
16.13331,99.93121,330.83,0.44,0.46,2026-09-07,0616,N20,nominal,2.0NRT,288.38,3.34,D
16.12876,99.62232,330.81,0.46,0.47,2026-09-07,0616,N20,nominal,2.0NRT,289.53,1.64,D
16.11537,99.55052,332.24,0.46,0.47,2026-09-07,0616,N20,nominal,2.0NRT,290.23,1.98,D
16.3156,99.99635,329.78,0.43,0.46,2026-09-07,0616,N20,nominal,2.0NRT,287.8,2.25,D
16.2778,99.79125,329.21,0.44,0.46,2026-09-07,0616,N20,nominal,2.0NRT,288.45,2.87,D
16.85573,99.92136,333.07,0.43,0.46,2026-09-07,0618,N20,nominal,2.0NRT,293,4.24,D
16.83724,99.11435,328.62,0.48,0.48,2026-09-07,0618,N20,nominal,2.0NRT,288.73,5.82,D
17.00907,100.02458,335.81,0.42,0.45,2026-09-07,0618,N20,nominal,2.0NRT,290.44,3.52,D
17.13582,100.0985,334.02,0.41,0.45,2026-09-07,0618,N20,nominal,2.0NRT,292.24,1.77,D
6.36661,80.79317,337.76,0.42,0.37,2026-09-07,0756,N20,nominal,2.0NRT,295.96,4.59,D
6.37002,80.79258,335.82,0.42,0.37,2026-09-07,0756,N20,nominal,2.0NRT,293.77,4.59,D
6.80827,81.52845,341.3,0.39,0.37,2026-09-07,0756,N20,low,2.0NRT,307.23,9.72,D
6.77661,81.21552,355.42,0.4,0.37,2026-09-07,0756,N20,nominal,2.0NRT,306.49,13.44,D
6.77997,81.215,348.03,0.4,0.37,2026-09-07,0756,N20,nominal,2.0NRT,303.13,13.09,D
6.77829,81.20419,333.88,0.4,0.37,2026-09-07,0756,N20,nominal,2.0NRT,298.92,3.09,D
6.88153,81.58227,338.92,0.39,0.36,2026-09-07,0756,N20,low,2.0NRT,304.92,7.27,D
6.88173,81.5171,339.83,0.39,0.37,2026-09-07,0756,N20,low,2.0NRT,303.48,6.45,D
7.29526,81.84274,336.14,0.39,0.36,2026-09-07,0756,N20,nominal,2.0NRT,302.52,2.42,D
7.29279,81.76085,339.19,0.39,0.36,2026-09-07,0756,N20,low,2.0NRT,308.63,7.42,D
7.27614,81.58742,339.57,0.39,0.36,2026-09-07,0756,N20,low,2.0NRT,306.44,6.87,D
7.31833,81.72821,340.1,0.39,0.36,2026-09-07,0756,N20,low,2.0NRT,308.49,6.66,D
7.29508,81.55561,341.95,0.39,0.36,2026-09-07,0756,N20,nominal,2.0NRT,305.73,5.04,D
7.38413,81.82478,333.68,0.39,0.36,2026-09-07,0756,N20,nominal,2.0NRT,301.86,2.24,D
7.24286,80.85553,333.73,0.41,0.37,2026-09-07,0756,N20,nominal,2.0NRT,300.23,3.17,D
7.46433,81.61852,352.47,0.39,0.36,2026-09-07,0756,N20,nominal,2.0NRT,306.57,10.07,D
7.37748,80.88722,346.82,0.41,0.37,2026-09-07,0756,N20,nominal,2.0NRT,303.21,16.93,D
7.42242,80.93114,336.89,0.4,0.37,2026-09-07,0756,N20,nominal,2.0NRT,299.85,9.75,D
7.3755,79.91693,337.52,0.44,0.38,2026-09-07,0756,N20,nominal,2.0NRT,299.23,6.32,D
7.59198,81.04412,333.28,0.4,0.37,2026-09-07,0756,N20,low,2.0NRT,303.4,8.02,D
7.6807,80.8518,330.32,0.4,0.37,2026-09-07,0756,N20,low,2.0NRT,301.46,6.5,D
7.90697,81.18501,335.36,0.4,0.37,2026-09-07,0756,N20,nominal,2.0NRT,297.72,4.24,D
7.93657,81.18358,333.58,0.4,0.37,2026-09-07,0756,N20,nominal,2.0NRT,299.29,3.09,D
7.93936,81.1795,332.2,0.4,0.37,2026-09-07,0756,N20,nominal,2.0NRT,298.86,3.37,D
7.90105,80.1841,340.49,0.42,0.38,2026-09-07,0756,N20,nominal,2.0NRT,300.61,5.67,D
7.94653,80.44749,330.64,0.41,0.37,2026-09-07,0756,N20,low,2.0NRT,302.84,3.71,D
7.94594,80.44376,343.27,0.41,0.37,2026-09-07,0756,N20,nominal,2.0NRT,302.74,3.71,D
7.93089,80.32699,334.53,0.42,0.38,2026-09-07,0756,N20,nominal,2.0NRT,298.48,2.97,D
8.0247,80.49986,343.15,0.41,0.37,2026-09-07,0756,N20,nominal,2.0NRT,303.32,6.65,D
7.97786,80.1327,334.55,0.43,0.38,2026-09-07,0756,N20,nominal,2.0NRT,297.22,2.59,D
8.01622,80.35577,339.59,0.42,0.37,2026-09-07,0756,N20,low,2.0NRT,304.17,8.81,D
8.0704,80.60928,337.22,0.41,0.37,2026-09-07,0756,N20,low,2.0NRT,299.75,5.51,D
8.04061,80.28951,331.77,0.42,0.38,2026-09-07,0756,N20,low,2.0NRT,299.75,4.29,D
8.05834,80.37908,340.94,0.42,0.37,2026-09-07,0756,N20,low,2.0NRT,295.86,5.4,D
8.21503,81.02512,337.77,0.4,0.37,2026-09-07,0756,N20,low,2.0NRT,296.93,6.29,D
8.12862,80.29116,340.82,0.42,0.38,2026-09-07,0756,N20,nominal,2.0NRT,299.65,4.02,D
8.1816,80.15854,330.46,0.42,0.38,2026-09-07,0756,N20,nominal,2.0NRT,296.23,2.28,D
8.181,80.15474,332.61,0.42,0.38,2026-09-07,0756,N20,nominal,2.0NRT,297.15,2.45,D
8.32512,81.01137,334.55,0.4,0.37,2026-09-07,0756,N20,low,2.0NRT,296.11,4.56,D
8.33349,80.27773,338.11,0.42,0.37,2026-09-07,0756,N20,low,2.0NRT,299.07,5.98,D
8.33692,80.27718,344.37,0.42,0.37,2026-09-07,0756,N20,nominal,2.0NRT,298.29,5.98,D
8.33696,80.27749,340.22,0.42,0.37,2026-09-07,0756,N20,nominal,2.0NRT,298.09,6.51,D
8.4376,80.6262,350.48,0.41,0.37,2026-09-07,0756,N20,nominal,2.0NRT,300.69,8,D
8.38549,80.2736,337.65,0.42,0.37,2026-09-07,0756,N20,nominal,2.0NRT,296.63,5.84,D
8.40553,80.17766,333.03,0.42,0.38,2026-09-07,0756,N20,low,2.0NRT,299.17,6.91,D
8.52708,80.4381,335.63,0.41,0.37,2026-09-07,0756,N20,low,2.0NRT,298.55,8.75,D
8.49773,80.1628,337.82,0.42,0.38,2026-09-07,0756,N20,nominal,2.0NRT,296.7,5.73,D
8.64462,80.44922,336.1,0.41,0.37,2026-09-07,0756,N20,low,2.0NRT,300.72,6.17,D
8.79838,80.56017,335.29,0.41,0.37,2026-09-07,0756,N20,nominal,2.0NRT,297.29,4.96,D
8.79781,80.55651,338.43,0.41,0.37,2026-09-07,0756,N20,nominal,2.0NRT,296.98,4.96,D
8.90334,80.86642,333.69,0.4,0.37,2026-09-07,0756,N20,low,2.0NRT,296.81,8.54,D
8.94466,80.88927,336.7,0.4,0.37,2026-09-07,0756,N20,low,2.0NRT,297.69,9.22,D
9.40744,80.41663,338.39,0.41,0.37,2026-09-07,0756,N20,low,2.0NRT,301.2,4.96,D
9.41803,80.37354,336.42,0.41,0.37,2026-09-07,0756,N20,low,2.0NRT,301.75,4.36,D
9.45828,80.49841,340.29,0.4,0.37,2026-09-07,0756,N20,low,2.0NRT,302.49,3.76,D
9.45994,80.49815,339.69,0.4,0.37,2026-09-07,0756,N20,low,2.0NRT,301.76,5.53,D
9.31087,78.70359,337.45,0.48,0.4,2026-09-07,0756,N20,low,2.0NRT,297.83,5.85,D
9.17588,77.52955,333.67,0.55,0.43,2026-09-07,0756,N20,nominal,2.0NRT,299.97,8.74,D
9.8492,79.02195,337.74,0.45,0.39,2026-09-07,0756,N20,nominal,2.0NRT,299.89,6.43,D
9.85275,79.02138,332.75,0.45,0.39,2026-09-07,0756,N20,low,2.0NRT,300.37,6.25,D
9.63529,77.60835,342.81,0.54,0.42,2026-09-07,0756,N20,nominal,2.0NRT,302.94,8.02,D
9.8457,78.13853,334.93,0.5,0.41,2026-09-07,0756,N20,nominal,2.0NRT,300.66,2.71,D
10.22468,77.77197,334.69,0.52,0.41,2026-09-07,0756,N20,low,2.0NRT,306.1,8.85,D
11.83675,79.64706,330.56,0.41,0.37,2026-09-07,0758,N20,low,2.0NRT,303.37,2.82,D
12.96295,76.32122,331.95,0.38,0.43,2026-09-07,0758,N20,nominal,2.0NRT,297.55,2.32,D
13.38845,78.06381,332.82,0.46,0.39,2026-09-07,0758,N20,low,2.0NRT,306.44,1.99,D
13.54776,78.48175,334.21,0.44,0.38,2026-09-07,0758,N20,low,2.0NRT,304.84,3.39,D
14.04605,80.13187,341.07,0.39,0.36,2026-09-07,0758,N20,nominal,2.0NRT,305.84,6.63,D
13.73131,77.50441,334.5,0.48,0.4,2026-09-07,0758,N20,low,2.0NRT,306.13,7.2,D
13.62806,76.70334,339.65,0.53,0.42,2026-09-07,0758,N20,nominal,2.0NRT,298.98,2.49,D
14.41096,80.11783,335.9,0.39,0.36,2026-09-07,0758,N20,low,2.0NRT,306.11,4.35,D
13.86799,75.6541,342.27,0.41,0.45,2026-09-07,0758,N20,nominal,2.0NRT,299.36,5.94,D
14.77634,79.65341,335.97,0.39,0.37,2026-09-07,0758,N20,low,2.0NRT,304.72,5.99,D
15.0153,79.70184,335.52,0.39,0.36,2026-09-07,0758,N20,low,2.0NRT,301.28,5.42,D
15.34806,79.41764,336.9,0.4,0.37,2026-09-07,0758,N20,low,2.0NRT,304.73,3.98,D
15.18157,76.66959,336.02,0.51,0.41,2026-09-07,0758,N20,low,2.0NRT,301.93,6.93,D
15.52241,78.59602,330.49,0.42,0.37,2026-09-07,0758,N20,nominal,2.0NRT,298.13,4.41,D
16.2048,79.93924,331.35,0.39,0.36,2026-09-07,0758,N20,nominal,2.0NRT,299.62,0.85,D
16.71002,80.86552,333,0.39,0.36,2026-09-07,0758,N20,nominal,2.0NRT,298.99,2.81,D
16.70949,80.86193,331.56,0.39,0.36,2026-09-07,0758,N20,nominal,2.0NRT,300.65,3.2,D
16.87751,80.85262,337.08,0.39,0.36,2026-09-07,0758,N20,nominal,2.0NRT,301.12,2.2,D
17.60768,83.20284,331.05,0.45,0.39,2026-09-07,0758,N20,nominal,2.0NRT,300.57,5.01,D
17.60594,83.19016,336.4,0.45,0.39,2026-09-07,0758,N20,nominal,2.0NRT,299.77,4.36,D
17.91346,83.45412,331.62,0.47,0.39,2026-09-07,0758,N20,nominal,2.0NRT,299.02,2.62,D
17.648,80.69142,333.24,0.39,0.36,2026-09-07,0758,N20,low,2.0NRT,303.36,4.59,D
17.64549,77.66038,333.52,0.43,0.38,2026-09-07,0758,N20,nominal,2.0NRT,294.47,7.32,D
19.0995,82.16937,334.66,0.42,0.38,2026-09-07,0758,N20,nominal,2.0NRT,299.24,4.49,D
19.10239,82.16484,332.4,0.42,0.38,2026-09-07,0758,N20,nominal,2.0NRT,299.62,4.49,D
18.71933,79.53963,330.8,0.38,0.36,2026-09-07,0758,N20,low,2.0NRT,303.51,4.81,D
18.66639,79.11244,336.2,0.39,0.36,2026-09-07,0758,N20,nominal,2.0NRT,297.08,2.92,D
20.78684,85.25983,333.27,0.42,0.45,2026-09-07,0801,N20,nominal,2.0NRT,297.54,7.8,D
20.79469,85.25458,344.67,0.42,0.45,2026-09-07,0801,N20,nominal,2.0NRT,297.22,7.05,D
20.95021,86.05007,340.86,0.47,0.48,2026-09-07,0801,N20,nominal,2.0NRT,296.12,7.31,D
20.95033,86.05112,332.77,0.47,0.48,2026-09-07,0801,N20,nominal,2.0NRT,296.42,7.12,D
20.94981,86.04648,331.13,0.47,0.48,2026-09-07,0801,N20,nominal,2.0NRT,296.62,5.24,D
20.9633,86.00773,348.77,0.47,0.48,2026-09-07,0801,N20,nominal,2.0NRT,296.04,12.26,D
20.96821,86.01177,341.58,0.47,0.48,2026-09-07,0801,N20,nominal,2.0NRT,296.75,12.09,D
20.86253,84.9941,333.85,0.41,0.45,2026-09-07,0801,N20,nominal,2.0NRT,296.09,4.78,D
20.86206,84.99013,340.33,0.41,0.45,2026-09-07,0801,N20,nominal,2.0NRT,295.76,4.78,D
20.87122,84.99692,341.45,0.41,0.45,2026-09-07,0801,N20,nominal,2.0NRT,295.73,4.38,D
20.88621,84.98294,337.22,0.41,0.45,2026-09-07,0801,N20,nominal,2.0NRT,296.21,4.17,D
20.96817,85.15446,341.46,0.42,0.45,2026-09-07,0801,N20,nominal,2.0NRT,293.35,2.84,D
19.84601,75.83554,334.34,0.49,0.4,2026-09-07,0801,N20,low,2.0NRT,303.92,7.27,D
21.74162,83.84051,331.78,0.54,0.42,2026-09-07,0801,N20,nominal,2.0NRT,298.09,5.62,D
21.74616,83.84521,338.03,0.54,0.42,2026-09-07,0801,N20,nominal,2.0NRT,298.98,12.97,D
21.7539,83.84416,340.58,0.54,0.42,2026-09-07,0801,N20,nominal,2.0NRT,298.58,9.39,D
21.76231,83.8483,334.62,0.54,0.42,2026-09-07,0801,N20,nominal,2.0NRT,297.63,5.14,D
21.75552,83.84646,333.55,0.54,0.42,2026-09-07,0801,N20,nominal,2.0NRT,297.77,5.67,D
21.80068,83.89312,336.54,0.54,0.42,2026-09-07,0801,N20,nominal,2.0NRT,297.41,6.46,D
22.35682,82.30369,342.43,0.46,0.39,2026-09-07,0758,N20,nominal,2.0NRT,299.76,6.37,D
22.3604,82.30314,331.8,0.46,0.39,2026-09-07,0758,N20,nominal,2.0NRT,297.96,6.37,D
27.91547,67.57617,333.22,0.35,0.57,2026-09-07,0801,N20,nominal,2.0NRT,302.36,2.05,D
28.35803,67.92278,331.87,0.33,0.55,2026-09-07,0801,N20,nominal,2.0NRT,301.65,2.37,D
28.46146,67.8708,348.47,0.33,0.55,2026-09-07,0801,N20,nominal,2.0NRT,303.88,2.57,D
28.46639,67.86936,336.35,0.33,0.55,2026-09-07,0801,N20,nominal,2.0NRT,303.19,2.57,D
28.4836,67.8989,333.13,0.33,0.55,2026-09-07,0801,N20,nominal,2.0NRT,302.88,1.1,D
28.48717,67.75492,342.39,0.33,0.55,2026-09-07,0801,N20,nominal,2.0NRT,303.34,2.92,D
29.29025,70.98552,331.43,0.41,0.45,2026-09-07,0801,N20,low,2.0NRT,306.31,5.03,D
31.93335,74.71996,332.96,0.4,0.37,2026-09-07,0801,N20,nominal,2.0NRT,300.15,3.03,D
32.65147,73.67501,331.37,0.42,0.38,2026-09-07,0801,N20,nominal,2.0NRT,303.96,2.23,D
35.71199,66.87357,352.74,0.51,0.5,2026-09-07,0803,N20,nominal,2.0NRT,304.78,18.5,D
37.48974,66.0332,340.66,0.52,0.5,2026-09-07,0803,N20,low,2.0NRT,311.84,3.29,D
37.48594,66.03259,342.65,0.52,0.5,2026-09-07,0803,N20,nominal,2.0NRT,312.29,3.48,D
37.49035,66.03099,339.02,0.52,0.5,2026-09-07,0803,N20,nominal,2.0NRT,311.47,3.48,D
38.05038,67.2664,349.18,0.43,0.46,2026-09-07,0803,N20,nominal,2.0NRT,321.06,20.34,D
37.02895,62.41886,342.15,0.41,0.61,2026-09-07,0803,N20,low,2.0NRT,317.06,9.99,D
37.03427,62.41665,342.84,0.41,0.61,2026-09-07,0803,N20,low,2.0NRT,315.97,8.6,D
37.11462,62.36304,343.42,0.41,0.61,2026-09-07,0803,N20,low,2.0NRT,316.11,5.47,D
37.12112,62.3652,342.3,0.41,0.61,2026-09-07,0803,N20,low,2.0NRT,317.23,11.95,D
37.11993,62.36076,347.69,0.41,0.61,2026-09-07,0803,N20,nominal,2.0NRT,317.31,5.47,D
37.12042,62.3632,367,0.41,0.61,2026-09-07,0803,N20,high,2.0NRT,318.1,12.13,D
37.43348,59.88015,334.15,0.55,0.68,2026-09-07,0805,N20,nominal,2.0NRT,308.33,2.84,D
37.43198,59.87888,333.76,0.55,0.68,2026-09-07,0805,N20,nominal,2.0NRT,308.51,3.41,D
37.94061,60.4083,339.29,0.5,0.66,2026-09-07,0805,N20,low,2.0NRT,311.29,4.06,D
39.1691,63.25547,332.19,0.33,0.55,2026-09-07,0805,N20,low,2.0NRT,307.1,1.42,D
24.50573,56.60833,345.98,0.47,0.39,2026-09-07,0941,N20,nominal,2.0NRT,308.56,16.99,D
25.30655,56.37473,333.82,0.46,0.39,2026-09-07,0941,N20,nominal,2.0NRT,302.93,2.64,D
27.1594,56.10445,335.85,0.47,0.4,2026-09-07,0941,N20,nominal,2.0NRT,305.56,8.19,D
27.15879,56.09971,339.25,0.47,0.4,2026-09-07,0941,N20,nominal,2.0NRT,305.57,8.19,D
27.16788,56.05479,347.16,0.47,0.4,2026-09-07,0941,N20,nominal,2.0NRT,306.75,10.47,D
34.50991,63.87305,333.32,0.53,0.67,2026-09-07,0943,N20,low,2.0NRT,307.16,4.96,D
37.11755,62.36647,353.46,0.45,0.63,2026-09-07,0945,N20,nominal,2.0NRT,317.71,10.3,D
37.11702,62.36569,367,0.45,0.63,2026-09-07,0945,N20,high,2.0NRT,318.66,17.37,D
37.13022,61.36437,356.03,0.39,0.6,2026-09-07,0945,N20,low,2.0NRT,307.77,9.41,D
37.13574,61.36395,367,0.39,0.6,2026-09-07,0945,N20,high,2.0NRT,305.86,9.41,D
36.85705,54.27446,330.98,0.5,0.41,2026-09-07,0945,N20,nominal,2.0NRT,300.68,2.9,D
36.94563,54.89082,333.15,0.53,0.42,2026-09-07,0945,N20,low,2.0NRT,303.18,6.06,D
36.94351,54.62909,333.93,0.52,0.41,2026-09-07,0945,N20,nominal,2.0NRT,302.8,4.65,D
36.9426,54.62713,331.88,0.52,0.41,2026-09-07,0945,N20,low,2.0NRT,302.36,3.48,D
36.99013,54.39776,337.89,0.5,0.41,2026-09-07,0945,N20,nominal,2.0NRT,305.47,2.73,D
38.64816,54.28484,339.42,0.52,0.41,2026-09-07,0945,N20,nominal,2.0NRT,308.7,5.96,D
38.67868,54.31607,338.72,0.52,0.42,2026-09-07,0945,N20,nominal,2.0NRT,307.35,2.5,D
18.32164,55.10532,349.45,0.39,0.36,2026-09-07,0941,N20,nominal,2.0NRT,314.59,9.56,D
18.55999,55.86964,335.9,0.4,0.37,2026-09-07,0941,N20,low,2.0NRT,309.38,2.06,D
19.26857,56.17419,341.52,0.41,0.37,2026-09-07,0941,N20,nominal,2.0NRT,311.49,4.17,D
20.21266,55.71081,342.16,0.4,0.37,2026-09-07,0941,N20,low,2.0NRT,315.51,1.83,D
20.22381,55.74023,342.29,0.4,0.37,2026-09-07,0941,N20,low,2.0NRT,315.53,1.08,D
20.37555,55.93658,340.53,0.41,0.37,2026-09-07,0941,N20,low,2.0NRT,311.8,0.83,D
20.38836,55.66319,344.51,0.4,0.37,2026-09-07,0941,N20,nominal,2.0NRT,314.25,3.19,D
20.38617,55.64796,341.74,0.4,0.37,2026-09-07,0941,N20,nominal,2.0NRT,310.24,0.97,D
21.3092,57.74673,341.94,0.49,0.4,2026-09-07,0941,N20,low,2.0NRT,314.07,4.43,D
21.33261,57.72421,341.47,0.49,0.4,2026-09-07,0941,N20,low,2.0NRT,314.5,1.63,D
21.46246,56.96808,344.29,0.45,0.39,2026-09-07,0941,N20,low,2.0NRT,316.14,1.23,D
21.83477,56.68261,342.56,0.44,0.39,2026-09-07,0943,N20,low,2.0NRT,316.68,2.39,D
21.93699,57.07568,341.26,0.46,0.39,2026-09-07,0943,N20,low,2.0NRT,314.18,4.12,D
22.32781,56.48865,341.1,0.44,0.38,2026-09-07,0943,N20,low,2.0NRT,312.94,1.78,D
22.40176,56.98811,340.13,0.46,0.39,2026-09-07,0943,N20,low,2.0NRT,311.53,3.98,D
22.34549,56.43392,341.61,0.44,0.38,2026-09-07,0943,N20,low,2.0NRT,311.7,1.21,D
22.44258,56.69946,348.63,0.45,0.39,2026-09-07,0943,N20,nominal,2.0NRT,313.58,15.21,D
22.67042,56.25192,342.91,0.43,0.38,2026-09-07,0943,N20,low,2.0NRT,313.98,0.33,D
22.8797,55.92745,345.68,0.42,0.38,2026-09-07,0943,N20,nominal,2.0NRT,315.07,17.51,D
