latitude,longitude,bright_ti4,scan,track,acq_date,acq_time,satellite,confidence,version,bright_ti5,frp,daynight
39.83781,96.74334,341.24,0.52,0.41,2026-08-31,0654,N20,nominal,2.0NRT,312.32,4.64,D
23.0966,101.16403,341.97,0.55,0.43,2026-08-31,0650,N20,nominal,2.0NRT,297.85,10.61,D
23.09686,101.16112,331.79,0.55,0.43,2026-08-31,0650,N20,nominal,2.0NRT,294.79,5.89,D
29.24173,91.86179,330.56,0.43,0.38,2026-08-31,0652,N20,nominal,2.0NRT,297.19,3.12,D
29.61658,91.05703,338.16,0.46,0.39,2026-08-31,0652,N20,nominal,2.0NRT,299.37,6.07,D
6.99862,81.59916,367,0.52,0.5,2026-08-31,0826,N20,high,2.0NRT,296.13,7.7,D
7.43756,81.69706,342.36,0.54,0.5,2026-08-31,0826,N20,nominal,2.0NRT,296.76,14.11,D
17.77075,75.83885,338.77,0.48,0.4,2026-08-31,0830,N20,nominal,2.0NRT,299.26,1.97,D
7.4991,81.03271,338.08,0.48,0.48,2026-08-31,0828,N20,nominal,2.0NRT,300.78,5.5,D
7.52465,80.89653,335.78,0.47,0.48,2026-08-31,0828,N20,nominal,2.0NRT,302.09,5.76,D
17.96539,75.48702,336.33,0.46,0.39,2026-08-31,0830,N20,nominal,2.0NRT,299.52,3.37,D
7.52504,80.89655,334.12,0.47,0.48,2026-08-31,0828,N20,nominal,2.0NRT,302.17,5.21,D
21.10255,72.63916,337.23,0.39,0.37,2026-08-31,0833,N20,nominal,2.0NRT,296.08,7.44,D
7.57079,80.9034,335.4,0.48,0.48,2026-08-31,0828,N20,nominal,2.0NRT,303.23,3.04,D
21.102,72.63538,337.48,0.39,0.37,2026-08-31,0833,N20,nominal,2.0NRT,299.47,9.17,D
21.93708,57.07782,342.66,0.69,0.74,2026-08-31,0833,N20,nominal,2.0NRT,307.42,6.32,D
7.6052,80.95647,335.52,0.48,0.48,2026-08-31,0828,N20,nominal,2.0NRT,304.23,3.1,D
22.28808,56.53252,340.06,0.73,0.76,2026-08-31,0833,N20,nominal,2.0NRT,307.64,2.93,D
7.74957,81.51717,346.03,0.53,0.5,2026-08-31,0828,N20,nominal,2.0NRT,302.95,19.14,D
22.28867,56.53329,337.12,0.73,0.76,2026-08-31,0833,N20,low,2.0NRT,307.69,4.07,D
7.72003,80.84877,331.34,0.47,0.48,2026-08-31,0828,N20,nominal,2.0NRT,300.43,3.48,D
7.71942,80.84451,336.88,0.47,0.48,2026-08-31,0828,N20,nominal,2.0NRT,303.13,3.48,D
7.72003,80.84563,347.33,0.47,0.48,2026-08-31,0828,N20,nominal,2.0NRT,303.24,6.05,D
22.28691,56.52642,338.12,0.73,0.76,2026-08-31,0833,N20,nominal,2.0NRT,307.79,4.07,D
7.85724,81.08614,333.75,0.49,0.49,2026-08-31,0828,N20,nominal,2.0NRT,302.89,1.9,D
7.73907,80.14016,333.41,0.43,0.46,2026-08-31,0828,N20,nominal,2.0NRT,297.08,3.33,D
22.32884,56.49116,346.68,0.73,0.76,2026-08-31,0833,N20,nominal,2.0NRT,307.73,7.54,D
25.59085,72.62873,332.94,0.42,0.38,2026-08-31,0833,N20,nominal,2.0NRT,297.48,2.74,D
7.74014,80.1397,332.59,0.43,0.46,2026-08-31,0828,N20,nominal,2.0NRT,296.6,2.97,D
22.87486,55.9286,337.93,0.77,0.77,2026-08-31,0833,N20,low,2.0NRT,309.25,1.09,D
7.92868,81.39046,346.49,0.52,0.5,2026-08-31,0828,N20,nominal,2.0NRT,303.2,8.32,D
26.85779,72.11017,338.83,0.41,0.37,2026-08-31,0833,N20,low,2.0NRT,311.09,4.51,D
7.94064,81.30788,356.05,0.51,0.49,2026-08-31,0828,N20,nominal,2.0NRT,305.12,23.69,D
7.94,81.30324,348.48,0.51,0.49,2026-08-31,0828,N20,nominal,2.0NRT,306.21,19.41,D
27.71156,68.48968,355.88,0.39,0.36,2026-08-31,0835,N20,nominal,2.0NRT,310.97,16.14,D
7.93936,81.2986,345.25,0.51,0.49,2026-08-31,0828,N20,nominal,2.0NRT,305.79,19.41,D
7.88049,80.61715,343.42,0.46,0.47,2026-08-31,0828,N20,nominal,2.0NRT,300.13,19.85,D
7.85687,80.04932,340.53,0.42,0.45,2026-08-31,0828,N20,nominal,2.0NRT,297.19,3.24,D
27.71487,68.489,352.2,0.39,0.36,2026-08-31,0835,N20,nominal,2.0NRT,311.55,16.01,D
7.85634,80.04549,331.45,0.42,0.45,2026-08-31,0828,N20,nominal,2.0NRT,298.8,3.24,D
28.42509,69.702,338.27,0.38,0.36,2026-08-31,0835,N20,low,2.0NRT,309.15,3.55,D
7.96193,80.58586,350.46,0.46,0.47,2026-08-31,0828,N20,nominal,2.0NRT,300.88,12.47,D
8.00996,80.61324,342.03,0.46,0.47,2026-08-31,0828,N20,nominal,2.0NRT,299.58,9.07,D
8.00937,80.60907,350.18,0.46,0.47,2026-08-31,0828,N20,nominal,2.0NRT,302.56,9.07,D
29.2713,70.6321,333.19,0.4,0.37,2026-08-31,0835,N20,low,2.0NRT,308.14,2.44,D
8.01371,80.60847,334.84,0.46,0.47,2026-08-31,0828,N20,nominal,2.0NRT,298.38,9.07,D
8.00677,80.52929,339.52,0.45,0.47,2026-08-31,0828,N20,nominal,2.0NRT,297.5,3.71,D
8.01137,80.61227,342.11,0.46,0.47,2026-08-31,0828,N20,nominal,2.0NRT,299.56,9.51,D
8.0108,80.6081,349.17,0.46,0.47,2026-08-31,0828,N20,nominal,2.0NRT,300.99,9.51,D
8.00447,80.52874,339.29,0.46,0.47,2026-08-31,0828,N20,nominal,2.0NRT,299.19,6.31,D
29.76927,72.40252,334.09,0.45,0.39,2026-08-31,0835,N20,nominal,2.0NRT,303.52,3.68,D
7.99625,80.37224,336.79,0.44,0.46,2026-08-31,0828,N20,nominal,2.0NRT,300.03,4.87,D
27.17013,56.05609,340.75,0.6,0.71,2026-08-31,0835,N20,nominal,2.0NRT,306.64,7.22,D
7.9777,80.23698,333.13,0.44,0.46,2026-08-31,0828,N20,nominal,2.0NRT,301.56,3.64,D
27.16864,56.05035,344.79,0.6,0.71,2026-08-31,0835,N20,nominal,2.0NRT,307.43,8.12,D
8.00052,80.37166,346.44,0.44,0.46,2026-08-31,0828,N20,nominal,2.0NRT,301.25,4.87,D
27.17103,56.05228,339.2,0.6,0.71,2026-08-31,0835,N20,nominal,2.0NRT,306.43,4.75,D
7.97739,80.14129,351.59,0.43,0.46,2026-08-31,0828,N20,nominal,2.0NRT,301.27,13.74,D
31.37635,74.44994,338.11,0.39,0.44,2026-08-31,0835,N20,nominal,2.0NRT,298.85,4.08,D
8.0623,80.6608,333.65,0.47,0.47,2026-08-31,0828,N20,nominal,2.0NRT,303.31,3.46,D
8.02744,80.40894,341.49,0.45,0.47,2026-08-31,0828,N20,nominal,2.0NRT,299.2,7.85,D
31.41202,74.55347,330.68,0.39,0.44,2026-08-31,0835,N20,nominal,2.0NRT,299.58,1.49,D
8.00086,80.2176,350.56,0.43,0.46,2026-08-31,0828,N20,nominal,2.0NRT,303.05,18.92,D
8.0432,80.3658,332.85,0.44,0.46,2026-08-31,0828,N20,nominal,2.0NRT,301.34,3.31,D
31.47198,74.22855,332,0.57,0.43,2026-08-31,0835,N20,nominal,2.0NRT,300.74,3.85,D
8.07497,80.56109,344.08,0.46,0.47,2026-08-31,0828,N20,nominal,2.0NRT,299.79,6.7,D
8.00891,79.94204,331.5,0.42,0.45,2026-08-31,0828,N20,nominal,2.0NRT,300.57,3.64,D
8.11853,80.619,336.09,0.46,0.47,2026-08-31,0828,N20,nominal,2.0NRT,302.05,4.81,D
31.46411,72.13901,335.09,0.45,0.39,2026-08-31,0835,N20,nominal,2.0NRT,299.7,4.92,D
8.04964,80.00629,349.23,0.42,0.45,2026-08-31,0828,N20,nominal,2.0NRT,300.61,6.46,D
31.46708,72.13364,347,0.45,0.39,2026-08-31,0835,N20,nominal,2.0NRT,299.65,11.41,D
31.80262,73.7253,330.04,0.54,0.42,2026-08-31,0835,N20,nominal,2.0NRT,297.09,3.75,D
8.05381,80.00571,334.41,0.42,0.45,2026-08-31,0828,N20,nominal,2.0NRT,299.61,4.26,D
8.14395,80.59945,336.44,0.46,0.47,2026-08-31,0828,N20,nominal,2.0NRT,302.46,3.06,D
8.16395,80.584,335.73,0.46,0.47,2026-08-31,0828,N20,nominal,2.0NRT,299.59,2.2,D
8.16829,80.5834,335.75,0.46,0.47,2026-08-31,0828,N20,nominal,2.0NRT,300.42,3.59,D
35.09776,60.74492,337.57,0.42,0.46,2026-08-31,0837,N20,nominal,2.0NRT,305.47,2.5,D
8.24863,80.5135,334.47,0.46,0.47,2026-08-31,0828,N20,nominal,2.0NRT,302.25,3.91,D
8.25295,80.51289,335.61,0.46,0.47,2026-08-31,0828,N20,nominal,2.0NRT,300.72,3.91,D
8.19681,80.07571,331.78,0.43,0.46,2026-08-31,0828,N20,low,2.0NRT,302.78,2.98,D
38.52938,77.47591,330.2,0.34,0.56,2026-08-31,0837,N20,low,2.0NRT,304.68,2.74,D
8.33387,81.00347,346.86,0.49,0.49,2026-08-31,0828,N20,nominal,2.0NRT,303.47,11.23,D
8.28996,80.58859,333.05,0.46,0.47,2026-08-31,0828,N20,nominal,2.0NRT,302.72,7.2,D
8.3638,81.05466,332.73,0.5,0.49,2026-08-31,0828,N20,nominal,2.0NRT,301.97,3.85,D
8.36317,81.05014,337.35,0.5,0.49,2026-08-31,0828,N20,nominal,2.0NRT,303.77,3.85,D
8.2757,80.33056,332.23,0.45,0.47,2026-08-31,0828,N20,nominal,2.0NRT,302.15,3.22,D
8.27287,80.18867,336.16,0.44,0.46,2026-08-31,0828,N20,nominal,2.0NRT,303.69,3.83,D
8.40235,81.03561,331.3,0.5,0.49,2026-08-31,0828,N20,low,2.0NRT,302.1,2.93,D
8.29123,80.22637,338.13,0.44,0.46,2026-08-31,0828,N20,nominal,2.0NRT,303.32,4.07,D
8.29536,80.22634,346.13,0.44,0.46,2026-08-31,0828,N20,nominal,2.0NRT,304.54,8.41,D
8.33133,80.39417,332.61,0.45,0.47,2026-08-31,0828,N20,nominal,2.0NRT,302.07,2.1,D
8.44329,81.08285,344.6,0.5,0.49,2026-08-31,0828,N20,nominal,2.0NRT,303.43,7.36,D
8.39604,80.63992,332.36,0.47,0.48,2026-08-31,0828,N20,low,2.0NRT,302.99,3.64,D
8.34843,80.29674,343.2,0.44,0.46,2026-08-31,0828,N20,nominal,2.0NRT,303.86,9.99,D
8.39514,80.60126,331.06,0.47,0.47,2026-08-31,0828,N20,nominal,2.0NRT,300.38,2.53,D
8.37198,80.43458,333.34,0.45,0.47,2026-08-31,0828,N20,nominal,2.0NRT,301.4,3.91,D
8.34466,80.20757,340.2,0.44,0.46,2026-08-31,0828,N20,nominal,2.0NRT,305.84,6.19,D
8.43194,80.80195,353.15,0.48,0.48,2026-08-31,0828,N20,nominal,2.0NRT,301.78,7,D
8.35112,80.22285,333.21,0.44,0.46,2026-08-31,0828,N20,nominal,2.0NRT,302.22,2.05,D
8.34946,80.21097,334.65,0.44,0.46,2026-08-31,0828,N20,nominal,2.0NRT,302.27,4.4,D
8.34278,80.16339,341.1,0.44,0.46,2026-08-31,0828,N20,nominal,2.0NRT,303.38,5.79,D
8.34222,80.15943,332.6,0.44,0.46,2026-08-31,0828,N20,low,2.0NRT,304.18,5.79,D
8.43576,80.79701,336.48,0.48,0.48,2026-08-31,0828,N20,nominal,2.0NRT,299.69,7,D
8.3689,80.3186,333.67,0.45,0.47,2026-08-31,0828,N20,nominal,2.0NRT,302.3,3.76,D
8.36833,80.31458,330.13,0.45,0.47,2026-08-31,0828,N20,low,2.0NRT,302.74,2.92,D
8.34701,80.16283,343.23,0.44,0.46,2026-08-31,0828,N20,nominal,2.0NRT,303.68,5.79,D
8.34645,80.15887,337.48,0.44,0.46,2026-08-31,0828,N20,nominal,2.0NRT,303.68,5.79,D
8.3692,80.2898,336.36,0.44,0.46,2026-08-31,0828,N20,nominal,2.0NRT,302.59,2.11,D
8.3909,80.38186,349.29,0.45,0.47,2026-08-31,0828,N20,nominal,2.0NRT,300.79,40.32,D
8.3625,80.18092,342.32,0.44,0.46,2026-08-31,0828,N20,nominal,2.0NRT,304.29,3.56,D
8.43796,80.62118,332.73,0.47,0.48,2026-08-31,0828,N20,nominal,2.0NRT,300.05,2.75,D
8.37719,80.16282,332.03,0.44,0.46,2026-08-31,0828,N20,low,2.0NRT,304.92,2.67,D
8.38143,80.16226,331.65,0.44,0.46,2026-08-31,0828,N20,low,2.0NRT,305.45,2.67,D
8.47744,80.80485,341.04,0.48,0.48,2026-08-31,0828,N20,nominal,2.0NRT,298.83,4.89,D
8.4731,80.77429,340.33,0.48,0.48,2026-08-31,0828,N20,nominal,2.0NRT,301.83,7.36,D
8.38623,80.16566,345.13,0.44,0.46,2026-08-31,0828,N20,nominal,2.0NRT,304.71,12.55,D
8.38509,80.15776,331.14,0.44,0.46,2026-08-31,0828,N20,low,2.0NRT,304.11,3.7,D
8.38453,80.15381,336.04,0.44,0.46,2026-08-31,0828,N20,nominal,2.0NRT,304.79,3.7,D
8.38933,80.15719,345.67,0.44,0.46,2026-08-31,0828,N20,nominal,2.0NRT,304.63,3.7,D
8.38876,80.15323,340.33,0.44,0.46,2026-08-31,0828,N20,nominal,2.0NRT,302.27,3.7,D
8.38136,80.16219,331.12,0.44,0.46,2026-08-31,0828,N20,low,2.0NRT,305.1,7.23,D
8.38613,80.16559,343.26,0.44,0.46,2026-08-31,0828,N20,nominal,2.0NRT,304.58,7.23,D
8.38506,80.15767,331.51,0.44,0.46,2026-08-31,0828,N20,low,2.0NRT,303.82,4.95,D
8.38452,80.15371,343.49,0.44,0.46,2026-08-31,0828,N20,nominal,2.0NRT,305.46,4.95,D
8.47689,80.80559,341.17,0.48,0.48,2026-08-31,0828,N20,nominal,2.0NRT,298.99,5.55,D
8.47278,80.77496,334.05,0.48,0.48,2026-08-31,0828,N20,nominal,2.0NRT,301.25,5.96,D
8.38929,80.15709,346.41,0.44,0.46,2026-08-31,0828,N20,nominal,2.0NRT,304.08,4.51,D
8.38875,80.15311,332.2,0.44,0.46,2026-08-31,0828,N20,nominal,2.0NRT,301.95,4.51,D
8.48752,80.81756,339.16,0.48,0.48,2026-08-31,0828,N20,nominal,2.0NRT,300.56,5.26,D
8.49255,80.82135,337.85,0.48,0.48,2026-08-31,0828,N20,nominal,2.0NRT,300.6,5.26,D
8.45679,80.5248,340.68,0.46,0.47,2026-08-31,0828,N20,nominal,2.0NRT,298.18,2.27,D
8.50704,80.82832,348.79,0.48,0.48,2026-08-31,0828,N20,nominal,2.0NRT,301.89,9.54,D
8.48861,80.62767,338.9,0.47,0.48,2026-08-31,0828,N20,nominal,2.0NRT,296.42,3.9,D
8.54867,80.86773,342.36,0.49,0.48,2026-08-31,0828,N20,nominal,2.0NRT,301.5,3.74,D
8.58205,80.97684,336.89,0.5,0.49,2026-08-31,0828,N20,nominal,2.0NRT,302.13,6.9,D
8.55046,80.75088,343,0.48,0.48,2026-08-31,0828,N20,nominal,2.0NRT,302.16,10.09,D
8.61864,81.13992,336.01,0.51,0.49,2026-08-31,0828,N20,nominal,2.0NRT,304.3,9.72,D
8.55546,80.6274,337.14,0.47,0.48,2026-08-31,0828,N20,nominal,2.0NRT,296.27,3.18,D
8.55486,80.62312,333.35,0.47,0.48,2026-08-31,0828,N20,nominal,2.0NRT,301.02,3.18,D
8.55923,80.6225,336.01,0.47,0.48,2026-08-31,0828,N20,nominal,2.0NRT,303.06,8.58,D
8.5926,80.82563,347.51,0.49,0.48,2026-08-31,0828,N20,nominal,2.0NRT,306.04,18.26,D
8.55621,80.62737,334.33,0.47,0.48,2026-08-31,0828,N20,nominal,2.0NRT,299.17,5.58,D
8.55563,80.62306,343.88,0.47,0.48,2026-08-31,0828,N20,nominal,2.0NRT,302.43,5.58,D
8.59185,80.82607,355.1,0.49,0.48,2026-08-31,0828,N20,nominal,2.0NRT,306.02,19.95,D
8.59689,80.82993,343.67,0.49,0.48,2026-08-31,0828,N20,nominal,2.0NRT,302.84,8.4,D
8.59629,80.82545,336.88,0.49,0.48,2026-08-31,0828,N20,nominal,2.0NRT,302.29,6.37,D
8.58503,80.74178,338.14,0.48,0.48,2026-08-31,0828,N20,nominal,2.0NRT,306.07,54.47,D
8.62364,80.99509,330.37,0.5,0.49,2026-08-31,0828,N20,low,2.0NRT,300.69,3.42,D
8.6212,80.97694,330.05,0.5,0.49,2026-08-31,0828,N20,low,2.0NRT,302.13,4.23,D
8.62569,80.97631,342.52,0.5,0.49,2026-08-31,0828,N20,nominal,2.0NRT,303.06,9.27,D
8.65062,80.9914,346.12,0.5,0.49,2026-08-31,0828,N20,nominal,2.0NRT,303.27,8.52,D
8.61147,80.67232,335.18,0.47,0.48,2026-08-31,0828,N20,nominal,2.0NRT,300.27,3.92,D
8.63244,80.7268,333.84,0.48,0.48,2026-08-31,0828,N20,nominal,2.0NRT,301.88,3.03,D
8.65821,80.88054,332.53,0.49,0.49,2026-08-31,0828,N20,nominal,2.0NRT,299.8,4.07,D
8.64962,80.81837,332.66,0.49,0.48,2026-08-31,0828,N20,low,2.0NRT,302.75,1.84,D
8.64901,80.814,332.32,0.49,0.48,2026-08-31,0828,N20,nominal,2.0NRT,301.8,1.84,D
8.63687,80.72626,334.92,0.48,0.48,2026-08-31,0828,N20,nominal,2.0NRT,301.75,8.18,D
8.65346,80.81342,331.31,0.49,0.48,2026-08-31,0828,N20,nominal,2.0NRT,299.83,1.84,D
8.64128,80.72565,356.03,0.48,0.48,2026-08-31,0828,N20,nominal,2.0NRT,303.5,8.18,D
8.67149,80.91069,330.54,0.49,0.49,2026-08-31,0828,N20,low,2.0NRT,300.94,3.57,D
8.67534,80.90561,346.08,0.49,0.49,2026-08-31,0828,N20,nominal,2.0NRT,302.55,5.1,D
8.64102,80.6594,343.21,0.47,0.48,2026-08-31,0828,N20,nominal,2.0NRT,300.08,5.43,D
8.62401,80.50606,331.19,0.46,0.47,2026-08-31,0828,N20,low,2.0NRT,302.37,4.22,D
8.68154,80.7559,334.19,0.48,0.48,2026-08-31,0828,N20,nominal,2.0NRT,301.97,4.6,D
8.67484,80.74409,331.03,0.48,0.48,2026-08-31,0828,N20,low,2.0NRT,302.7,1.87,D
8.68043,80.75225,330.65,0.48,0.48,2026-08-31,0828,N20,low,2.0NRT,303.01,9.53,D
8.79099,80.99689,337.77,0.5,0.49,2026-08-31,0828,N20,nominal,2.0NRT,303.73,6.61,D
8.71115,80.42238,344.82,0.46,0.47,2026-08-31,0828,N20,nominal,2.0NRT,302.92,11.1,D
8.80585,80.97179,353.05,0.5,0.49,2026-08-31,0828,N20,nominal,2.0NRT,306.76,24.52,D
8.811,80.97575,342.4,0.5,0.49,2026-08-31,0828,N20,nominal,2.0NRT,302.77,12.43,D
8.71157,80.17744,337.48,0.44,0.46,2026-08-31,0828,N20,nominal,2.0NRT,303,3.47,D
8.71583,80.17689,339.95,0.44,0.46,2026-08-31,0828,N20,nominal,2.0NRT,301.39,3.47,D
8.34184,77.54288,343.41,0.46,0.39,2026-08-31,0828,N20,nominal,2.0NRT,302.56,8.3,D
8.7154,80.17755,345.71,0.44,0.46,2026-08-31,0828,N20,nominal,2.0NRT,302.75,5.83,D
8.80527,80.54754,341.81,0.47,0.48,2026-08-31,0828,N20,nominal,2.0NRT,301.71,5.75,D
8.86022,80.88332,338.12,0.49,0.49,2026-08-31,0828,N20,nominal,2.0NRT,305.74,4.71,D
8.8647,80.88271,349.15,0.49,0.49,2026-08-31,0828,N20,nominal,2.0NRT,305.26,9.01,D
8.80618,80.39346,330.66,0.46,0.47,2026-08-31,0828,N20,low,2.0NRT,303.94,3.18,D
8.84779,80.6291,331.81,0.47,0.48,2026-08-31,0828,N20,low,2.0NRT,305.61,3.09,D
37.03328,62.418,343.66,0.49,0.4,2026-08-31,0835,N20,low,2.0NRT,315.86,14.47,D
8.87747,80.74528,334.47,0.48,0.48,2026-08-31,0828,N20,low,2.0NRT,304.58,5.16,D
8.44717,77.58348,335.04,0.46,0.39,2026-08-31,0828,N20,nominal,2.0NRT,302.12,2.18,D
8.90025,80.48766,349.11,0.47,0.47,2026-08-31,0828,N20,nominal,2.0NRT,304.52,5.05,D
37.11746,62.36213,341.52,0.49,0.4,2026-08-31,0835,N20,low,2.0NRT,316.43,18.59,D
8.9064,80.43552,343.6,0.46,0.47,2026-08-31,0828,N20,nominal,2.0NRT,305.69,7.62,D
37.16813,60.97911,335.42,0.56,0.43,2026-08-31,0835,N20,low,2.0NRT,307.8,5.2,D
8.91393,80.42594,347.9,0.46,0.47,2026-08-31,0828,N20,nominal,2.0NRT,304.41,18.93,D
8.89342,80.21487,330.08,0.45,0.47,2026-08-31,0828,N20,low,2.0NRT,304.16,4.02,D
8.99764,80.77033,332.49,0.49,0.48,2026-08-31,0828,N20,low,2.0NRT,304.31,4.46,D
37.09755,60.57957,347.01,0.39,0.44,2026-08-31,0835,N20,nominal,2.0NRT,309.37,3.78,D
9.00123,80.77132,336.29,0.49,0.48,2026-08-31,0828,N20,nominal,2.0NRT,303.31,2.96,D
8.97628,80.38439,341.82,0.46,0.47,2026-08-31,0828,N20,nominal,2.0NRT,303,6.5,D
37.10149,60.57827,345.92,0.39,0.44,2026-08-31,0835,N20,nominal,2.0NRT,309.73,5.17,D
8.97572,80.38023,341.86,0.46,0.47,2026-08-31,0828,N20,nominal,2.0NRT,305.11,6.5,D
9.03879,80.4529,349.93,0.47,0.47,2026-08-31,0828,N20,nominal,2.0NRT,306.54,5.85,D
9.0382,80.44867,333.31,0.46,0.47,2026-08-31,0828,N20,low,2.0NRT,305.99,5.85,D
9.01742,80.11259,332.54,0.44,0.46,2026-08-31,0828,N20,low,2.0NRT,306.74,4.92,D
37.16067,60.53287,332.54,0.4,0.44,2026-08-31,0835,N20,low,2.0NRT,307.33,5.68,D
8.72286,77.91467,338.28,0.49,0.4,2026-08-31,0828,N20,nominal,2.0NRT,306.32,6.73,D
38.52273,68.20808,337.25,0.4,0.37,2026-08-31,0835,N20,low,2.0NRT,311.72,3.6,D
9.14675,80.68382,341.12,0.48,0.48,2026-08-31,0828,N20,nominal,2.0NRT,305.98,7.74,D
37.49818,61.84877,334.74,0.51,0.41,2026-08-31,0835,N20,low,2.0NRT,309.52,5.17,D
8.74155,77.75618,337.88,0.48,0.4,2026-08-31,0828,N20,nominal,2.0NRT,305.11,6.5,D
37.84495,60.54692,336.21,0.38,0.43,2026-08-31,0835,N20,low,2.0NRT,311.21,2.95,D
9.13589,80.28188,336.74,0.45,0.47,2026-08-31,0828,N20,low,2.0NRT,307.55,2.63,D
9.1854,80.30553,333.61,0.46,0.47,2026-08-31,0828,N20,low,2.0NRT,304,5.33,D
9.17064,80.13245,337.12,0.45,0.47,2026-08-31,0828,N20,nominal,2.0NRT,301.83,7.29,D
37.82474,59.09965,331.02,0.45,0.47,2026-08-31,0835,N20,low,2.0NRT,303.9,1.51,D
9.30984,80.43034,335.04,0.47,0.48,2026-08-31,0828,N20,nominal,2.0NRT,299.73,3.09,D
9.36466,80.44054,343.81,0.47,0.48,2026-08-31,0828,N20,nominal,2.0NRT,305.66,5.75,D
37.82748,59.07186,331.69,0.45,0.47,2026-08-31,0835,N20,low,2.0NRT,305.76,3.65,D
9.38395,80.45099,341.9,0.47,0.48,2026-08-31,0828,N20,nominal,2.0NRT,303.09,6.92,D
9.02701,77.86887,341.66,0.49,0.4,2026-08-31,0828,N20,nominal,2.0NRT,311.06,10.62,D
9.41398,80.47003,331.51,0.47,0.48,2026-08-31,0828,N20,nominal,2.0NRT,300.22,2.38,D
37.96245,58.31918,335.42,0.49,0.49,2026-08-31,0835,N20,nominal,2.0NRT,302.6,2.06,D
9.10032,78.18219,340.05,0.51,0.41,2026-08-31,0828,N20,nominal,2.0NRT,305.68,12.25,D
9.41413,80.4047,331.58,0.47,0.48,2026-08-31,0828,N20,nominal,2.0NRT,300.2,3.01,D
37.96796,58.32286,334.6,0.49,0.49,2026-08-31,0835,N20,nominal,2.0NRT,303.07,5.75,D
9.41356,80.40045,333.64,0.47,0.48,2026-08-31,0828,N20,nominal,2.0NRT,301,3.01,D
9.09946,77.59773,340.97,0.47,0.4,2026-08-31,0828,N20,nominal,2.0NRT,309.36,6.5,D
37.96556,58.31226,335.87,0.49,0.49,2026-08-31,0835,N20,nominal,2.0NRT,303.28,1.64,D
9.09992,77.59845,340.12,0.47,0.4,2026-08-31,0828,N20,nominal,2.0NRT,309.29,5.89,D
9.33502,77.6755,340.82,0.48,0.4,2026-08-31,0828,N20,nominal,2.0NRT,297.84,8.25,D
37.96697,58.3218,335.26,0.49,0.49,2026-08-31,0835,N20,nominal,2.0NRT,302.72,3.11,D
9.33842,77.67591,348.33,0.48,0.4,2026-08-31,0828,N20,nominal,2.0NRT,302.43,15.33,D
39.69777,67.08216,338,0.39,0.36,2026-08-31,0835,N20,nominal,2.0NRT,306.76,1.46,D
9.43492,77.46063,336.91,0.47,0.4,2026-08-31,0828,N20,nominal,2.0NRT,306.59,2.32,D
9.33629,76.59998,331.62,0.43,0.38,2026-08-31,0828,N20,nominal,2.0NRT,297.35,2.3,D
9.65621,77.65012,339,0.48,0.4,2026-08-31,0828,N20,nominal,2.0NRT,303.15,4.92,D
38.14265,57.978,335.94,0.51,0.49,2026-08-31,0835,N20,nominal,2.0NRT,301.96,2.06,D
9.65592,77.65157,340.63,0.48,0.4,2026-08-31,0828,N20,nominal,2.0NRT,304.25,4.59,D
9.77065,78.36562,338.51,0.53,0.42,2026-08-31,0828,N20,nominal,2.0NRT,307.27,5.6,D
9.78937,78.38755,333.79,0.53,0.42,2026-08-31,0828,N20,nominal,2.0NRT,303.62,3.64,D
9.7255,77.27241,331.44,0.46,0.39,2026-08-31,0828,N20,low,2.0NRT,304.45,1.76,D
9.94658,77.72368,338.91,0.49,0.4,2026-08-31,0828,N20,nominal,2.0NRT,304.69,6.94,D
10.03775,78.14595,334.77,0.52,0.41,2026-08-31,0828,N20,low,2.0NRT,305.02,4.01,D
38.9754,56.49658,342.36,0.58,0.52,2026-08-31,0835,N20,nominal,2.0NRT,297.45,5.35,D
10.04175,77.58042,339.12,0.48,0.4,2026-08-31,0828,N20,nominal,2.0NRT,304.56,29.4,D
10.27317,78.84991,337.68,0.38,0.43,2026-08-31,0828,N20,nominal,2.0NRT,288.04,3.9,D
38.64991,54.28593,339.32,0.38,0.59,2026-08-31,0835,N20,nominal,2.0NRT,296.91,4.02,D
10.28726,77.86376,336.28,0.5,0.41,2026-08-31,0828,N20,nominal,2.0NRT,282.82,4.79,D
10.66276,78.48209,335.26,0.55,0.43,2026-08-31,0828,N20,nominal,2.0NRT,299.46,2.22,D
10.73763,78.73309,335.81,0.57,0.43,2026-08-31,0828,N20,nominal,2.0NRT,298.79,3.35,D
38.64662,54.28378,348.79,0.38,0.59,2026-08-31,0835,N20,nominal,2.0NRT,297.92,3.88,D
10.76245,78.65031,334.91,0.57,0.43,2026-08-31,0828,N20,nominal,2.0NRT,299.28,3.55,D
10.76564,78.65233,338.36,0.57,0.43,2026-08-31,0828,N20,nominal,2.0NRT,300.99,5.89,D
10.84943,78.79076,335.91,0.39,0.44,2026-08-31,0828,N20,nominal,2.0NRT,300.38,3.38,D
11.46265,79.2357,335.83,0.42,0.45,2026-08-31,0828,N20,nominal,2.0NRT,300.33,3.95,D
11.45847,79.20508,331.29,0.42,0.45,2026-08-31,0828,N20,nominal,2.0NRT,298.72,4.75,D
11.19128,76.92039,332,0.46,0.39,2026-08-31,0828,N20,nominal,2.0NRT,296.2,2.29,D
11.62768,78.61454,338.59,0.39,0.44,2026-08-31,0828,N20,nominal,2.0NRT,299.74,2.1,D
11.70993,79.0149,333.03,0.41,0.45,2026-08-31,0828,N20,nominal,2.0NRT,300.21,1.34,D
11.47324,77.20173,333.62,0.48,0.4,2026-08-31,0828,N20,nominal,2.0NRT,295.28,3.2,D
12.05407,79.33384,333.4,0.43,0.46,2026-08-31,0828,N20,low,2.0NRT,303.79,1.84,D
11.88784,77.23312,339.3,0.49,0.4,2026-08-31,0828,N20,nominal,2.0NRT,295.55,4.91,D
12.24117,79.08451,341.4,0.42,0.45,2026-08-31,0828,N20,nominal,2.0NRT,299.69,3.57,D
12.40623,79.97924,330.41,0.48,0.48,2026-08-31,0828,N20,nominal,2.0NRT,300.37,4.96,D
12.34985,79.22876,351.38,0.43,0.46,2026-08-31,0828,N20,nominal,2.0NRT,306.01,26.13,D
12.35043,79.22861,353.47,0.43,0.46,2026-08-31,0828,N20,nominal,2.0NRT,303.73,20.52,D
12.91149,79.43056,335.76,0.45,0.47,2026-08-31,0828,N20,nominal,2.0NRT,299.59,2.51,D
13.1221,79.9063,336.64,0.49,0.48,2026-08-31,0828,N20,nominal,2.0NRT,294.46,4.33,D
13.58984,78.21954,331.87,0.39,0.44,2026-08-31,0828,N20,nominal,2.0NRT,293.69,1.78,D
14.47482,78.26068,337.14,0.4,0.44,2026-08-31,0828,N20,nominal,2.0NRT,296.09,2.53,D
14.35068,77.20792,334.78,0.52,0.41,2026-08-31,0828,N20,nominal,2.0NRT,294.14,5.55,D
20.21029,55.71482,340.71,0.36,0.57,2026-08-31,1011,N20,low,2.0NRT,315.41,0.7,D
20.20918,55.71361,345.01,0.36,0.58,2026-08-31,1011,N20,low,2.0NRT,315.14,0.82,D
20.38403,55.64873,345.91,0.36,0.57,2026-08-31,1011,N20,low,2.0NRT,316.24,0.94,D
21.65911,56.41535,338.22,0.42,0.61,2026-08-31,1011,N20,low,2.0NRT,312.72,0.53,D
21.93505,57.07635,347.27,0.47,0.64,2026-08-31,1011,N20,nominal,2.0NRT,312.68,2.5,D
21.93357,57.07384,349.57,0.47,0.64,2026-08-31,1011,N20,nominal,2.0NRT,313.62,3.27,D
22.32923,56.49203,350.44,0.43,0.62,2026-08-31,1011,N20,nominal,2.0NRT,314.61,2.42,D
22.32773,56.475,344.07,0.43,0.62,2026-08-31,1011,N20,low,2.0NRT,314.09,1.8,D
22.40219,56.99179,340.39,0.47,0.64,2026-08-31,1011,N20,low,2.0NRT,312.49,3.62,D
22.44142,56.70157,349.78,0.45,0.63,2026-08-31,1011,N20,nominal,2.0NRT,315.58,15.75,D
22.87535,55.92913,341.45,0.4,0.6,2026-08-31,1011,N20,low,2.0NRT,315.38,0.95,D
22.87478,55.92599,344.03,0.4,0.6,2026-08-31,1011,N20,low,2.0NRT,316.15,1.33,D
22.88067,55.92939,345.16,0.4,0.6,2026-08-31,1011,N20,nominal,2.0NRT,315.09,1.22,D
22.87498,55.61563,353.35,0.38,0.59,2026-08-31,1011,N20,nominal,2.0NRT,318.4,2.72,D
23.18979,55.45996,348.53,0.38,0.59,2026-08-31,1013,N20,nominal,2.0NRT,317.32,3.28,D
24.50422,56.611,333.99,0.46,0.64,2026-08-31,1013,N20,low,2.0NRT,304.99,8.72,D
24.50253,56.60725,338.31,0.46,0.64,2026-08-31,1013,N20,nominal,2.0NRT,304.62,6.58,D
24.98783,55.62743,344.2,0.41,0.6,2026-08-31,1013,N20,nominal,2.0NRT,313.52,6.92,D
18.01133,54.5779,338.72,0.57,0.52,2026-08-31,1013,N20,low,2.0NRT,312.27,10.86,D
18.01071,54.57249,344.31,0.57,0.52,2026-08-31,1013,N20,nominal,2.0NRT,316.28,10.86,D
18.17412,55.2496,343.45,0.32,0.54,2026-08-31,1013,N20,low,2.0NRT,315.22,0.92,D
18.32073,55.10985,346.8,0.63,0.54,2026-08-31,1013,N20,low,2.0NRT,317.45,10.67,D
18.32006,55.10391,343.76,0.62,0.54,2026-08-31,1013,N20,low,2.0NRT,318.35,10.67,D
18.32162,55.10825,345.94,0.63,0.54,2026-08-31,1013,N20,low,2.0NRT,320,21.91,D
18.69065,55.50397,337.75,0.34,0.56,2026-08-31,1013,N20,low,2.0NRT,311.78,0.53,D
18.69338,55.5051,338.79,0.34,0.56,2026-08-31,1013,N20,low,2.0NRT,311.77,0.43,D
26.96572,57.16398,345.18,0.53,0.67,2026-08-31,1013,N20,nominal,2.0NRT,309.73,7.12,D
26.96458,57.16811,335.81,0.53,0.67,2026-08-31,1013,N20,low,2.0NRT,309.76,3.1,D
26.96424,57.16268,336.15,0.53,0.67,2026-08-31,1013,N20,low,2.0NRT,309.58,3.88,D
27.15785,56.10127,335.3,0.46,0.63,2026-08-31,1013,N20,low,2.0NRT,307.77,4.64,D
27.16651,56.05827,367,0.46,0.63,2026-08-31,1013,N20,high,2.0NRT,309.89,18.74,D
27.16617,56.05356,340.08,0.46,0.63,2026-08-31,1013,N20,nominal,2.0NRT,310.38,14.04,D
36.83824,55.32537,337.04,0.5,0.66,2026-08-31,1015,N20,nominal,2.0NRT,300.27,1.8,D
6.84185,80.89125,304.24,0.58,0.7,2026-08-31,1923,N20,nominal,2.0NRT,276.46,1.76,N
6.84643,80.89544,306.57,0.58,0.7,2026-08-31,1923,N20,nominal,2.0NRT,283.16,4.01,N
6.58221,81.10786,319.93,0.56,0.69,2026-08-31,1923,N20,nominal,2.0NRT,287.54,2.72,N
6.57878,81.10979,321.51,0.56,0.69,2026-08-31,1923,N20,nominal,2.0NRT,287.71,2.82,N
39.86188,98.25486,316.99,0.44,0.38,2026-08-31,1913,N20,nominal,2.0NRT,293.9,2.01,N
39.84534,98.27206,299.51,0.43,0.38,2026-08-31,1913,N20,nominal,2.0NRT,287.88,0.59,N
39.84469,98.27708,301.76,0.43,0.38,2026-08-31,1913,N20,nominal,2.0NRT,289.06,0.59,N
39.82418,98.24165,302.24,0.44,0.38,2026-08-31,1913,N20,nominal,2.0NRT,290.77,1.12,N
39.81427,98.2912,309.15,0.43,0.38,2026-08-31,1913,N20,nominal,2.0NRT,294.59,2.17,N
39.81363,98.2962,304.97,0.43,0.38,2026-08-31,1913,N20,nominal,2.0NRT,294.74,1.98,N
39.79341,97.88778,303.09,0.45,0.39,2026-08-31,1913,N20,nominal,2.0NRT,291.44,1.1,N
39.79276,97.89294,303.83,0.45,0.39,2026-08-31,1913,N20,nominal,2.0NRT,291.5,1.1,N
39.67475,98.47922,311.81,0.43,0.38,2026-08-31,1913,N20,nominal,2.0NRT,287.45,0.67,N
39.40519,99.8566,345.07,0.4,0.37,2026-08-31,1913,N20,nominal,2.0NRT,301.48,23.21,N
39.40585,99.85204,311.87,0.4,0.37,2026-08-31,1913,N20,nominal,2.0NRT,289.81,3.06,N
38.85388,100.81313,303.47,0.38,0.36,2026-08-31,1913,N20,nominal,2.0NRT,290.04,0.69,N
38.84266,100.16943,303.92,0.39,0.36,2026-08-31,1913,N20,nominal,2.0NRT,288.36,1.18,N
36.89217,101.75284,300.28,0.39,0.36,2026-08-31,1913,N20,nominal,2.0NRT,283.9,1.39,N
36.59152,101.48555,311.11,0.39,0.36,2026-08-31,1913,N20,nominal,2.0NRT,283.8,1.26,N
36.57388,101.53,295.96,0.39,0.36,2026-08-31,1913,N20,nominal,2.0NRT,283.23,0.53,N
36.56732,101.52832,295.48,0.39,0.36,2026-08-31,1913,N20,nominal,2.0NRT,283.93,0.7,N
36.27219,100.57381,298.24,0.38,0.36,2026-08-31,1913,N20,nominal,2.0NRT,281.06,0.47,N
29.78919,91.6047,301.51,0.46,0.47,2026-08-31,1915,N20,nominal,2.0NRT,282.98,1.45,N
29.66183,90.90602,298.57,0.5,0.49,2026-08-31,1915,N20,nominal,2.0NRT,282.02,1.25,N
29.26624,91.92337,296.2,0.43,0.46,2026-08-31,1915,N20,nominal,2.0NRT,281.38,1.07,N
29.22659,88.3523,300.17,0.35,0.57,2026-08-31,1915,N20,nominal,2.0NRT,281.1,1.13,N
26.62443,101.5947,329.39,0.48,0.4,2026-08-31,1915,N20,nominal,2.0NRT,289.12,2.45,N
26.62083,101.59373,341.67,0.48,0.4,2026-08-31,1915,N20,nominal,2.0NRT,290.25,11.63,N
26.62424,101.45322,303.11,0.48,0.4,2026-08-31,1915,N20,nominal,2.0NRT,288.09,0.85,N
26.57924,101.69765,302.88,0.49,0.4,2026-08-31,1915,N20,nominal,2.0NRT,290.81,0.95,N
26.57813,101.66254,323.46,0.49,0.4,2026-08-31,1915,N20,nominal,2.0NRT,290.77,2.35,N
26.57728,101.66713,307.98,0.49,0.4,2026-08-31,1915,N20,nominal,2.0NRT,291.68,2.35,N
26.57644,101.67167,316.2,0.49,0.4,2026-08-31,1915,N20,nominal,2.0NRT,291.48,1.41,N
26.56908,101.67034,302.01,0.49,0.4,2026-08-31,1915,N20,nominal,2.0NRT,291.07,2.16,N
26.56454,101.67436,311.31,0.49,0.4,2026-08-31,1915,N20,nominal,2.0NRT,293.94,2.96,N
26.56366,101.67907,315.01,0.49,0.4,2026-08-31,1915,N20,nominal,2.0NRT,293.21,2.37,N
24.50672,56.60335,313.01,0.79,0.78,2026-08-31,2059,N20,nominal,2.0NRT,298.49,2.76,N
22.9333,69.69547,319.81,0.4,0.37,2026-08-31,2059,N20,nominal,2.0NRT,288.73,3.34,N
22.93215,69.70328,304.41,0.4,0.37,2026-08-31,2059,N20,nominal,2.0NRT,291.76,1.67,N
21.10775,72.64704,312.17,0.41,0.37,2026-08-31,2059,N20,nominal,2.0NRT,281.09,1.67,N
21.10298,72.63417,330.34,0.41,0.37,2026-08-31,2059,N20,nominal,2.0NRT,284.89,2.63,N
21.10232,72.63803,306.19,0.41,0.37,2026-08-31,2059,N20,nominal,2.0NRT,282.98,2.63,N
22.66135,59.40353,329.46,0.5,0.66,2026-08-31,2059,N20,nominal,2.0NRT,298.54,5.16,N
22.66096,59.40839,330.66,0.5,0.66,2026-08-31,2059,N20,nominal,2.0NRT,298.69,5.25,N
22.66021,59.40728,347.22,0.5,0.66,2026-08-31,2059,N20,nominal,2.0NRT,298.42,7.33,N
20.91001,71.45766,306.84,0.39,0.36,2026-08-31,2059,N20,nominal,2.0NRT,292.26,1.23,N
20.90941,71.46135,307.93,0.39,0.36,2026-08-31,2059,N20,nominal,2.0NRT,292.29,1.31,N
22.40545,56.98335,318.16,0.71,0.75,2026-08-31,2059,N20,nominal,2.0NRT,297.02,1.89,N
22.40658,56.9849,319.27,0.71,0.75,2026-08-31,2059,N20,nominal,2.0NRT,297.18,2.48,N
22.33361,56.48345,308.02,0.77,0.77,2026-08-31,2059,N20,nominal,2.0NRT,297.86,2.88,N
22.32735,56.46836,325.29,0.77,0.77,2026-08-31,2059,N20,nominal,2.0NRT,298.76,5.53,N
22.32643,56.48306,326.1,0.77,0.77,2026-08-31,2059,N20,nominal,2.0NRT,298.09,2.88,N
22.33147,56.468,325.59,0.77,0.77,2026-08-31,2059,N20,nominal,2.0NRT,299.3,5.8,N
22.33046,56.48279,328.04,0.77,0.77,2026-08-31,2059,N20,nominal,2.0NRT,298.13,6.68,N
21.94124,57.07057,328.16,0.7,0.75,2026-08-31,2059,N20,nominal,2.0NRT,296.09,4.11,N
21.89421,56.84034,307.06,0.72,0.76,2026-08-31,2059,N20,nominal,2.0NRT,296.12,0.66,N
21.83654,56.67441,309.56,0.74,0.76,2026-08-31,2059,N20,nominal,2.0NRT,295.72,1.44,N
21.83896,56.676,308.96,0.74,0.76,2026-08-31,2059,N20,nominal,2.0NRT,295.72,1.14,N
21.66107,56.40549,318.71,0.76,0.77,2026-08-31,2059,N20,nominal,2.0NRT,296.34,3.35,N
21.66523,56.40377,316.84,0.76,0.77,2026-08-31,2059,N20,nominal,2.0NRT,296.89,4.36,N
21.4628,57.24322,307.16,0.67,0.74,2026-08-31,2059,N20,nominal,2.0NRT,294.87,1.14,N
21.46135,57.24168,310.77,0.67,0.74,2026-08-31,2059,N20,nominal,2.0NRT,295.04,1.38,N
21.32288,57.71947,308.96,0.62,0.72,2026-08-31,2059,N20,nominal,2.0NRT,294.96,1.68,N
21.31486,57.73722,307.22,0.62,0.72,2026-08-31,2059,N20,nominal,2.0NRT,294.74,1.49,N
21.3144,57.74331,311.6,0.62,0.72,2026-08-31,2059,N20,nominal,2.0NRT,295.21,1.49,N
21.30415,57.79092,308.13,0.62,0.71,2026-08-31,2059,N20,nominal,2.0NRT,295.1,1.55,N
21.30369,57.79701,305.52,0.62,0.71,2026-08-31,2059,N20,nominal,2.0NRT,295,1.29,N
21.37503,56.70871,325.19,0.73,0.76,2026-08-31,2059,N20,nominal,2.0NRT,296.21,4.98,N
21.3384,57.7212,306.06,0.62,0.72,2026-08-31,2059,N20,nominal,2.0NRT,295.04,1.23,N
21.31853,57.71908,305.84,0.62,0.72,2026-08-31,2059,N20,nominal,2.0NRT,294.83,1.82,N
21.31651,57.74359,312.03,0.62,0.72,2026-08-31,2059,N20,nominal,2.0NRT,295.06,2.07,N
21.30546,57.79718,309.26,0.62,0.71,2026-08-31,2059,N20,nominal,2.0NRT,295.07,2.11,N
21.30626,57.70548,304.93,0.63,0.72,2026-08-31,2059,N20,nominal,2.0NRT,294.7,1.05,N
21.37684,56.71021,327.71,0.73,0.76,2026-08-31,2059,N20,nominal,2.0NRT,296.35,4.88,N
19.52982,71.2982,307.96,0.39,0.36,2026-08-31,2059,N20,nominal,2.0NRT,292.19,1.88,N
19.371,71.35374,320.82,0.39,0.36,2026-08-31,2059,N20,nominal,2.0NRT,294.08,2.7,N
20.56196,56.41666,306.95,0.74,0.76,2026-08-31,2101,N20,nominal,2.0NRT,294.25,0.91,N
20.55768,56.41777,304.95,0.74,0.76,2026-08-31,2101,N20,nominal,2.0NRT,294.4,1.05,N
18.5759,72.24078,330.93,0.41,0.37,2026-08-31,2101,N20,nominal,2.0NRT,293.64,4.33,N
20.37867,55.93342,308.13,0.8,0.78,2026-08-31,2101,N20,nominal,2.0NRT,295.29,1.88,N
19.27134,56.17184,304.24,0.75,0.77,2026-08-31,2101,N20,nominal,2.0NRT,293.61,0.81,N
13.11669,77.65411,321.12,0.34,0.56,2026-08-31,2101,N20,nominal,2.0NRT,283.66,2.26,N
11.18185,79.09965,306.88,0.46,0.63,2026-08-31,2101,N20,nominal,2.0NRT,286.8,1.49,N
11.28316,77.87854,300.36,0.38,0.58,2026-08-31,2101,N20,nominal,2.0NRT,283.12,0.23,N
9.13332,77.53674,314.12,0.39,0.59,2026-08-31,2104,N20,nominal,2.0NRT,292.41,1,N
8.09217,80.79338,310.79,0.68,0.74,2026-08-31,2104,N20,nominal,2.0NRT,289.07,1.72,N
8.11518,79.87002,307.56,0.58,0.7,2026-08-31,2104,N20,nominal,2.0NRT,288.89,1.28,N
7.39623,80.88792,307.99,0.71,0.75,2026-08-31,2104,N20,nominal,2.0NRT,286.66,2.17,N
7.39549,80.88508,312.64,0.71,0.75,2026-08-31,2104,N20,nominal,2.0NRT,286.38,2.07,N
39.26594,65.19901,310.35,0.33,0.55,2026-08-31,2055,N20,nominal,2.0NRT,290.28,0.77,N
39.26082,65.19845,313.53,0.33,0.55,2026-08-31,2055,N20,nominal,2.0NRT,289.39,0.77,N
39.1905,65.28612,302.52,0.33,0.55,2026-08-31,2055,N20,nominal,2.0NRT,292.11,0.59,N
39.18365,65.31225,314.03,0.33,0.55,2026-08-31,2055,N20,nominal,2.0NRT,291.37,0.73,N
39.18094,63.22051,298.43,0.42,0.61,2026-08-31,2055,N20,nominal,2.0NRT,287.39,0.28,N
39.16794,63.25424,302.09,0.42,0.61,2026-08-31,2055,N20,nominal,2.0NRT,288.7,0.97,N
39.16771,63.25918,299.64,0.42,0.61,2026-08-31,2055,N20,nominal,2.0NRT,288.4,0.61,N
39.15926,63.31773,298.99,0.42,0.61,2026-08-31,2055,N20,nominal,2.0NRT,288.68,0.32,N
39.13187,63.41798,300.7,0.41,0.61,2026-08-31,2055,N20,nominal,2.0NRT,287.79,0.66,N
39.13144,63.30539,304.37,0.42,0.61,2026-08-31,2055,N20,nominal,2.0NRT,288.38,0.43,N
39.11879,63.33377,302.86,0.42,0.61,2026-08-31,2055,N20,nominal,2.0NRT,289,0.71,N
39.12858,63.41506,300.42,0.41,0.61,2026-08-31,2055,N20,nominal,2.0NRT,287.19,0.73,N
39.12852,63.3075,298.52,0.42,0.61,2026-08-31,2055,N20,nominal,2.0NRT,288.45,0.56,N
38.95528,63.75371,299.48,0.39,0.6,2026-08-31,2055,N20,nominal,2.0NRT,288.92,0.36,N
38.84104,63.81807,301.61,0.39,0.59,2026-08-31,2055,N20,nominal,2.0NRT,289.13,0.6,N
38.68377,65.98603,302.71,0.59,0.53,2026-08-31,2055,N20,nominal,2.0NRT,289.66,1.06,N
38.78648,63.91277,298.99,0.38,0.59,2026-08-31,2055,N20,nominal,2.0NRT,288.91,0.32,N
38.55344,65.94481,303.45,0.59,0.53,2026-08-31,2055,N20,nominal,2.0NRT,290.89,1.21,N
38.65458,63.97845,299.41,0.38,0.59,2026-08-31,2055,N20,nominal,2.0NRT,288.04,0.34,N
38.45553,65.79971,300.74,0.6,0.53,2026-08-31,2055,N20,nominal,2.0NRT,290.12,0.9,N
38.05272,67.26109,338.73,0.5,0.49,2026-08-31,2055,N20,nominal,2.0NRT,293.57,14.27,N
38.05225,67.26661,329.49,0.5,0.49,2026-08-31,2055,N20,nominal,2.0NRT,294.53,14.27,N
38.1195,64.71058,301.78,0.34,0.56,2026-08-31,2055,N20,nominal,2.0NRT,291.17,0.36,N
38.05476,64.88605,302.81,0.33,0.56,2026-08-31,2055,N20,nominal,2.0NRT,292.09,0.82,N
38.25648,58.38039,298.95,0.76,0.77,2026-08-31,2055,N20,nominal,2.0NRT,287.45,1.44,N
37.96675,65.00349,304.77,0.33,0.55,2026-08-31,2055,N20,nominal,2.0NRT,291.53,0.48,N
37.79673,62.54869,303.84,0.45,0.63,2026-08-31,2055,N20,nominal,2.0NRT,289.92,1.11,N
37.79217,62.53481,299.19,0.45,0.63,2026-08-31,2055,N20,nominal,2.0NRT,288.79,0.49,N
37.63783,62.20249,300.35,0.47,0.64,2026-08-31,2055,N20,nominal,2.0NRT,288.83,0.6,N
37.62278,62.13625,303.07,0.47,0.64,2026-08-31,2055,N20,nominal,2.0NRT,290.35,0.83,N
37.61316,61.60536,303.02,0.5,0.66,2026-08-31,2055,N20,nominal,2.0NRT,290.36,1.07,N
37.6197,62.13574,302.65,0.47,0.64,2026-08-31,2055,N20,nominal,2.0NRT,289.99,0.86,N
37.61305,61.60565,305.06,0.5,0.66,2026-08-31,2055,N20,nominal,2.0NRT,290.64,1.62,N
37.50001,61.84396,314.48,0.49,0.65,2026-08-31,2055,N20,nominal,2.0NRT,291.7,1.74,N
37.49833,61.84201,311.35,0.49,0.65,2026-08-31,2055,N20,nominal,2.0NRT,291.1,1.88,N
37.42385,62.30633,301.58,0.46,0.64,2026-08-31,2055,N20,nominal,2.0NRT,289.22,0.62,N
37.33041,61.09291,299.47,0.54,0.68,2026-08-31,2055,N20,nominal,2.0NRT,289.25,1.06,N
37.32644,61.09425,299.37,0.54,0.68,2026-08-31,2055,N20,nominal,2.0NRT,289.19,0.78,N
37.11898,62.36009,328.76,0.45,0.63,2026-08-31,2055,N20,nominal,2.0NRT,292.47,8.84,N
37.03495,62.41319,337.47,0.45,0.63,2026-08-31,2055,N20,nominal,2.0NRT,292.1,6.08,N
35.9977,63.64339,309.29,0.38,0.58,2026-08-31,2055,N20,nominal,2.0NRT,291.19,1.01,N
35.9923,63.64268,310.79,0.38,0.58,2026-08-31,2055,N20,nominal,2.0NRT,290.76,1.01,N
35.98691,63.64189,316.68,0.38,0.58,2026-08-31,2055,N20,nominal,2.0NRT,291.22,1.06,N
33.2968,71.18346,309.5,0.43,0.38,2026-08-31,2055,N20,nominal,2.0NRT,293.64,2.09,N
32.88951,71.61771,317.43,0.42,0.37,2026-08-31,2057,N20,nominal,2.0NRT,295.85,3.19,N
32.57661,72.56216,311.7,0.39,0.37,2026-08-31,2057,N20,nominal,2.0NRT,295.43,2.54,N
32.29297,70.72897,310.79,0.44,0.38,2026-08-31,2057,N20,nominal,2.0NRT,294.85,2.74,N
31.60895,74.38851,309.35,0.39,0.36,2026-08-31,2057,N20,nominal,2.0NRT,295.35,0.74,N
31.64362,74.15421,310.73,0.39,0.36,2026-08-31,2057,N20,nominal,2.0NRT,295.24,0.87,N
30.25077,74.9136,308.85,0.4,0.37,2026-08-31,2057,N20,nominal,2.0NRT,296.36,1.01,N
30.18642,74.48694,311.31,0.39,0.36,2026-08-31,2057,N20,nominal,2.0NRT,294.97,2.35,N
29.46107,76.8892,307.39,0.47,0.4,2026-08-31,2057,N20,nominal,2.0NRT,292.41,3.12,N
28.37484,77.22419,310.89,0.51,0.41,2026-08-31,2057,N20,nominal,2.0NRT,291.18,2.22,N
28.3733,77.22678,310.67,0.51,0.41,2026-08-31,2057,N20,nominal,2.0NRT,291.11,2.65,N
28.34796,77.25802,308.08,0.51,0.41,2026-08-31,2057,N20,nominal,2.0NRT,290.84,2.59,N
29.47876,60.80616,301.91,0.48,0.65,2026-08-31,2057,N20,nominal,2.0NRT,291.59,0.56,N
28.42407,69.70068,317.6,0.44,0.39,2026-08-31,2057,N20,nominal,2.0NRT,298.29,1.63,N
27.28906,73.83814,309.89,0.4,0.37,2026-08-31,2057,N20,nominal,2.0NRT,294.14,1.08,N
27.7165,68.49585,308.8,0.49,0.4,2026-08-31,2057,N20,nominal,2.0NRT,297.33,0.25,N
26.87875,73.5166,305.81,0.39,0.36,2026-08-31,2057,N20,nominal,2.0NRT,293.32,1.52,N
26.87543,73.51593,309.98,0.39,0.36,2026-08-31,2057,N20,nominal,2.0NRT,293.26,1.34,N
26.60473,73.68454,305.84,0.4,0.37,2026-08-31,2057,N20,nominal,2.0NRT,293.13,0.89,N
26.25868,74.09715,310.54,0.41,0.37,2026-08-31,2057,N20,nominal,2.0NRT,290.76,1.08,N
25.94237,72.19138,308.51,0.38,0.36,2026-08-31,2057,N20,nominal,2.0NRT,292.63,1,N
24.76362,74.60734,304.43,0.44,0.38,2026-08-31,2059,N20,nominal,2.0NRT,284.22,1.04,N
24.69281,74.68075,300.04,0.44,0.38,2026-08-31,2059,N20,nominal,2.0NRT,281.62,0.54,N
24.65826,73.87632,305.2,0.41,0.37,2026-08-31,2059,N20,nominal,2.0NRT,285.77,0.81,N
25.38847,68.58018,313.39,0.46,0.39,2026-08-31,2059,N20,nominal,2.0NRT,295.25,2.55,N
24.6901,73.00169,313.08,0.39,0.36,2026-08-31,2059,N20,nominal,2.0NRT,290.52,1.11,N
23.26684,70.25716,302.45,0.39,0.36,2026-08-31,2059,N20,nominal,2.0NRT,291.01,1.26,N
38.68141,65.95485,300.21,0.57,0.69,2026-08-31,2235,N20,nominal,2.0NRT,288.93,1.11,N
38.54947,65.94742,299.5,0.57,0.69,2026-08-31,2235,N20,nominal,2.0NRT,288.16,1.1,N
38.5525,65.9469,298.82,0.57,0.69,2026-08-31,2235,N20,nominal,2.0NRT,288.68,0.74,N
39.25117,63.2116,300.27,0.4,0.6,2026-08-31,2235,N20,nominal,2.0NRT,287.68,0.56,N
38.05141,67.26762,311.98,0.69,0.74,2026-08-31,2235,N20,nominal,2.0NRT,290.38,5,N
39.15734,63.46765,300.64,0.41,0.61,2026-08-31,2235,N20,nominal,2.0NRT,287.67,0.48,N
38.45403,65.80762,302.64,0.57,0.69,2026-08-31,2235,N20,nominal,2.0NRT,289.24,1.44,N
39.17257,63.28402,301.27,0.4,0.6,2026-08-31,2235,N20,nominal,2.0NRT,288.38,0.44,N
39.12913,63.41927,301.47,0.41,0.61,2026-08-31,2235,N20,nominal,2.0NRT,288.05,0.91,N
39.17787,63.22228,301.05,0.4,0.6,2026-08-31,2235,N20,nominal,2.0NRT,287.95,0.52,N
39.16697,63.26166,299.59,0.4,0.6,2026-08-31,2235,N20,nominal,2.0NRT,287.51,0.6,N
39.1301,63.30941,300.08,0.4,0.6,2026-08-31,2235,N20,nominal,2.0NRT,288.04,0.83,N
39.1165,63.33457,300.94,0.41,0.6,2026-08-31,2235,N20,nominal,2.0NRT,288.4,0.68,N
38.97303,63.4661,299.97,0.42,0.61,2026-08-31,2235,N20,nominal,2.0NRT,288.33,0.51,N
38.60424,64.75813,300.94,0.5,0.65,2026-08-31,2235,N20,nominal,2.0NRT,289.08,0.68,N
37.78715,62.53849,301.3,0.4,0.6,2026-08-31,2235,N20,nominal,2.0NRT,289.48,1.11,N
37.88683,62.02175,299.2,0.37,0.58,2026-08-31,2235,N20,nominal,2.0NRT,287.89,0.43,N
37.88777,62.02273,299.46,0.37,0.58,2026-08-31,2235,N20,nominal,2.0NRT,288.07,0.3,N
37.74482,62.13015,298.18,0.38,0.59,2026-08-31,2235,N20,nominal,2.0NRT,287.7,0.35,N
39.51032,54.32988,306.69,0.45,0.39,2026-08-31,2235,N20,nominal,2.0NRT,289.9,3.58,N
37.66062,62.23957,299.77,0.39,0.59,2026-08-31,2235,N20,nominal,2.0NRT,289.36,0.66,N
37.75205,61.85468,298.97,0.37,0.58,2026-08-31,2235,N20,nominal,2.0NRT,287.69,0.39,N
37.6277,62.21147,299.28,0.39,0.59,2026-08-31,2235,N20,nominal,2.0NRT,289.16,0.59,N
37.62753,62.16947,304.67,0.39,0.59,2026-08-31,2235,N20,nominal,2.0NRT,289.53,0.67,N
37.79676,61.49622,300.55,0.35,0.57,2026-08-31,2235,N20,nominal,2.0NRT,289.85,0.45,N
37.61877,62.13798,306.74,0.38,0.59,2026-08-31,2235,N20,nominal,2.0NRT,290.14,1.13,N
37.62469,62.16916,304.44,0.39,0.59,2026-08-31,2235,N20,nominal,2.0NRT,290.02,0.42,N
37.79523,61.49583,300.92,0.35,0.57,2026-08-31,2235,N20,nominal,2.0NRT,289.87,0.37,N
37.62097,62.13975,310.78,0.39,0.59,2026-08-31,2235,N20,nominal,2.0NRT,291.02,0.97,N
37.60997,61.60618,318.67,0.36,0.57,2026-08-31,2235,N20,nominal,2.0NRT,292.85,1.36,N
37.42299,62.3089,307.99,0.4,0.6,2026-08-31,2235,N20,nominal,2.0NRT,288.91,0.88,N
37.50318,61.98835,298.59,0.38,0.59,2026-08-31,2235,N20,nominal,2.0NRT,288.52,0.26,N
37.60712,61.55323,299.78,0.36,0.57,2026-08-31,2235,N20,nominal,2.0NRT,288.91,0.35,N
37.59501,61.55682,302.41,0.36,0.57,2026-08-31,2235,N20,nominal,2.0NRT,288.93,0.54,N
37.50095,61.84717,313.09,0.37,0.58,2026-08-31,2235,N20,nominal,2.0NRT,290.79,1.59,N
38.25792,58.39065,308.22,0.47,0.48,2026-08-31,2235,N20,nominal,2.0NRT,291.47,1.69,N
37.51211,61.01487,303.64,0.34,0.56,2026-08-31,2235,N20,nominal,2.0NRT,291.01,0.38,N
38.15031,58.39429,300.74,0.48,0.48,2026-08-31,2235,N20,nominal,2.0NRT,290.08,0.95,N
37.1181,62.36537,325.31,0.41,0.6,2026-08-31,2235,N20,nominal,2.0NRT,290.79,6.09,N
37.11929,62.36103,309.23,0.41,0.6,2026-08-31,2235,N20,nominal,2.0NRT,289.8,5.11,N
37.63702,60.34135,299.36,0.62,0.54,2026-08-31,2235,N20,nominal,2.0NRT,288.58,1.08,N
37.11748,62.36644,320.25,0.41,0.61,2026-08-31,2235,N20,nominal,2.0NRT,290.43,5.54,N
37.11865,62.36207,318.21,0.41,0.6,2026-08-31,2235,N20,nominal,2.0NRT,290.27,6.07,N
38.26429,57.6605,303.14,0.43,0.46,2026-08-31,2235,N20,nominal,2.0NRT,290.53,0.72,N
37.63486,60.33968,300.1,0.62,0.54,2026-08-31,2235,N20,nominal,2.0NRT,289.04,0.88,N
37.34821,61.36239,304.12,0.36,0.57,2026-08-31,2235,N20,nominal,2.0NRT,290.14,0.57,N
37.03247,62.41824,329.78,0.41,0.61,2026-08-31,2235,N20,nominal,2.0NRT,291.67,4.56,N
37.83046,59.07018,302.4,0.52,0.5,2026-08-31,2235,N20,nominal,2.0NRT,287.51,0.41,N
37.32926,61.08771,305.37,0.34,0.56,2026-08-31,2235,N20,nominal,2.0NRT,290.83,0.74,N
37.32735,61.09517,304.49,0.35,0.56,2026-08-31,2235,N20,nominal,2.0NRT,289.88,0.71,N
37.82697,58.3858,299.47,0.48,0.48,2026-08-31,2235,N20,nominal,2.0NRT,288.64,0.74,N
38.68135,54.31555,308.07,0.46,0.39,2026-08-31,2235,N20,nominal,2.0NRT,291.74,1.15,N
36.4781,61.62417,303.54,0.39,0.59,2026-08-31,2235,N20,nominal,2.0NRT,291.42,2.73,N
36.43926,61.21687,302.05,0.37,0.58,2026-08-31,2235,N20,nominal,2.0NRT,290.07,0.85,N
36.4488,59.40141,303.34,0.59,0.53,2026-08-31,2237,N20,nominal,2.0NRT,291.34,0.75,N
36.99162,56.23032,307.28,0.39,0.44,2026-08-31,2237,N20,nominal,2.0NRT,290.97,0.83,N
36.2966,54.78457,304.54,0.52,0.41,2026-08-31,2237,N20,nominal,2.0NRT,292.1,0.86,N
33.75237,59.14434,302.88,0.33,0.55,2026-08-31,2237,N20,nominal,2.0NRT,287.87,0.99,N
33.62945,59.16945,305.94,0.34,0.56,2026-08-31,2237,N20,nominal,2.0NRT,291.41,0.73,N
18.32086,55.1031,337.9,0.41,0.61,2026-08-31,2242,N20,nominal,2.0NRT,296.95,4.09,N
18.01415,54.57368,352.46,0.38,0.59,2026-08-31,2242,N20,nominal,2.0NRT,302.42,7.51,N
18.0149,54.57012,309.77,0.38,0.59,2026-08-31,2242,N20,nominal,2.0NRT,295.83,7.51,N
32.92198,60.23153,301.1,0.4,0.6,2026-08-31,2237,N20,nominal,2.0NRT,291.05,0.78,N
32.33605,54.08606,305.54,0.56,0.43,2026-08-31,2237,N20,nominal,2.0NRT,293.89,1.44,N
31.92694,54.0516,306.3,0.57,0.43,2026-08-31,2237,N20,nominal,2.0NRT,295.7,1.31,N
31.92574,54.05754,306.99,0.57,0.43,2026-08-31,2237,N20,nominal,2.0NRT,295.97,1.31,N
31.62214,54.74351,304.89,0.42,0.45,2026-08-31,2237,N20,nominal,2.0NRT,292.69,0.9,N
31.62172,54.72531,312.61,0.42,0.45,2026-08-31,2237,N20,nominal,2.0NRT,293.5,1.28,N
30.75524,56.65863,305.72,0.56,0.52,2026-08-31,2237,N20,nominal,2.0NRT,291.7,2.83,N
30.75793,56.65749,304.12,0.56,0.52,2026-08-31,2237,N20,nominal,2.0NRT,291.75,2.99,N
30.49701,56.81836,306.59,0.58,0.52,2026-08-31,2237,N20,nominal,2.0NRT,291.36,2.27,N
30.49665,56.81636,302.66,0.58,0.52,2026-08-31,2237,N20,nominal,2.0NRT,290.79,1.53,N
30.73275,55.38665,300.8,0.47,0.48,2026-08-31,2237,N20,nominal,2.0NRT,290.33,0.67,N
30.23507,56.90645,313.17,0.6,0.53,2026-08-31,2237,N20,nominal,2.0NRT,290.65,2.19,N
30.23442,56.91102,304.43,0.6,0.53,2026-08-31,2237,N20,nominal,2.0NRT,290.16,2.61,N
30.37117,56.12985,311.43,0.53,0.5,2026-08-31,2237,N20,nominal,2.0NRT,288.93,1.55,N
30.37858,55.86287,304.34,0.51,0.5,2026-08-31,2237,N20,nominal,2.0NRT,290.55,1.26,N
30.38186,55.86212,301.55,0.51,0.5,2026-08-31,2237,N20,nominal,2.0NRT,289.66,1.36,N
30.32461,55.97227,309.38,0.52,0.5,2026-08-31,2237,N20,nominal,2.0NRT,290.35,1.08,N
29.92851,56.73449,316.62,0.59,0.53,2026-08-31,2237,N20,nominal,2.0NRT,289.79,2.93,N
29.99163,55.85168,333.35,0.52,0.5,2026-08-31,2237,N20,nominal,2.0NRT,288.68,4.6,N
29.51418,55.799,299.67,0.53,0.5,2026-08-31,2240,N20,nominal,2.0NRT,289.27,0.77,N
29.5145,55.79754,300.56,0.53,0.5,2026-08-31,2240,N20,nominal,2.0NRT,289.95,0.62,N
29.15107,55.36338,301.29,0.51,0.49,2026-08-31,2240,N20,nominal,2.0NRT,290.69,1.05,N
29.15287,55.36748,306.05,0.51,0.49,2026-08-31,2240,N20,nominal,2.0NRT,291.9,1.73,N
29.20342,54.4824,299.35,0.45,0.47,2026-08-31,2240,N20,nominal,2.0NRT,288.15,0.71,N
29.17128,54.61382,306.42,0.46,0.47,2026-08-31,2240,N20,nominal,2.0NRT,290.48,1.11,N
29.17029,54.6185,302.77,0.46,0.47,2026-08-31,2240,N20,nominal,2.0NRT,292.26,1.92,N
27.4203,56.50034,314.35,0.32,0.55,2026-08-31,2240,N20,nominal,2.0NRT,299.69,1,N
27.1602,56.10091,322.13,0.62,0.54,2026-08-31,2240,N20,nominal,2.0NRT,300.51,6.1,N
25.97234,56.0691,320.23,0.33,0.55,2026-08-31,2240,N20,nominal,2.0NRT,300.62,1.25,N
25.96739,56.06776,317.18,0.33,0.55,2026-08-31,2240,N20,nominal,2.0NRT,300.81,1.25,N
25.55393,56.22487,309.84,0.34,0.56,2026-08-31,2240,N20,nominal,2.0NRT,298.65,0.41,N
25.90386,54.53306,311.87,0.53,0.5,2026-08-31,2240,N20,nominal,2.0NRT,300.18,0.6,N
25.5573,55.98287,313.04,0.33,0.55,2026-08-31,2240,N20,nominal,2.0NRT,299.27,1.06,N
25.30922,56.37195,309.94,0.35,0.57,2026-08-31,2240,N20,nominal,2.0NRT,298.6,0.83,N
24.50385,56.60448,331.14,0.38,0.59,2026-08-31,2240,N20,nominal,2.0NRT,300.29,5.18,N
24.45644,56.55251,313.99,0.38,0.59,2026-08-31,2240,N20,nominal,2.0NRT,300.42,1.28,N
24.32709,54.46994,315.49,0.56,0.52,2026-08-31,2240,N20,nominal,2.0NRT,301.74,3.19,N
24.32012,54.45673,314.09,0.56,0.52,2026-08-31,2240,N20,nominal,2.0NRT,301.99,1.57,N
24.00466,55.44182,311.58,0.33,0.55,2026-08-31,2240,N20,nominal,2.0NRT,301.06,2.07,N
22.66049,59.41222,344.93,0.62,0.72,2026-08-31,2240,N20,nominal,2.0NRT,296.54,7.74,N
23.19291,55.45815,326.85,0.34,0.56,2026-08-31,2240,N20,nominal,2.0NRT,300.87,2.15,N
23.15245,55.44769,309.33,0.34,0.56,2026-08-31,2240,N20,nominal,2.0NRT,298.98,1.36,N
23.31193,54.17921,350.05,0.57,0.52,2026-08-31,2240,N20,nominal,2.0NRT,301.22,14.98,N
22.92592,55.80106,321.66,0.37,0.58,2026-08-31,2240,N20,nominal,2.0NRT,297.83,4.43,N
22.92514,55.80453,352.27,0.37,0.58,2026-08-31,2240,N20,nominal,2.0NRT,299.59,5.79,N
22.88093,55.92658,342.98,0.37,0.58,2026-08-31,2240,N20,nominal,2.0NRT,298.97,3.17,N
22.88012,55.93012,324.57,0.37,0.58,2026-08-31,2240,N20,nominal,2.0NRT,298.89,3.17,N
22.8822,55.92713,332.34,0.37,0.58,2026-08-31,2240,N20,nominal,2.0NRT,298.23,2.59,N
22.88142,55.93067,324.77,0.37,0.58,2026-08-31,2240,N20,nominal,2.0NRT,298.67,2.59,N
22.7808,55.81458,316.95,0.37,0.58,2026-08-31,2240,N20,nominal,2.0NRT,298.95,2.35,N
22.67289,56.24988,314.94,0.4,0.6,2026-08-31,2240,N20,nominal,2.0NRT,298.69,0.9,N
22.40475,56.98568,318.84,0.45,0.63,2026-08-31,2240,N20,nominal,2.0NRT,297.43,1.21,N
22.40377,56.98987,308.79,0.45,0.63,2026-08-31,2240,N20,nominal,2.0NRT,298.04,1.21,N
22.40785,56.99025,317.13,0.45,0.63,2026-08-31,2240,N20,nominal,2.0NRT,298.04,1.91,N
22.44477,56.69889,313.9,0.43,0.62,2026-08-31,2240,N20,nominal,2.0NRT,298.53,0.88,N
22.33098,56.4879,322.58,0.42,0.61,2026-08-31,2240,N20,nominal,2.0NRT,299.42,2.35,N
22.33008,56.49179,327.28,0.42,0.61,2026-08-31,2240,N20,nominal,2.0NRT,299.71,2.35,N
22.32918,56.4705,329.65,0.42,0.61,2026-08-31,2240,N20,nominal,2.0NRT,300.42,2.43,N
22.3297,56.47169,331.13,0.42,0.61,2026-08-31,2240,N20,nominal,2.0NRT,300.88,2.79,N
22.32617,56.48754,317.23,0.42,0.61,2026-08-31,2240,N20,nominal,2.0NRT,299.07,2.35,N
21.94008,57.07093,319.86,0.46,0.64,2026-08-31,2240,N20,nominal,2.0NRT,295.66,1.72,N
21.93909,57.07529,310.89,0.46,0.64,2026-08-31,2240,N20,nominal,2.0NRT,296.01,1.72,N
21.89015,56.84481,318.43,0.45,0.63,2026-08-31,2240,N20,nominal,2.0NRT,297.89,1.09,N
21.80215,57.08904,316.55,0.47,0.64,2026-08-31,2240,N20,nominal,2.0NRT,295.52,1.25,N
21.83686,56.67949,321.5,0.44,0.62,2026-08-31,2240,N20,nominal,2.0NRT,297.57,1.74,N
21.83414,56.68025,323.57,0.44,0.62,2026-08-31,2240,N20,nominal,2.0NRT,298.09,1.62,N
21.66199,56.4125,326.73,0.42,0.61,2026-08-31,2240,N20,nominal,2.0NRT,298.13,2.17,N
21.66357,56.41401,327.01,0.43,0.62,2026-08-31,2240,N20,nominal,2.0NRT,297.87,2.39,N
21.46273,57.24666,306.52,0.49,0.65,2026-08-31,2240,N20,nominal,2.0NRT,295.65,0.6,N
21.32106,57.72118,310.8,0.52,0.67,2026-08-31,2240,N20,nominal,2.0NRT,293.6,1.08,N
21.31647,57.74072,308.04,0.53,0.67,2026-08-31,2240,N20,nominal,2.0NRT,293.64,1.15,N
21.31531,57.74564,316.25,0.53,0.67,2026-08-31,2240,N20,nominal,2.0NRT,293.63,1.15,N
21.30364,57.7952,304.94,0.53,0.67,2026-08-31,2240,N20,nominal,2.0NRT,293.35,0.83,N
21.30536,57.70669,307.08,0.52,0.67,2026-08-31,2240,N20,nominal,2.0NRT,293.41,0.9,N
21.29918,57.67899,304.49,0.52,0.67,2026-08-31,2240,N20,nominal,2.0NRT,292.86,0.59,N
21.37894,56.71439,306.26,0.45,0.63,2026-08-31,2242,N20,nominal,2.0NRT,295.76,1.55,N
21.37796,56.71862,318.35,0.45,0.63,2026-08-31,2242,N20,nominal,2.0NRT,296.23,1.55,N
21.37687,56.71783,325.86,0.45,0.63,2026-08-31,2242,N20,nominal,2.0NRT,296.43,3.33,N
21.24486,56.34764,306.45,0.43,0.62,2026-08-31,2242,N20,nominal,2.0NRT,296.13,0.76,N
20.98814,56.77373,307.36,0.46,0.64,2026-08-31,2242,N20,nominal,2.0NRT,295.5,0.59,N
20.37787,55.93501,336.7,0.42,0.61,2026-08-31,2242,N20,nominal,2.0NRT,296.99,3.4,N
20.3735,55.93394,313.32,0.42,0.61,2026-08-31,2242,N20,nominal,2.0NRT,295.71,1.11,N
20.38714,55.66031,326.33,0.4,0.6,2026-08-31,2242,N20,nominal,2.0NRT,295.85,2.06,N
20.38418,55.64772,309.73,0.4,0.6,2026-08-31,2242,N20,nominal,2.0NRT,296.43,1.19,N
20.21525,55.71085,320.53,0.41,0.61,2026-08-31,2242,N20,nominal,2.0NRT,295.21,1.26,N
19.26854,56.17312,309.13,0.46,0.64,2026-08-31,2242,N20,nominal,2.0NRT,293.09,0.75,N
39.8534,66.20016,298.17,0.54,0.68,2026-08-31,2235,N20,nominal,2.0NRT,287.76,1.04,N
39.26455,65.20124,303.6,0.5,0.66,2026-08-31,2235,N20,nominal,2.0NRT,288.39,0.77,N
39.26237,65.19744,299.22,0.5,0.66,2026-08-31,2235,N20,nominal,2.0NRT,287.75,0.63,N
38.33144,68.12044,304.15,0.75,0.77,2026-08-31,2235,N20,nominal,2.0NRT,289.75,1.5,N
39.56303,93.78285,339.12,0.41,0.37,2026-09-01,0635,N20,low,2.0NRT,313.44,2.11,D
20.17699,100.43884,330.43,0.4,0.37,2026-09-01,0629,N20,nominal,2.0NRT,296.57,2.67,D
22.79371,100.87825,331.34,0.38,0.36,2026-09-01,0631,N20,nominal,2.0NRT,299.56,2.64,D
22.79314,100.87456,339.37,0.38,0.36,2026-09-01,0631,N20,nominal,2.0NRT,305.44,5.5,D
23.01411,101.45621,334.76,0.39,0.36,2026-09-01,0631,N20,nominal,2.0NRT,300.06,4.63,D
23.10001,101.16615,339.11,0.38,0.36,2026-09-01,0631,N20,nominal,2.0NRT,303.63,5.54,D
23.03379,100.49509,329.83,0.39,0.36,2026-09-01,0631,N20,nominal,2.0NRT,293.07,2.69,D
23.03707,100.49448,332.86,0.39,0.36,2026-09-01,0631,N20,nominal,2.0NRT,299.23,2.69,D
23.23788,101.61208,340.64,0.39,0.36,2026-09-01,0631,N20,nominal,2.0NRT,308.08,8.17,D
23.14113,100.94922,329.92,0.38,0.36,2026-09-01,0631,N20,nominal,2.0NRT,299.78,2.61,D
23.29115,101.90314,332.42,0.39,0.36,2026-09-01,0631,N20,nominal,2.0NRT,298.78,7.27,D
23.53822,100.005,330.54,0.39,0.36,2026-09-01,0631,N20,nominal,2.0NRT,297.91,3.94,D
23.97939,101.645,341.68,0.39,0.36,2026-09-01,0631,N20,nominal,2.0NRT,303.51,4.24,D
24.3002,100.94971,335.59,0.38,0.36,2026-09-01,0631,N20,nominal,2.0NRT,303.81,2.14,D
24.33522,100.84702,333.53,0.38,0.36,2026-09-01,0631,N20,nominal,2.0NRT,299.11,4.13,D
29.13868,91.72541,334.32,0.51,0.49,2026-09-01,0633,N20,nominal,2.0NRT,301.53,4.16,D
29.13759,91.72023,337.3,0.51,0.49,2026-09-01,0633,N20,nominal,2.0NRT,301.24,4.16,D
29.14057,91.72209,339.27,0.51,0.49,2026-09-01,0633,N20,nominal,2.0NRT,299.59,3.91,D
29.64476,91.2907,327.25,0.53,0.5,2026-09-01,0633,N20,low,2.0NRT,300.39,7.57,D
29.63853,90.98122,328.86,0.55,0.51,2026-09-01,0633,N20,low,2.0NRT,299.73,4.73,D
29.66644,90.99794,333.86,0.55,0.51,2026-09-01,0633,N20,nominal,2.0NRT,298.33,8.21,D
35.9517,100.87773,332.98,0.44,0.39,2026-09-01,0633,N20,low,2.0NRT,305.83,1.18,D
35.95108,100.87399,341.78,0.45,0.39,2026-09-01,0633,N20,nominal,2.0NRT,307.62,2.66,D
36.52752,101.56177,334.12,0.48,0.4,2026-09-01,0633,N20,nominal,2.0NRT,301.59,2.86,D
36.69868,101.59774,331.29,0.48,0.4,2026-09-01,0633,N20,nominal,2.0NRT,300.21,3.11,D
36.78682,101.74319,330.62,0.49,0.4,2026-09-01,0633,N20,low,2.0NRT,303.63,2.66,D
36.77348,101.44141,332.44,0.48,0.4,2026-09-01,0633,N20,nominal,2.0NRT,297.74,2.42,D
36.77334,101.43938,332.7,0.48,0.4,2026-09-01,0633,N20,nominal,2.0NRT,298.23,2.79,D
38.4824,100.95856,346.23,0.47,0.4,2026-09-01,0635,N20,nominal,2.0NRT,315.93,7.77,D
7.24082,100.40689,341.34,0.54,0.42,2026-09-01,0627,N20,nominal,2.0NRT,281.71,6.88,D
7.24003,100.40208,337.31,0.54,0.42,2026-09-01,0627,N20,nominal,2.0NRT,283.71,6.88,D
7.24388,100.40144,347.96,0.54,0.42,2026-09-01,0627,N20,nominal,2.0NRT,288.11,108.63,D
7.86897,100.09224,334.74,0.55,0.43,2026-09-01,0629,N20,nominal,2.0NRT,300.32,6.09,D
15.33951,99.63112,332.29,0.46,0.39,2026-09-01,0631,N20,nominal,2.0NRT,293.62,7.62,D
15.3431,99.63049,339.71,0.46,0.39,2026-09-01,0631,N20,nominal,2.0NRT,293.67,7.62,D
6.19563,81.06744,331.56,0.4,0.37,2026-09-01,0807,N20,nominal,2.0NRT,300.13,1.84,D
6.19398,81.01984,330.75,0.4,0.37,2026-09-01,0807,N20,nominal,2.0NRT,299.67,1.5,D
6.288,81.35012,350.26,0.41,0.37,2026-09-01,0807,N20,nominal,2.0NRT,302.7,12.61,D
6.29139,81.34963,338.97,0.41,0.37,2026-09-01,0807,N20,nominal,2.0NRT,300.01,2.3,D
6.29978,80.95581,330.62,0.4,0.37,2026-09-01,0807,N20,nominal,2.0NRT,299.6,1.47,D
6.34659,81.15477,336.83,0.4,0.37,2026-09-01,0807,N20,nominal,2.0NRT,305.46,13.93,D
6.40921,81.11215,338.12,0.4,0.37,2026-09-01,0807,N20,nominal,2.0NRT,301.74,3.38,D
39.27596,56.28315,339.1,0.51,0.66,2026-09-01,0818,N20,nominal,2.0NRT,295.26,3.47,D
6.47014,80.77328,332.96,0.39,0.37,2026-09-01,0807,N20,nominal,2.0NRT,302.46,1.38,D
6.52722,81.10549,333.99,0.4,0.37,2026-09-01,0807,N20,nominal,2.0NRT,302.86,2.52,D
6.52094,80.91397,337.79,0.4,0.37,2026-09-01,0807,N20,nominal,2.0NRT,302.33,2.53,D
6.52429,80.91348,332.01,0.4,0.37,2026-09-01,0807,N20,nominal,2.0NRT,301.21,1.91,D
6.56526,80.98066,337.6,0.4,0.37,2026-09-01,0807,N20,nominal,2.0NRT,304.82,6.83,D
6.56916,80.98374,334.56,0.4,0.37,2026-09-01,0807,N20,nominal,2.0NRT,303.14,3.76,D
6.56862,80.98016,346.48,0.4,0.37,2026-09-01,0807,N20,nominal,2.0NRT,304.65,3.76,D
6.46628,80.0317,332.26,0.39,0.36,2026-09-01,0807,N20,nominal,2.0NRT,295.38,1.93,D
6.70927,81.59336,341.92,0.42,0.37,2026-09-01,0807,N20,nominal,2.0NRT,303.35,4.1,D
6.7087,81.58959,341.41,0.42,0.37,2026-09-01,0807,N20,nominal,2.0NRT,305.17,4.1,D
6.70194,81.54465,346.99,0.42,0.37,2026-09-01,0807,N20,nominal,2.0NRT,305.47,7.63,D
6.7127,81.59286,344.85,0.42,0.37,2026-09-01,0807,N20,nominal,2.0NRT,302.72,4.1,D
6.71214,81.5891,338.05,0.42,0.37,2026-09-01,0807,N20,nominal,2.0NRT,307.16,4.1,D
6.71248,81.59302,346.86,0.42,0.37,2026-09-01,0807,N20,nominal,2.0NRT,302.5,7.21,D
6.71592,81.59251,353.23,0.42,0.37,2026-09-01,0807,N20,nominal,2.0NRT,306.46,7.21,D
6.71537,81.58875,343.76,0.42,0.37,2026-09-01,0807,N20,nominal,2.0NRT,304.45,7.21,D
6.71991,81.59576,336.51,0.42,0.38,2026-09-01,0807,N20,nominal,2.0NRT,302.53,4.57,D
6.6884,81.33414,335.42,0.41,0.37,2026-09-01,0807,N20,nominal,2.0NRT,303.7,2.66,D
6.73532,81.60506,333.96,0.42,0.38,2026-09-01,0807,N20,nominal,2.0NRT,300.08,6.14,D
6.73476,81.60129,349.84,0.42,0.38,2026-09-01,0807,N20,nominal,2.0NRT,301.73,6.14,D
6.76689,81.5811,342.7,0.42,0.37,2026-09-01,0807,N20,nominal,2.0NRT,304.18,10.34,D
6.74331,81.35238,340.01,0.41,0.37,2026-09-01,0807,N20,nominal,2.0NRT,304.59,3.17,D
6.75455,81.38096,337.59,0.41,0.37,2026-09-01,0807,N20,nominal,2.0NRT,303.11,4.24,D
6.74579,81.29923,332.69,0.41,0.37,2026-09-01,0807,N20,low,2.0NRT,304.36,4.47,D
6.77698,81.46094,347.92,0.41,0.37,2026-09-01,0807,N20,nominal,2.0NRT,303.94,6.72,D
6.77985,81.45672,338.17,0.41,0.37,2026-09-01,0807,N20,nominal,2.0NRT,303.46,6.72,D
6.77492,81.40061,335.96,0.41,0.37,2026-09-01,0807,N20,nominal,2.0NRT,304.38,3.37,D
6.79736,81.52679,347.19,0.42,0.37,2026-09-01,0807,N20,nominal,2.0NRT,304.33,11.46,D
6.72585,81.05147,330.73,0.4,0.37,2026-09-01,0807,N20,nominal,2.0NRT,297.97,2.53,D
6.69535,80.78114,337.24,0.4,0.37,2026-09-01,0807,N20,nominal,2.0NRT,298.44,5.13,D
6.82295,81.60361,340.72,0.42,0.38,2026-09-01,0807,N20,nominal,2.0NRT,305.3,7.42,D
6.82237,81.60346,340.57,0.42,0.38,2026-09-01,0807,N20,nominal,2.0NRT,305.31,7.59,D
6.80068,81.40777,331.8,0.41,0.37,2026-09-01,0807,N20,low,2.0NRT,303.86,2.19,D
6.80409,81.40726,335.87,0.41,0.37,2026-09-01,0807,N20,nominal,2.0NRT,301.54,2.19,D
6.84268,81.55048,338.05,0.42,0.37,2026-09-01,0807,N20,nominal,2.0NRT,303.99,14.2,D
6.84667,81.55373,340.76,0.42,0.37,2026-09-01,0807,N20,nominal,2.0NRT,305.48,12.34,D
6.84612,81.54997,344.16,0.42,0.37,2026-09-01,0807,N20,nominal,2.0NRT,309.51,14.2,D
6.8378,81.49365,348.68,0.42,0.37,2026-09-01,0807,N20,nominal,2.0NRT,306.6,8.89,D
6.87721,81.47617,336.79,0.41,0.37,2026-09-01,0807,N20,nominal,2.0NRT,303.13,5.72,D
6.89542,81.50428,336.51,0.42,0.37,2026-09-01,0807,N20,nominal,2.0NRT,304.22,2.58,D
6.93754,81.6444,336.58,0.42,0.38,2026-09-01,0807,N20,low,2.0NRT,306.96,7.91,D
6.93636,81.6409,339.7,0.42,0.38,2026-09-01,0807,N20,nominal,2.0NRT,307.63,7.98,D
6.94218,81.51284,338.23,0.42,0.37,2026-09-01,0807,N20,nominal,2.0NRT,302.03,13.59,D
7.00928,81.65731,335.03,0.42,0.38,2026-09-01,0807,N20,low,2.0NRT,307.9,7.56,D
7.06151,81.58727,335.99,0.42,0.38,2026-09-01,0807,N20,nominal,2.0NRT,303.63,2.66,D
7.0482,81.49678,331.88,0.42,0.37,2026-09-01,0807,N20,nominal,2.0NRT,301.39,0.94,D
7.09697,81.44749,337.33,0.42,0.37,2026-09-01,0807,N20,nominal,2.0NRT,301.82,3.44,D
7.10039,81.44698,339.18,0.42,0.37,2026-09-01,0807,N20,nominal,2.0NRT,303.06,5.12,D
7.14132,81.57948,330.59,0.42,0.38,2026-09-01,0807,N20,low,2.0NRT,303.5,3.25,D
7.14814,81.58189,331.84,0.42,0.38,2026-09-01,0807,N20,low,2.0NRT,302.1,7.99,D
7.14758,81.57811,346.2,0.42,0.38,2026-09-01,0807,N20,nominal,2.0NRT,306.04,7.99,D
7.18971,81.81844,351.82,0.43,0.38,2026-09-01,0807,N20,nominal,2.0NRT,306.22,15.24,D
7.15227,81.562,334.52,0.42,0.38,2026-09-01,0807,N20,nominal,2.0NRT,302.46,4.45,D
7.1894,81.26937,336.38,0.41,0.37,2026-09-01,0807,N20,nominal,2.0NRT,303.34,5.75,D
7.28544,81.7925,346.3,0.43,0.38,2026-09-01,0807,N20,nominal,2.0NRT,305.58,2.38,D
7.20868,81.28173,335.77,0.41,0.37,2026-09-01,0807,N20,nominal,2.0NRT,301.4,4.97,D
7.20901,81.28133,336.85,0.41,0.37,2026-09-01,0807,N20,nominal,2.0NRT,301.35,4.66,D
7.2871,81.79221,344.87,0.43,0.38,2026-09-01,0807,N20,nominal,2.0NRT,306.46,3.71,D
7.27363,81.57868,332.12,0.42,0.38,2026-09-01,0807,N20,low,2.0NRT,304.52,2.39,D
7.31445,81.76054,344.48,0.43,0.38,2026-09-01,0807,N20,nominal,2.0NRT,308.02,6.14,D
7.318,81.73637,339.66,0.43,0.38,2026-09-01,0807,N20,nominal,2.0NRT,307.54,8.87,D
7.30782,81.66721,333.01,0.42,0.38,2026-09-01,0807,N20,low,2.0NRT,305.59,5.01,D
7.35605,81.82565,335.91,0.43,0.38,2026-09-01,0807,N20,nominal,2.0NRT,304.61,2.7,D
7.3208,81.56399,336.41,0.42,0.38,2026-09-01,0807,N20,nominal,2.0NRT,299.74,3.43,D
7.36082,81.73792,335.91,0.43,0.38,2026-09-01,0807,N20,nominal,2.0NRT,304.37,2.65,D
7.28258,81.21385,346.36,0.41,0.37,2026-09-01,0807,N20,nominal,2.0NRT,308.53,8.37,D
7.3689,81.76833,338.83,0.43,0.38,2026-09-01,0807,N20,nominal,2.0NRT,306.78,5.62,D
7.37472,81.73589,337.04,0.43,0.38,2026-09-01,0807,N20,nominal,2.0NRT,305.43,4.5,D
7.32648,81.29461,338.59,0.41,0.37,2026-09-01,0807,N20,nominal,2.0NRT,294.96,3.87,D
7.38538,81.62483,337.17,0.42,0.38,2026-09-01,0807,N20,nominal,2.0NRT,302.07,2.46,D
7.40812,81.70768,340.76,0.43,0.38,2026-09-01,0807,N20,nominal,2.0NRT,304.46,4.99,D
7.32339,80.94555,332.32,0.4,0.37,2026-09-01,0807,N20,low,2.0NRT,304.19,4.67,D
7.36908,81.18222,337.39,0.41,0.37,2026-09-01,0807,N20,nominal,2.0NRT,303.99,3.17,D
7.40123,81.37469,334.99,0.42,0.37,2026-09-01,0807,N20,nominal,2.0NRT,300.8,4.95,D
7.36151,81.1082,339.86,0.41,0.37,2026-09-01,0807,N20,low,2.0NRT,310.17,4.91,D
7.36096,81.10453,341.98,0.41,0.37,2026-09-01,0807,N20,nominal,2.0NRT,311.01,4.91,D
7.36491,81.10772,340.81,0.41,0.37,2026-09-01,0807,N20,nominal,2.0NRT,310.3,4.91,D
7.36436,81.10405,347.82,0.41,0.37,2026-09-01,0807,N20,nominal,2.0NRT,313.35,4.91,D
7.39201,81.26588,339.1,0.41,0.37,2026-09-01,0807,N20,nominal,2.0NRT,304.67,4.79,D
7.38813,81.23989,337.2,0.41,0.37,2026-09-01,0807,N20,nominal,2.0NRT,306.05,3.29,D
7.38757,81.23617,339.32,0.41,0.37,2026-09-01,0807,N20,nominal,2.0NRT,305.83,3.29,D
7.3683,81.10722,342.81,0.41,0.37,2026-09-01,0807,N20,nominal,2.0NRT,311.22,8.42,D
7.36775,81.10355,344.69,0.41,0.37,2026-09-01,0807,N20,nominal,2.0NRT,311.99,8.42,D
7.38876,81.22081,340.47,0.41,0.37,2026-09-01,0807,N20,nominal,2.0NRT,308.39,5.62,D
7.45624,81.6496,339.88,0.43,0.38,2026-09-01,0807,N20,nominal,2.0NRT,305.28,4.7,D
7.43785,81.2437,346.81,0.41,0.37,2026-09-01,0807,N20,nominal,2.0NRT,310.4,14.96,D
7.44126,81.24319,344.77,0.41,0.37,2026-09-01,0807,N20,nominal,2.0NRT,310.42,13.42,D
7.6399,80.81561,337.87,0.4,0.37,2026-09-01,0807,N20,nominal,2.0NRT,305.22,3.8,D
7.72668,81.25712,346.06,0.41,0.37,2026-09-01,0807,N20,nominal,2.0NRT,315.22,12.5,D
7.78909,81.55701,338.3,0.42,0.38,2026-09-01,0807,N20,nominal,2.0NRT,305.86,4.45,D
7.68967,80.44537,336.44,0.39,0.36,2026-09-01,0807,N20,nominal,2.0NRT,302.98,4.48,D
7.8633,81.44503,340.29,0.42,0.38,2026-09-01,0807,N20,nominal,2.0NRT,305.09,5.67,D
7.86562,81.43693,336.84,0.42,0.38,2026-09-01,0807,N20,nominal,2.0NRT,304.66,4.75,D
7.87304,81.46302,341.96,0.42,0.38,2026-09-01,0807,N20,nominal,2.0NRT,305.1,6.07,D
7.84616,81.21291,336.43,0.41,0.37,2026-09-01,0807,N20,nominal,2.0NRT,306.28,2.42,D
7.84958,81.2124,337.5,0.41,0.37,2026-09-01,0807,N20,nominal,2.0NRT,307.1,2.42,D
7.69357,80.13393,340.44,0.39,0.36,2026-09-01,0807,N20,nominal,2.0NRT,302.14,3.93,D
7.88596,81.3409,338.14,0.42,0.38,2026-09-01,0807,N20,nominal,2.0NRT,306.13,5,D
7.91604,81.40217,352.83,0.42,0.38,2026-09-01,0807,N20,nominal,2.0NRT,307.43,14.22,D
7.92367,81.35847,338.95,0.42,0.38,2026-09-01,0807,N20,nominal,2.0NRT,307.28,4.48,D
7.94569,81.45992,338.67,0.42,0.38,2026-09-01,0807,N20,nominal,2.0NRT,304.38,4.41,D
7.94367,81.37486,349.3,0.42,0.38,2026-09-01,0807,N20,nominal,2.0NRT,307.57,9.89,D
7.94311,81.37108,348.82,0.42,0.38,2026-09-01,0807,N20,nominal,2.0NRT,308.51,6.8,D
7.8724,80.89572,332.07,0.4,0.37,2026-09-01,0807,N20,low,2.0NRT,303.75,3.94,D
7.94655,81.37057,345.42,0.42,0.38,2026-09-01,0807,N20,nominal,2.0NRT,305.25,6.8,D
7.7706,80.19412,338.32,0.39,0.36,2026-09-01,0807,N20,nominal,2.0NRT,301.59,6.19,D
7.73849,79.95895,331.28,0.39,0.36,2026-09-01,0807,N20,nominal,2.0NRT,300,3.24,D
7.94901,81.31618,337.5,0.42,0.37,2026-09-01,0807,N20,nominal,2.0NRT,305.19,3.72,D
7.74162,79.82307,335.64,0.39,0.36,2026-09-01,0807,N20,nominal,2.0NRT,298.56,0.97,D
7.81731,80.21194,336.51,0.39,0.36,2026-09-01,0807,N20,nominal,2.0NRT,300.71,3.12,D
7.8038,80.09898,334.62,0.39,0.36,2026-09-01,0807,N20,nominal,2.0NRT,299.07,2.56,D
8.00483,81.43587,339.65,0.42,0.38,2026-09-01,0807,N20,nominal,2.0NRT,307.84,5.49,D
7.88857,80.64487,338.93,0.4,0.37,2026-09-01,0807,N20,nominal,2.0NRT,301.07,3.33,D
7.89193,80.64436,337.42,0.4,0.37,2026-09-01,0807,N20,nominal,2.0NRT,302.98,3.33,D
7.85401,80.34363,335.88,0.39,0.36,2026-09-01,0807,N20,nominal,2.0NRT,301.15,2.57,D
7.9043,80.63515,339.45,0.4,0.37,2026-09-01,0807,N20,nominal,2.0NRT,303.47,5.09,D
7.97472,81.08727,333.04,0.41,0.37,2026-09-01,0807,N20,nominal,2.0NRT,301.76,2.7,D
8.029,81.28909,367,0.42,0.37,2026-09-01,0807,N20,high,2.0NRT,305.54,6.88,D
8.02956,81.29285,338.26,0.42,0.37,2026-09-01,0807,N20,nominal,2.0NRT,305.53,4.69,D
8.03243,81.28857,333.56,0.42,0.37,2026-09-01,0807,N20,nominal,2.0NRT,300.91,2.55,D
7.95528,80.7233,337.36,0.4,0.37,2026-09-01,0807,N20,nominal,2.0NRT,305.29,6.85,D
7.95864,80.7228,348.76,0.4,0.37,2026-09-01,0807,N20,nominal,2.0NRT,305.39,6.85,D
7.88613,80.19436,343.09,0.39,0.36,2026-09-01,0807,N20,nominal,2.0NRT,303.06,14.42,D
7.96718,80.59638,347.47,0.4,0.37,2026-09-01,0807,N20,nominal,2.0NRT,305.22,7.45,D
7.97054,80.59588,344.25,0.4,0.37,2026-09-01,0807,N20,nominal,2.0NRT,304.66,6.26,D
8.00365,80.68972,345.78,0.4,0.37,2026-09-01,0807,N20,nominal,2.0NRT,304.69,6.49,D
8.00312,80.68612,332.24,0.4,0.37,2026-09-01,0807,N20,low,2.0NRT,303.74,6.49,D
7.89084,79.88833,331.07,0.39,0.36,2026-09-01,0807,N20,nominal,2.0NRT,298.23,2.43,D
8.11024,81.31932,336.01,0.42,0.38,2026-09-01,0807,N20,nominal,2.0NRT,303.56,10.42,D
8.11001,81.12762,334.89,0.41,0.37,2026-09-01,0807,N20,nominal,2.0NRT,304.84,2.56,D
8.03384,80.61523,336.42,0.4,0.37,2026-09-01,0807,N20,nominal,2.0NRT,301.32,3.42,D
7.99557,80.2457,331.23,0.39,0.36,2026-09-01,0807,N20,low,2.0NRT,303.12,3.74,D
8.09459,80.79108,347.2,0.4,0.37,2026-09-01,0807,N20,nominal,2.0NRT,304.98,9.91,D
8.02568,80.01717,340.55,0.39,0.36,2026-09-01,0807,N20,nominal,2.0NRT,303.41,7.1,D
8.08881,80.16577,346.16,0.39,0.36,2026-09-01,0807,N20,nominal,2.0NRT,303.91,8.87,D
8.18485,80.69152,338.87,0.4,0.37,2026-09-01,0807,N20,nominal,2.0NRT,303.63,2.58,D
8.18431,80.6879,336.06,0.4,0.37,2026-09-01,0807,N20,low,2.0NRT,307.4,2.58,D
8.10587,80.09838,345.37,0.39,0.36,2026-09-01,0807,N20,nominal,2.0NRT,303.63,12.94,D
8.29811,81.02658,340.89,0.41,0.37,2026-09-01,0807,N20,nominal,2.0NRT,308.17,10,D
8.30438,81.02186,347.63,0.41,0.37,2026-09-01,0807,N20,nominal,2.0NRT,307.45,15.76,D
8.30383,81.01815,346.55,0.41,0.37,2026-09-01,0807,N20,nominal,2.0NRT,307.67,7.15,D
8.18809,80.24049,330.04,0.39,0.36,2026-09-01,0807,N20,low,2.0NRT,301.7,2.08,D
8.30779,81.02135,345.12,0.41,0.37,2026-09-01,0807,N20,nominal,2.0NRT,305.98,15.76,D
8.30724,81.01763,338.69,0.41,0.37,2026-09-01,0807,N20,nominal,2.0NRT,305.75,7.15,D
8.25999,80.58377,336.94,0.4,0.37,2026-09-01,0807,N20,nominal,2.0NRT,304.74,4.62,D
8.25945,80.58018,332.21,0.4,0.37,2026-09-01,0807,N20,low,2.0NRT,304.69,4.62,D
8.39032,81.17722,340.33,0.42,0.37,2026-09-01,0807,N20,nominal,2.0NRT,299.18,6.48,D
8.37586,80.74799,336.48,0.4,0.37,2026-09-01,0807,N20,nominal,2.0NRT,303.02,3.77,D
8.31002,80.2835,348.31,0.39,0.36,2026-09-01,0807,N20,nominal,2.0NRT,306.24,6.63,D
8.28878,80.14186,346.12,0.39,0.36,2026-09-01,0807,N20,nominal,2.0NRT,303.83,3.88,D
8.29211,80.14137,333.18,0.39,0.36,2026-09-01,0807,N20,nominal,2.0NRT,302.69,3.88,D
8.37608,80.61057,334.78,0.4,0.37,2026-09-01,0807,N20,low,2.0NRT,306.1,2.99,D
8.40346,80.6324,345.42,0.4,0.37,2026-09-01,0807,N20,nominal,2.0NRT,307.1,10.1,D
8.42383,80.72218,339.1,0.4,0.37,2026-09-01,0807,N20,nominal,2.0NRT,307.16,7.42,D
8.41248,80.62364,343.83,0.4,0.37,2026-09-01,0807,N20,nominal,2.0NRT,307.8,5.89,D
8.41407,80.62293,339.76,0.4,0.37,2026-09-01,0807,N20,nominal,2.0NRT,307.29,4.07,D
8.36313,80.27856,337.58,0.39,0.36,2026-09-01,0807,N20,low,2.0NRT,307.93,6.93,D
8.37702,80.28011,340.69,0.39,0.36,2026-09-01,0807,N20,nominal,2.0NRT,307.75,5.07,D
8.4261,80.58783,339.16,0.4,0.37,2026-09-01,0807,N20,nominal,2.0NRT,305.58,6.97,D
8.42556,80.58421,334.18,0.4,0.37,2026-09-01,0807,N20,low,2.0NRT,305.33,6.97,D
8.38387,80.25729,344.44,0.39,0.36,2026-09-01,0807,N20,nominal,2.0NRT,306.01,21.15,D
8.47568,80.83,340.1,0.41,0.37,2026-09-01,0807,N20,nominal,2.0NRT,304.2,5.45,D
8.42314,80.45207,344.39,0.4,0.37,2026-09-01,0807,N20,nominal,2.0NRT,307.15,5.59,D
8.42116,80.41576,331.15,0.4,0.37,2026-09-01,0807,N20,nominal,2.0NRT,300.88,1.64,D
8.47067,80.72593,339.66,0.4,0.37,2026-09-01,0807,N20,nominal,2.0NRT,307.72,6.3,D
8.43802,80.48289,333.34,0.4,0.37,2026-09-01,0807,N20,low,2.0NRT,306.69,3.08,D
8.42199,80.37539,338.45,0.4,0.37,2026-09-01,0807,N20,nominal,2.0NRT,305.32,3.67,D
8.40496,80.26138,330.51,0.39,0.36,2026-09-01,0807,N20,low,2.0NRT,302.17,4.21,D
8.40777,80.25732,344.36,0.39,0.36,2026-09-01,0807,N20,nominal,2.0NRT,305.63,6.41,D
8.40724,80.25377,337.37,0.39,0.36,2026-09-01,0807,N20,nominal,2.0NRT,305.74,5.48,D
8.49494,80.81963,342.19,0.41,0.37,2026-09-01,0807,N20,nominal,2.0NRT,307.37,8.99,D
8.48353,80.74271,339.29,0.4,0.37,2026-09-01,0807,N20,nominal,2.0NRT,305.16,4.51,D
8.41058,80.25326,339.92,0.39,0.36,2026-09-01,0807,N20,nominal,2.0NRT,303.66,5.48,D
8.40632,80.22485,334.09,0.39,0.36,2026-09-01,0807,N20,nominal,2.0NRT,301.8,2.55,D
8.49833,80.81913,342.21,0.41,0.37,2026-09-01,0807,N20,nominal,2.0NRT,311.13,37.72,D
8.49778,80.81545,337.1,0.41,0.37,2026-09-01,0807,N20,low,2.0NRT,308.07,20.36,D
8.51189,80.81709,337.95,0.41,0.37,2026-09-01,0807,N20,nominal,2.0NRT,304.49,3.26,D
8.52678,80.89388,333.03,0.41,0.37,2026-09-01,0807,N20,nominal,2.0NRT,299.26,1.85,D
8.51638,80.82394,338.12,0.41,0.37,2026-09-01,0807,N20,nominal,2.0NRT,307.5,4.31,D
8.45641,80.39947,337.44,0.4,0.37,2026-09-01,0807,N20,nominal,2.0NRT,304.29,3.25,D
8.5281,80.85604,335.85,0.41,0.37,2026-09-01,0807,N20,low,2.0NRT,306.51,5.17,D
8.45976,80.39896,337.31,0.4,0.37,2026-09-01,0807,N20,nominal,2.0NRT,305.07,3.25,D
8.46419,80.40561,341.92,0.4,0.37,2026-09-01,0807,N20,nominal,2.0NRT,304.94,6.91,D
8.46311,80.39846,333.45,0.4,0.37,2026-09-01,0807,N20,low,2.0NRT,304.64,2.91,D
8.47723,80.46968,333.63,0.4,0.37,2026-09-01,0807,N20,low,2.0NRT,304.51,3.12,D
8.47669,80.46609,340.3,0.4,0.37,2026-09-01,0807,N20,nominal,2.0NRT,304.76,3.12,D
8.46767,80.38315,338.54,0.4,0.37,2026-09-01,0807,N20,nominal,2.0NRT,303.59,4.79,D
8.46713,80.37957,331.05,0.4,0.37,2026-09-01,0807,N20,low,2.0NRT,302.95,4.79,D
8.51537,80.67827,335.57,0.4,0.37,2026-09-01,0807,N20,nominal,2.0NRT,304.66,4.58,D
8.47263,80.39338,341.6,0.4,0.37,2026-09-01,0807,N20,nominal,2.0NRT,303.82,5.03,D
8.55636,80.85937,348.82,0.41,0.37,2026-09-01,0807,N20,nominal,2.0NRT,309.36,9.05,D
8.51689,80.59644,349.77,0.4,0.37,2026-09-01,0807,N20,nominal,2.0NRT,309.22,8.18,D
8.55724,80.85863,342.73,0.41,0.37,2026-09-01,0807,N20,nominal,2.0NRT,308.82,6.63,D
8.51914,80.59909,349.1,0.4,0.37,2026-09-01,0807,N20,nominal,2.0NRT,307.86,6.67,D
8.51861,80.59547,339.44,0.4,0.37,2026-09-01,0807,N20,nominal,2.0NRT,307.74,8.91,D
8.52305,80.60222,341.68,0.4,0.37,2026-09-01,0807,N20,nominal,2.0NRT,305.4,6.67,D
8.52251,80.59859,344.72,0.4,0.37,2026-09-01,0807,N20,nominal,2.0NRT,307.41,6.67,D
8.52091,80.58773,336.98,0.4,0.37,2026-09-01,0807,N20,low,2.0NRT,307.89,3.42,D
8.54302,80.71444,337.21,0.4,0.37,2026-09-01,0807,N20,nominal,2.0NRT,300.45,2.65,D
8.52482,80.59085,340.95,0.4,0.37,2026-09-01,0807,N20,nominal,2.0NRT,308.75,18.05,D
8.52428,80.58723,350.87,0.4,0.37,2026-09-01,0807,N20,nominal,2.0NRT,313.39,16.67,D
8.52765,80.58673,339.2,0.4,0.37,2026-09-01,0807,N20,nominal,2.0NRT,306.89,16.67,D
8.56056,80.7867,337.47,0.41,0.37,2026-09-01,0807,N20,nominal,2.0NRT,306.61,4.67,D
8.55854,80.74949,337.21,0.4,0.37,2026-09-01,0807,N20,nominal,2.0NRT,305.07,3.14,D
8.54886,80.68374,340.39,0.4,0.37,2026-09-01,0807,N20,nominal,2.0NRT,305.95,5.04,D
8.53385,80.5821,337.32,0.4,0.37,2026-09-01,0807,N20,nominal,2.0NRT,304.62,3.94,D
8.51517,80.45588,338.05,0.4,0.37,2026-09-01,0807,N20,nominal,2.0NRT,303.92,5.6,D
8.59665,80.98523,332.8,0.41,0.37,2026-09-01,0807,N20,low,2.0NRT,305.63,2.99,D
8.55331,80.69052,336.36,0.4,0.37,2026-09-01,0807,N20,low,2.0NRT,306.71,2.76,D
8.5714,80.7663,336.88,0.41,0.37,2026-09-01,0807,N20,nominal,2.0NRT,305.52,8.29,D
8.57086,80.76264,347.81,0.41,0.37,2026-09-01,0807,N20,nominal,2.0NRT,309.48,8.29,D
8.60798,80.99117,335.7,0.41,0.37,2026-09-01,0807,N20,low,2.0NRT,306.98,4.51,D
8.56938,80.72919,337.86,0.4,0.37,2026-09-01,0807,N20,nominal,2.0NRT,303.44,4.97,D
8.56884,80.72552,336.31,0.4,0.37,2026-09-01,0807,N20,nominal,2.0NRT,305.58,4.97,D
8.53768,80.51505,339.58,0.4,0.37,2026-09-01,0807,N20,nominal,2.0NRT,305.81,7.23,D
8.53715,80.51145,336.31,0.4,0.37,2026-09-01,0807,N20,nominal,2.0NRT,305.02,4.28,D
8.63507,81.15186,340.72,0.42,0.37,2026-09-01,0807,N20,nominal,2.0NRT,305.38,7.26,D
8.61468,81.01301,333.4,0.41,0.37,2026-09-01,0807,N20,low,2.0NRT,306.02,5.49,D
8.56359,80.66665,340.52,0.4,0.37,2026-09-01,0807,N20,nominal,2.0NRT,303.1,3.58,D
8.52662,80.41747,336.83,0.4,0.37,2026-09-01,0807,N20,nominal,2.0NRT,304.23,8.12,D
8.60903,80.90376,341.37,0.41,0.37,2026-09-01,0807,N20,nominal,2.0NRT,309.84,5.32,D
8.62285,80.97375,336.77,0.41,0.37,2026-09-01,0807,N20,nominal,2.0NRT,306.74,7.33,D
8.60819,80.85102,347.73,0.41,0.37,2026-09-01,0807,N20,nominal,2.0NRT,307.17,6.77,D
8.55732,80.50842,340.06,0.4,0.37,2026-09-01,0807,N20,nominal,2.0NRT,307.71,9.25,D
8.57251,80.58739,351.23,0.4,0.37,2026-09-01,0807,N20,nominal,2.0NRT,306.82,4.9,D
8.57197,80.58377,338.4,0.4,0.37,2026-09-01,0807,N20,nominal,2.0NRT,305.33,4.9,D
8.57588,80.58688,346.83,0.4,0.37,2026-09-01,0807,N20,nominal,2.0NRT,307.29,4.9,D
8.58736,80.6408,343.59,0.4,0.37,2026-09-01,0807,N20,nominal,2.0NRT,305.4,3.05,D
8.56471,80.48888,345.44,0.4,0.37,2026-09-01,0807,N20,nominal,2.0NRT,305.21,6.7,D
8.63396,80.90764,348.39,0.41,0.37,2026-09-01,0807,N20,nominal,2.0NRT,309.58,15.72,D
8.61914,80.80795,354.82,0.41,0.37,2026-09-01,0807,N20,nominal,2.0NRT,308.42,18.64,D
8.6506,80.99627,333.05,0.41,0.37,2026-09-01,0807,N20,low,2.0NRT,305.24,5.41,D
8.61599,80.64768,338.63,0.4,0.37,2026-09-01,0807,N20,nominal,2.0NRT,304.88,6.81,D
8.65842,80.88509,338.62,0.41,0.37,2026-09-01,0807,N20,nominal,2.0NRT,306.41,7.67,D
8.63531,80.73058,342.73,0.4,0.37,2026-09-01,0807,N20,nominal,2.0NRT,306.81,11.61,D
8.65189,80.81818,347.69,0.41,0.37,2026-09-01,0807,N20,nominal,2.0NRT,308.94,8.19,D
8.6272,80.65345,341.32,0.4,0.37,2026-09-01,0807,N20,nominal,2.0NRT,306.85,5.44,D
8.62611,80.64617,332.06,0.4,0.37,2026-09-01,0807,N20,low,2.0NRT,305.21,4.73,D
8.62447,80.63522,335.17,0.4,0.37,2026-09-01,0807,N20,nominal,2.0NRT,302.37,3.56,D
8.60546,80.50855,334.31,0.4,0.37,2026-09-01,0807,N20,nominal,2.0NRT,300.57,3.04,D
8.67137,80.89798,345.82,0.41,0.37,2026-09-01,0807,N20,nominal,2.0NRT,305.69,6.26,D
8.67478,80.89748,343.88,0.41,0.37,2026-09-01,0807,N20,nominal,2.0NRT,307.36,6.26,D
8.66396,80.82355,339.11,0.41,0.37,2026-09-01,0807,N20,nominal,2.0NRT,305.99,1.81,D
8.63976,80.65855,335.24,0.4,0.37,2026-09-01,0807,N20,nominal,2.0NRT,302.2,2.2,D
8.70351,81.02254,339.27,0.41,0.37,2026-09-01,0807,N20,nominal,2.0NRT,305.47,10.21,D
8.70296,81.0188,345.32,0.41,0.37,2026-09-01,0807,N20,nominal,2.0NRT,303.15,9.54,D
8.68282,80.88114,345.29,0.41,0.37,2026-09-01,0807,N20,nominal,2.0NRT,305.41,4.82,D
8.67686,80.84047,337.36,0.41,0.37,2026-09-01,0807,N20,nominal,2.0NRT,306.35,6.18,D
8.65634,80.70087,337.48,0.4,0.37,2026-09-01,0807,N20,nominal,2.0NRT,302.35,4.07,D
8.67701,80.81786,339.55,0.41,0.37,2026-09-01,0807,N20,nominal,2.0NRT,307.17,7.59,D
8.66689,80.7255,339.66,0.4,0.37,2026-09-01,0807,N20,nominal,2.0NRT,306.81,6.36,D
8.6634,80.65504,331.92,0.4,0.37,2026-09-01,0807,N20,low,2.0NRT,304.05,2.94,D
8.66732,80.65819,337.42,0.4,0.37,2026-09-01,0807,N20,nominal,2.0NRT,305.72,5.68,D
8.66678,80.65455,333.71,0.4,0.37,2026-09-01,0807,N20,low,2.0NRT,306.1,2.94,D
8.67517,80.3873,343.64,0.4,0.37,2026-09-01,0807,N20,nominal,2.0NRT,297.56,3.67,D
8.74081,80.71076,333.79,0.4,0.37,2026-09-01,0807,N20,nominal,2.0NRT,299.36,2.58,D
8.78731,80.87704,338.04,0.41,0.37,2026-09-01,0807,N20,nominal,2.0NRT,304.74,4.18,D
8.73148,80.40436,336.04,0.4,0.37,2026-09-01,0807,N20,nominal,2.0NRT,303.78,6.84,D
8.8137,80.82015,339.12,0.41,0.37,2026-09-01,0807,N20,nominal,2.0NRT,306.61,2.83,D
8.74022,80.18744,342.44,0.39,0.36,2026-09-01,0807,N20,nominal,2.0NRT,305.13,7.03,D
8.74355,80.18694,331.5,0.39,0.36,2026-09-01,0807,N20,low,2.0NRT,302.81,3.66,D
8.90149,80.91673,339.32,0.41,0.37,2026-09-01,0807,N20,nominal,2.0NRT,299.95,3.86,D
8.84481,80.46053,343.37,0.4,0.37,2026-09-01,0807,N20,nominal,2.0NRT,307.36,9.13,D
8.87422,80.58953,331.63,0.4,0.37,2026-09-01,0807,N20,low,2.0NRT,304.54,4.26,D
8.89543,80.70979,350.54,0.41,0.37,2026-09-01,0807,N20,nominal,2.0NRT,311.29,12.28,D
8.87737,80.44827,334.96,0.4,0.37,2026-09-01,0807,N20,nominal,2.0NRT,301.86,4.35,D
8.89203,80.43133,339.06,0.4,0.37,2026-09-01,0807,N20,nominal,2.0NRT,305.92,6.34,D
8.89432,80.42362,345.24,0.4,0.37,2026-09-01,0807,N20,nominal,2.0NRT,306.22,18.82,D
8.9477,80.75841,335.01,0.41,0.37,2026-09-01,0807,N20,low,2.0NRT,305.61,3.49,D
8.96467,80.75588,333.45,0.41,0.37,2026-09-01,0807,N20,low,2.0NRT,304.86,5.39,D
9.06342,80.6434,336.9,0.4,0.37,2026-09-01,0807,N20,nominal,2.0NRT,306.03,6.95,D
9.06238,80.53422,343.91,0.4,0.37,2026-09-01,0807,N20,nominal,2.0NRT,306.38,8.27,D
9.02534,80.1679,341.66,0.39,0.37,2026-09-01,0807,N20,nominal,2.0NRT,305.55,4.67,D
9.05294,80.28446,334.44,0.4,0.37,2026-09-01,0807,N20,low,2.0NRT,308.78,4.57,D
9.05223,80.14198,335.7,0.39,0.36,2026-09-01,0807,N20,nominal,2.0NRT,305.56,3.51,D
9.09813,80.28868,333.47,0.4,0.37,2026-09-01,0807,N20,low,2.0NRT,308.16,1.91,D
9.11382,80.27898,334.75,0.4,0.37,2026-09-01,0807,N20,low,2.0NRT,307.21,1.78,D
19.56675,71.35735,339.78,0.39,0.44,2026-09-01,0811,N20,nominal,2.0NRT,288.85,6.62,D
9.11328,80.27539,338.28,0.4,0.37,2026-09-01,0807,N20,low,2.0NRT,308.53,2.38,D
9.15841,80.5534,332.67,0.4,0.37,2026-09-01,0807,N20,low,2.0NRT,305.49,2.95,D
27.44247,72.41804,340.62,0.41,0.37,2026-09-01,0813,N20,nominal,2.0NRT,309.17,3.09,D
9.0851,79.74976,338.52,0.39,0.36,2026-09-01,0807,N20,nominal,2.0NRT,305.02,5.33,D
27.52248,72.41055,367,0.41,0.37,2026-09-01,0813,N20,high,2.0NRT,311.22,5.92,D
9.23818,80.27795,338.23,0.4,0.37,2026-09-01,0807,N20,low,2.0NRT,308.77,6.16,D
27.52065,68.33736,336.04,0.42,0.45,2026-09-01,0813,N20,nominal,2.0NRT,303.58,5.64,D
9.25496,80.27543,337.77,0.4,0.37,2026-09-01,0807,N20,low,2.0NRT,308.37,6.41,D
27.84187,67.36549,334.72,0.47,0.48,2026-09-01,0813,N20,nominal,2.0NRT,304.54,3.44,D
9.37964,80.50117,330.76,0.4,0.37,2026-09-01,0807,N20,low,2.0NRT,304.42,1.09,D
9.38624,80.52262,332.76,0.4,0.37,2026-09-01,0807,N20,low,2.0NRT,304.4,1.86,D
27.84376,67.3663,336.63,0.47,0.48,2026-09-01,0813,N20,nominal,2.0NRT,304.24,2.9,D
9.3874,80.43667,334.17,0.4,0.37,2026-09-01,0807,N20,low,2.0NRT,306.26,2.22,D
28.22674,67.79078,341.46,0.44,0.46,2026-09-01,0813,N20,nominal,2.0NRT,305.11,2.55,D
9.39131,80.4398,344.68,0.4,0.37,2026-09-01,0807,N20,nominal,2.0NRT,306.92,4.75,D
29.91186,72.50246,335.6,0.39,0.37,2026-09-01,0813,N20,nominal,2.0NRT,299.35,2.61,D
9.39077,80.43616,347.24,0.4,0.37,2026-09-01,0807,N20,nominal,2.0NRT,307.8,4.75,D
30.66109,76.31641,334.5,0.43,0.38,2026-09-01,0813,N20,nominal,2.0NRT,298.08,3.62,D
9.39468,80.43929,339.79,0.4,0.37,2026-09-01,0807,N20,nominal,2.0NRT,306.75,4.75,D
31.13703,74.91448,330.19,0.4,0.37,2026-09-01,0813,N20,low,2.0NRT,305.04,6.71,D
9.39415,80.43565,344.17,0.4,0.37,2026-09-01,0807,N20,nominal,2.0NRT,308.14,4.75,D
31.12613,74.62209,336.29,0.39,0.36,2026-09-01,0813,N20,nominal,2.0NRT,298.91,8,D
9.41465,80.48103,336,0.4,0.37,2026-09-01,0807,N20,low,2.0NRT,307.55,2,D
30.14401,67.36311,338.12,0.42,0.46,2026-09-01,0816,N20,nominal,2.0NRT,302.81,3.93,D
9.40118,80.39004,336.08,0.4,0.37,2026-09-01,0807,N20,nominal,2.0NRT,305.16,1.44,D
31.62152,73.99264,332.44,0.39,0.36,2026-09-01,0816,N20,nominal,2.0NRT,297.98,1.96,D
9.41344,80.40305,334.15,0.4,0.37,2026-09-01,0807,N20,low,2.0NRT,307.35,2.25,D
32.28323,73.32689,340.06,0.38,0.36,2026-09-01,0816,N20,nominal,2.0NRT,298.15,3.61,D
9.41681,80.40254,337.45,0.4,0.37,2026-09-01,0807,N20,low,2.0NRT,307.74,2.25,D
35.28516,60.71699,367,0.38,0.59,2026-09-01,0816,N20,high,2.0NRT,311.86,18.48,D
9.41573,80.39528,341.46,0.4,0.37,2026-09-01,0807,N20,nominal,2.0NRT,308.04,9.16,D
35.29036,60.71508,367,0.38,0.59,2026-09-01,0816,N20,high,2.0NRT,311.67,15.96,D
9.41088,80.36264,340.99,0.4,0.37,2026-09-01,0807,N20,nominal,2.0NRT,305.85,3.29,D
37.03294,62.41511,343.79,0.56,0.52,2026-09-01,0818,N20,nominal,2.0NRT,313.28,12.7,D
9.42126,80.40929,335.5,0.4,0.37,2026-09-01,0807,N20,low,2.0NRT,305.83,3.37,D
37.03106,62.41908,345.26,0.56,0.51,2026-09-01,0818,N20,nominal,2.0NRT,312.3,14.23,D
9.42571,80.41607,337.49,0.4,0.37,2026-09-01,0807,N20,nominal,2.0NRT,307.46,2.53,D
38.55249,68.77795,339.8,0.41,0.37,2026-09-01,0818,N20,nominal,2.0NRT,307.01,2.51,D
9.42517,80.41243,348.9,0.4,0.37,2026-09-01,0807,N20,nominal,2.0NRT,308.83,3.37,D
37.98349,65.37352,334.68,0.57,0.43,2026-09-01,0818,N20,low,2.0NRT,307.26,2.58,D
9.42463,80.4088,333.85,0.4,0.37,2026-09-01,0807,N20,low,2.0NRT,306.2,3.37,D
37.98735,65.37224,335.87,0.57,0.43,2026-09-01,0818,N20,low,2.0NRT,309.12,2.58,D
9.42921,80.39326,338.85,0.4,0.37,2026-09-01,0807,N20,nominal,2.0NRT,306.82,3.02,D
37.39745,60.76356,333.98,0.34,0.56,2026-09-01,0818,N20,low,2.0NRT,307.42,3.1,D
9.42813,80.38601,337.1,0.4,0.37,2026-09-01,0807,N20,nominal,2.0NRT,305.5,1.83,D
37.39644,60.76474,340.26,0.34,0.56,2026-09-01,0818,N20,nominal,2.0NRT,307.58,2.78,D
9.44342,80.46554,339.83,0.4,0.37,2026-09-01,0807,N20,nominal,2.0NRT,308.91,3.41,D
37.54787,60.55887,330.38,0.34,0.56,2026-09-01,0818,N20,low,2.0NRT,305.34,2.69,D
9.43649,80.39588,332.58,0.4,0.37,2026-09-01,0807,N20,low,2.0NRT,305.37,1.61,D
37.54693,60.55516,340.85,0.34,0.56,2026-09-01,0818,N20,nominal,2.0NRT,308.71,4.51,D
9.43595,80.39226,335.72,0.4,0.37,2026-09-01,0807,N20,low,2.0NRT,306.94,1.61,D
37.54599,60.55146,339.14,0.34,0.56,2026-09-01,0818,N20,nominal,2.0NRT,308.4,4.51,D
9.208,78.37176,338.92,0.39,0.36,2026-09-01,0807,N20,nominal,2.0NRT,308.25,6.24,D
37.7435,60.72353,336.39,0.33,0.55,2026-09-01,0818,N20,nominal,2.0NRT,305.53,3.83,D
9.53295,80.38469,351.36,0.4,0.37,2026-09-01,0807,N20,nominal,2.0NRT,310.41,30.17,D
9.64446,80.31156,336.76,0.4,0.37,2026-09-01,0807,N20,nominal,2.0NRT,305.65,6.58,D
39.54598,66.76833,334.26,0.47,0.39,2026-09-01,0818,N20,low,2.0NRT,307.06,1.72,D
9.64103,80.21964,330.9,0.4,0.37,2026-09-01,0807,N20,low,2.0NRT,303.44,1.97,D
9.60998,79.98971,350.49,0.39,0.36,2026-09-01,0807,N20,nominal,2.0NRT,306.89,8.36,D
37.84322,59.02179,339.27,0.4,0.6,2026-09-01,0818,N20,nominal,2.0NRT,293.43,4.17,D
9.792,80.23696,345.76,0.4,0.37,2026-09-01,0807,N20,nominal,2.0NRT,305.76,5.6,D
9.73185,78.95364,339.67,0.38,0.36,2026-09-01,0807,N20,nominal,2.0NRT,309.4,7.88,D
10.16487,79.23363,332.5,0.39,0.36,2026-09-01,0809,N20,low,2.0NRT,303.93,4.19,D
10.04949,77.92572,342.23,0.39,0.36,2026-09-01,0809,N20,low,2.0NRT,310.22,24.12,D
10.53186,79.39458,336.41,0.39,0.36,2026-09-01,0809,N20,low,2.0NRT,308.6,4.3,D
10.67378,79.27847,337.66,0.39,0.36,2026-09-01,0809,N20,nominal,2.0NRT,307.5,3.46,D
10.85916,79.8132,333.86,0.4,0.37,2026-09-01,0809,N20,nominal,2.0NRT,303.25,1.98,D
10.89396,79.54767,331.55,0.39,0.36,2026-09-01,0809,N20,low,2.0NRT,304.62,2.42,D
10.86964,79.29421,338.56,0.39,0.36,2026-09-01,0809,N20,low,2.0NRT,309.91,3.41,D
10.88104,79.32494,339.46,0.39,0.36,2026-09-01,0809,N20,low,2.0NRT,310.8,2.56,D
10.96822,79.74831,330.42,0.39,0.37,2026-09-01,0809,N20,low,2.0NRT,302.13,3.13,D
10.94656,79.55784,330.16,0.39,0.36,2026-09-01,0809,N20,low,2.0NRT,302.62,3.76,D
11.01856,79.83994,338.87,0.4,0.37,2026-09-01,0809,N20,nominal,2.0NRT,305.96,3.22,D
11.00979,79.4135,341.18,0.39,0.36,2026-09-01,0809,N20,nominal,2.0NRT,308.25,3.37,D
11.06238,79.42599,342.69,0.39,0.36,2026-09-01,0809,N20,nominal,2.0NRT,308.14,3.87,D
11.19052,79.69118,331.18,0.39,0.37,2026-09-01,0809,N20,low,2.0NRT,301.92,2.07,D
11.14982,78.03407,340.69,0.39,0.36,2026-09-01,0809,N20,nominal,2.0NRT,308.1,6.75,D
11.33965,79.0102,340.85,0.39,0.36,2026-09-01,0809,N20,nominal,2.0NRT,309.77,8.93,D
11.47595,79.2412,333.51,0.39,0.36,2026-09-01,0809,N20,low,2.0NRT,304.48,3.37,D
11.69631,79.12608,349.14,0.39,0.36,2026-09-01,0809,N20,nominal,2.0NRT,310.78,13.01,D
11.84283,78.90457,340.49,0.39,0.36,2026-09-01,0809,N20,low,2.0NRT,311.25,8.25,D
11.99543,79.53955,338.87,0.4,0.37,2026-09-01,0809,N20,nominal,2.0NRT,307.58,9.74,D
12.05794,79.8463,335.54,0.4,0.37,2026-09-01,0809,N20,nominal,2.0NRT,302.75,2.41,D
12.06666,79.58771,338.45,0.4,0.37,2026-09-01,0809,N20,nominal,2.0NRT,305.63,2.7,D
12.09079,79.56552,341.42,0.4,0.37,2026-09-01,0809,N20,nominal,2.0NRT,308.34,10.37,D
12.32097,79.67798,336.31,0.4,0.37,2026-09-01,0809,N20,nominal,2.0NRT,304.35,4.51,D
12.32043,79.67432,334.36,0.4,0.37,2026-09-01,0809,N20,low,2.0NRT,304.79,3.47,D
11.83702,75.93494,331.71,0.43,0.38,2026-09-01,0809,N20,nominal,2.0NRT,292.59,2.87,D
12.33565,78.99867,348.36,0.39,0.36,2026-09-01,0809,N20,nominal,2.0NRT,312.93,22.47,D
12.41561,79.51421,334.56,0.4,0.37,2026-09-01,0809,N20,nominal,2.0NRT,304.89,1.9,D
12.33323,78.84695,345.02,0.39,0.36,2026-09-01,0809,N20,nominal,2.0NRT,310.36,6.94,D
12.55405,79.97852,336.83,0.41,0.37,2026-09-01,0809,N20,nominal,2.0NRT,306.29,6.11,D
12.13971,77.07882,345.6,0.4,0.37,2026-09-01,0809,N20,low,2.0NRT,298.79,12.97,D
12.63377,79.85988,341.37,0.41,0.37,2026-09-01,0809,N20,nominal,2.0NRT,307,4.43,D
12.65339,79.39956,341.11,0.4,0.37,2026-09-01,0809,N20,nominal,2.0NRT,308.72,4.69,D
12.15436,75.98641,282.59,0.42,0.38,2026-09-01,0809,N20,low,2.0NRT,294.41,179.92,D
12.15781,75.98586,351.45,0.42,0.38,2026-09-01,0809,N20,nominal,2.0NRT,287.19,179.92,D
12.82766,79.75002,338.87,0.4,0.37,2026-09-01,0809,N20,nominal,2.0NRT,304.9,4.74,D
12.61144,77.64263,330.97,0.39,0.36,2026-09-01,0809,N20,low,2.0NRT,301.86,2.62,D
12.9165,79.43965,338.17,0.4,0.37,2026-09-01,0809,N20,nominal,2.0NRT,304.79,6.57,D
12.54359,76.83745,331.47,0.4,0.37,2026-09-01,0809,N20,nominal,2.0NRT,296.4,3.7,D
12.39398,75.85985,335.37,0.43,0.38,2026-09-01,0809,N20,nominal,2.0NRT,290.63,11.18,D
12.98432,79.59767,333.27,0.4,0.37,2026-09-01,0809,N20,nominal,2.0NRT,302.23,4.21,D
13.0373,79.91235,332.05,0.41,0.37,2026-09-01,0809,N20,low,2.0NRT,303.39,2.44,D
13.05037,79.42616,339.02,0.4,0.37,2026-09-01,0809,N20,nominal,2.0NRT,304.46,6.5,D
13.15914,79.90918,337.13,0.41,0.37,2026-09-01,0809,N20,nominal,2.0NRT,297.14,4.29,D
13.16089,79.89739,338.36,0.41,0.37,2026-09-01,0809,N20,nominal,2.0NRT,300.66,6.29,D
13.2257,80.26954,335.92,0.42,0.38,2026-09-01,0809,N20,nominal,2.0NRT,300.66,3.64,D
12.78816,76.8565,337.86,0.4,0.37,2026-09-01,0809,N20,nominal,2.0NRT,296.43,9.55,D
13.15988,79.22352,338.59,0.39,0.37,2026-09-01,0809,N20,nominal,2.0NRT,304.49,4.52,D
12.69653,75.9088,340.08,0.42,0.38,2026-09-01,0809,N20,low,2.0NRT,292.13,7.3,D
13.61584,78.73156,340.21,0.39,0.36,2026-09-01,0809,N20,nominal,2.0NRT,303.16,5.53,D
13.77332,79.77724,332.02,0.41,0.37,2026-09-01,0809,N20,nominal,2.0NRT,299.05,1.38,D
13.85828,79.33337,344.08,0.4,0.37,2026-09-01,0809,N20,nominal,2.0NRT,300.18,5.53,D
14.07877,80.00418,333.7,0.42,0.38,2026-09-01,0809,N20,nominal,2.0NRT,299.9,2.4,D
14.06871,78.78734,334.46,0.39,0.36,2026-09-01,0809,N20,nominal,2.0NRT,298.21,2.33,D
14.19711,79.17576,336.17,0.4,0.37,2026-09-01,0809,N20,nominal,2.0NRT,299.77,1.97,D
14.26449,79.09801,335.36,0.4,0.37,2026-09-01,0809,N20,nominal,2.0NRT,298.67,1.7,D
14.26657,79.09671,336.51,0.4,0.37,2026-09-01,0809,N20,nominal,2.0NRT,300,8.39,D
14.53993,79.6837,343.87,0.41,0.37,2026-09-01,0809,N20,nominal,2.0NRT,301.86,5.01,D
14.71761,79.5095,339.25,0.41,0.37,2026-09-01,0809,N20,nominal,2.0NRT,300.74,3.16,D
14.81743,79.59486,337.92,0.41,0.37,2026-09-01,0809,N20,nominal,2.0NRT,302.29,3.1,D
14.77542,78.97616,337.08,0.4,0.37,2026-09-01,0809,N20,nominal,2.0NRT,299.76,3.41,D
15.16986,80.03432,340.61,0.43,0.38,2026-09-01,0809,N20,nominal,2.0NRT,302.93,7.16,D
15.17334,80.03379,344.88,0.43,0.38,2026-09-01,0809,N20,nominal,2.0NRT,300.34,4.72,D
15.17278,80.02982,350.37,0.43,0.38,2026-09-01,0809,N20,nominal,2.0NRT,304.02,4.72,D
15.17682,80.03327,334.42,0.43,0.38,2026-09-01,0809,N20,nominal,2.0NRT,299.6,4.72,D
15.17626,80.0293,339.89,0.43,0.38,2026-09-01,0809,N20,nominal,2.0NRT,302.75,4.72,D
15.30314,78.21335,332.79,0.39,0.36,2026-09-01,0809,N20,nominal,2.0NRT,300.01,2.01,D
15.17819,77.3232,334.22,0.38,0.36,2026-09-01,0809,N20,nominal,2.0NRT,299.81,2.35,D
15.17716,76.65712,340.96,0.39,0.36,2026-09-01,0809,N20,nominal,2.0NRT,297.93,4.07,D
15.36116,76.70337,331.68,0.39,0.36,2026-09-01,0809,N20,low,2.0NRT,298.57,5.18,D
15.88581,79.82314,340.5,0.43,0.38,2026-09-01,0809,N20,nominal,2.0NRT,303.44,5.52,D
15.88524,79.81916,337.62,0.43,0.38,2026-09-01,0809,N20,nominal,2.0NRT,302.11,5.52,D
15.88765,79.82237,342.72,0.43,0.38,2026-09-01,0809,N20,nominal,2.0NRT,304.43,10.4,D
15.64317,77.96676,333.94,0.39,0.36,2026-09-01,0809,N20,nominal,2.0NRT,295.75,4.13,D
15.91319,79.80233,347.16,0.43,0.38,2026-09-01,0809,N20,nominal,2.0NRT,304.48,8.73,D
15.90596,79.6264,337.02,0.42,0.38,2026-09-01,0809,N20,nominal,2.0NRT,302.4,16.99,D
15.90541,79.62249,342.05,0.42,0.38,2026-09-01,0809,N20,nominal,2.0NRT,305.56,16.99,D
16.23223,80.54265,330.61,0.46,0.39,2026-09-01,0809,N20,nominal,2.0NRT,294.34,2.07,D
16.19392,80.10727,338.44,0.44,0.38,2026-09-01,0809,N20,nominal,2.0NRT,297.1,3.72,D
16.17905,80.00101,336.14,0.44,0.38,2026-09-01,0809,N20,nominal,2.0NRT,298.23,4.45,D
16.33996,77.79362,330.08,0.39,0.36,2026-09-01,0809,N20,nominal,2.0NRT,292.57,1.63,D
16.79762,80.1647,336.05,0.45,0.39,2026-09-01,0809,N20,nominal,2.0NRT,295.72,3.51,D
17.64225,82.57277,341.11,0.41,0.45,2026-09-01,0809,N20,nominal,2.0NRT,296.41,3.78,D
17.95593,80.79787,331.58,0.49,0.41,2026-09-01,0809,N20,nominal,2.0NRT,293.05,5.56,D
17.99069,74.74986,333.18,0.42,0.38,2026-09-01,0811,N20,nominal,2.0NRT,299.54,2.95,D
22.87888,55.92921,353.36,0.4,0.44,2026-09-01,0954,N20,nominal,2.0NRT,324.76,1.76,D
22.87841,55.9253,367,0.4,0.44,2026-09-01,0954,N20,low,2.0NRT,325.66,1.76,D
22.88249,55.92475,367,0.4,0.44,2026-09-01,0954,N20,low,2.0NRT,325.46,0.5,D
22.78057,54.73123,349.12,0.52,0.41,2026-09-01,0954,N20,low,2.0NRT,323.54,6.48,D
24.98878,55.62764,351.17,0.41,0.45,2026-09-01,0954,N20,nominal,2.0NRT,322.98,3.52,D
25.56867,60.1088,333.88,0.4,0.6,2026-09-01,0954,N20,nominal,2.0NRT,301.39,1.27,D
27.15979,56.10173,348.05,0.47,0.47,2026-09-01,0956,N20,nominal,2.0NRT,310.51,16.38,D
27.16842,56.05778,349.31,0.46,0.47,2026-09-01,0956,N20,nominal,2.0NRT,311.86,18.01,D
27.16792,56.0531,346.62,0.46,0.47,2026-09-01,0956,N20,nominal,2.0NRT,312.68,17.33,D
29.99006,55.85388,351.07,0.49,0.48,2026-09-01,0956,N20,nominal,2.0NRT,318.49,8.84,D
37.03407,62.42295,335.51,0.68,0.74,2026-09-01,0958,N20,nominal,2.0NRT,302.78,5.07,D
37.11515,62.36751,337.14,0.67,0.74,2026-09-01,0958,N20,nominal,2.0NRT,305.74,7.34,D
37.11585,62.3663,335.71,0.67,0.74,2026-09-01,0958,N20,low,2.0NRT,306.01,5.33,D
37.54775,60.55005,343.79,0.54,0.68,2026-09-01,0958,N20,nominal,2.0NRT,304.36,6.9,D
37.37637,56.96417,338.15,0.34,0.56,2026-09-01,0958,N20,nominal,2.0NRT,303.09,3.61,D
37.83136,58.98278,333.83,0.44,0.63,2026-09-01,0958,N20,nominal,2.0NRT,297.09,2.38,D
37.83715,58.98243,332.2,0.44,0.63,2026-09-01,0958,N20,nominal,2.0NRT,297.57,2.38,D
39.27322,56.27824,367,0.32,0.55,2026-09-01,0958,N20,high,2.0NRT,303.07,3.52,D
39.27345,56.28205,330.75,0.32,0.55,2026-09-01,0958,N20,nominal,2.0NRT,300.35,3.52,D
39.27805,56.27398,341.94,0.32,0.55,2026-09-01,0958,N20,nominal,2.0NRT,302.53,2.69,D
39.28383,56.28486,338.57,0.32,0.55,2026-09-01,0958,N20,nominal,2.0NRT,301.06,2.76,D
19.26909,56.17625,344.3,0.56,0.43,2026-09-01,0952,N20,low,2.0NRT,316.58,1.65,D
20.3757,55.93656,349.38,0.56,0.43,2026-09-01,0954,N20,nominal,2.0NRT,317.18,2.87,D
21.30472,57.80035,343.79,0.5,0.49,2026-09-01,0954,N20,low,2.0NRT,316.31,1.97,D
21.31007,57.74699,346.63,0.5,0.49,2026-09-01,0954,N20,low,2.0NRT,317.18,3.5,D
21.30588,57.70884,341.57,0.49,0.49,2026-09-01,0954,N20,low,2.0NRT,314.62,0.78,D
21.3209,57.7214,341.59,0.5,0.49,2026-09-01,0954,N20,low,2.0NRT,315.81,1.48,D
21.29016,57.10024,346.93,0.45,0.47,2026-09-01,0954,N20,low,2.0NRT,318.18,1.41,D
21.33302,56.69932,351.74,0.43,0.46,2026-09-01,0954,N20,nominal,2.0NRT,323.04,13.34,D
21.65958,56.41468,348.87,0.42,0.45,2026-09-01,0954,N20,nominal,2.0NRT,318.84,1.75,D
21.79939,57.09252,345.82,0.46,0.47,2026-09-01,0954,N20,low,2.0NRT,319.66,1.91,D
21.83391,56.68274,346.73,0.43,0.46,2026-09-01,0954,N20,low,2.0NRT,319.62,2.69,D
21.93568,57.07637,346.26,0.46,0.47,2026-09-01,0954,N20,low,2.0NRT,318.02,3.2,D
22.32664,56.49232,347.81,0.43,0.46,2026-09-01,0954,N20,low,2.0NRT,322.34,2.58,D
22.33203,56.46629,348.93,0.43,0.46,2026-09-01,0954,N20,low,2.0NRT,322.17,2.25,D
22.32506,56.47163,346.59,0.43,0.46,2026-09-01,0954,N20,low,2.0NRT,321.41,1.6,D
22.33299,56.46652,350.53,0.43,0.46,2026-09-01,0954,N20,nominal,2.0NRT,322.57,1.97,D
22.40469,56.98928,346.91,0.46,0.47,2026-09-01,0954,N20,nominal,2.0NRT,318.16,1.72,D
22.44148,56.70039,349.85,0.44,0.46,2026-09-01,0954,N20,nominal,2.0NRT,321.35,18.76,D
21.57817,96.23173,304,0.55,0.43,2026-09-01,1900,N20,nominal,2.0NRT,287.65,1.17,N
14.73789,101.03709,301.94,0.4,0.37,2026-09-01,1902,N20,nominal,2.0NRT,284.85,0.63,N
14.64967,101.03812,309.9,0.4,0.37,2026-09-01,1902,N20,nominal,2.0NRT,286.46,1.02,N
14.64907,101.04182,308.87,0.4,0.37,2026-09-01,1902,N20,nominal,2.0NRT,287.11,1.02,N
14.63291,101.07693,321.3,0.4,0.37,2026-09-01,1902,N20,nominal,2.0NRT,288.01,2.12,N
14.62923,101.09929,308.17,0.4,0.37,2026-09-01,1902,N20,nominal,2.0NRT,289.32,0.93,N
14.67479,100.80016,297.72,0.4,0.37,2026-09-01,1902,N20,nominal,2.0NRT,278.29,0.8,N
14.6742,100.80379,307.73,0.4,0.37,2026-09-01,1902,N20,nominal,2.0NRT,279.47,0.8,N
13.31771,99.64008,305.56,0.39,0.36,2026-09-01,1902,N20,nominal,2.0NRT,279.72,1.3,N
12.92046,99.7625,304.93,0.39,0.36,2026-09-01,1902,N20,nominal,2.0NRT,286.77,0.75,N
7.91139,99.20631,307.83,0.4,0.37,2026-09-01,1904,N20,nominal,2.0NRT,282.64,0.65,N
39.86216,98.25274,310.09,0.47,0.48,2026-09-01,1853,N20,nominal,2.0NRT,292.65,1.59,N
39.84272,98.27219,299.14,0.47,0.48,2026-09-01,1853,N20,nominal,2.0NRT,288.07,0.47,N
39.82321,98.24184,302.91,0.47,0.48,2026-09-01,1853,N20,nominal,2.0NRT,291.1,0.91,N
39.81413,98.29558,304.35,0.47,0.47,2026-09-01,1853,N20,nominal,2.0NRT,294.19,1.98,N
39.80929,98.30034,313.42,0.47,0.47,2026-09-01,1853,N20,nominal,2.0NRT,292.17,1.46,N
38.84459,100.17059,299.27,0.55,0.43,2026-09-01,1856,N20,nominal,2.0NRT,289.04,0.88,N
36.89174,101.74916,298.71,0.45,0.39,2026-09-01,1856,N20,nominal,2.0NRT,285.27,1.11,N
36.65717,101.6366,302.4,0.45,0.39,2026-09-01,1856,N20,nominal,2.0NRT,281.37,0.39,N
36.5896,101.48816,301.14,0.46,0.39,2026-09-01,1856,N20,nominal,2.0NRT,283.38,1.04,N
36.56664,101.52566,296.19,0.46,0.39,2026-09-01,1856,N20,nominal,2.0NRT,279.89,0.94,N
36.26934,100.57683,296.88,0.49,0.41,2026-09-01,1856,N20,nominal,2.0NRT,283.32,0.98,N
36.38394,94.95297,367,0.33,0.55,2026-09-01,1856,N20,high,2.0NRT,289.71,4.45,N
36.38369,94.95661,309.96,0.33,0.55,2026-09-01,1856,N20,nominal,2.0NRT,286.76,4.45,N
36.37888,94.95243,309.84,0.33,0.55,2026-09-01,1856,N20,nominal,2.0NRT,284.58,4.45,N
36.37862,94.95608,295.91,0.33,0.55,2026-09-01,1856,N20,nominal,2.0NRT,282.94,4.45,N
29.79168,91.60483,296.02,0.44,0.63,2026-09-01,1858,N20,nominal,2.0NRT,280.78,0.96,N
29.66238,90.90275,296.8,0.49,0.65,2026-09-01,1858,N20,nominal,2.0NRT,281.33,1.44,N
29.26718,91.92398,299.36,0.42,0.61,2026-09-01,1858,N20,nominal,2.0NRT,283.22,1.66,N
29.26387,91.92117,298.23,0.42,0.61,2026-09-01,1858,N20,nominal,2.0NRT,281.38,1.34,N
29.26356,91.92513,301.34,0.42,0.61,2026-09-01,1858,N20,nominal,2.0NRT,283.08,1.34,N
39.86279,98.25013,297.6,0.67,0.74,2026-09-01,2034,N20,nominal,2.0NRT,282.48,0.9,N
39.84381,98.27293,300.15,0.67,0.74,2026-09-01,2034,N20,nominal,2.0NRT,284.44,0.74,N
39.81314,98.29919,302.14,0.68,0.74,2026-09-01,2034,N20,nominal,2.0NRT,290.58,2.82,N
36.38007,94.95184,339.51,0.58,0.7,2026-09-01,2036,N20,nominal,2.0NRT,283.48,12.69,N
36.37826,94.95792,343.83,0.58,0.7,2026-09-01,2036,N20,nominal,2.0NRT,281.84,12.19,N
39.85461,66.19709,298.52,0.53,0.67,2026-09-01,2036,N20,nominal,2.0NRT,287.06,0.56,N
38.77832,65.62963,315.41,0.56,0.69,2026-09-01,2036,N20,nominal,2.0NRT,285.14,1.39,N
38.77654,65.63196,313.92,0.56,0.69,2026-09-01,2036,N20,nominal,2.0NRT,285.06,1.46,N
38.5618,65.94623,297.48,0.54,0.68,2026-09-01,2036,N20,nominal,2.0NRT,287.39,0.87,N
38.55201,65.94456,301.78,0.54,0.68,2026-09-01,2036,N20,nominal,2.0NRT,287.05,0.94,N
38.39777,69.11098,301.68,0.36,0.57,2026-09-01,2036,N20,nominal,2.0NRT,290.58,0.66,N
38.45911,65.79835,297.36,0.55,0.68,2026-09-01,2036,N20,nominal,2.0NRT,286.48,1.12,N
38.05233,67.26239,367,0.45,0.63,2026-09-01,2036,N20,high,2.0NRT,293.13,12.73,N
38.05256,67.25735,306.1,0.45,0.63,2026-09-01,2036,N20,nominal,2.0NRT,289.24,7.57,N
38.05716,64.88225,296.56,0.61,0.71,2026-09-01,2038,N20,nominal,2.0NRT,286.32,0.74,N
33.68767,72.71169,304.8,0.41,0.45,2026-09-01,2038,N20,nominal,2.0NRT,291.2,2.31,N
33.29781,71.1855,306.06,0.49,0.48,2026-09-01,2038,N20,nominal,2.0NRT,291.19,0.72,N
29.26415,91.92255,297.76,0.61,0.71,2026-09-01,2038,N20,nominal,2.0NRT,281.82,1.93,N
32.10409,74.17372,316.46,0.49,0.41,2026-09-01,2038,N20,nominal,2.0NRT,293.24,1.86,N
32.10223,74.17729,318.25,0.49,0.41,2026-09-01,2038,N20,nominal,2.0NRT,293.85,1.77,N
29.12574,75.77645,309.75,0.41,0.37,2026-09-01,2040,N20,nominal,2.0NRT,295.3,0.88,N
28.66423,77.57953,309.48,0.38,0.36,2026-09-01,2040,N20,nominal,2.0NRT,286.91,1.35,N
27.79342,75.33019,305.85,0.41,0.37,2026-09-01,2040,N20,nominal,2.0NRT,293.56,0.88,N
28.42459,69.69779,311.51,0.52,0.5,2026-09-01,2040,N20,nominal,2.0NRT,295.89,1.12,N
28.42467,69.70132,307.12,0.52,0.5,2026-09-01,2040,N20,nominal,2.0NRT,295.58,1.7,N
26.87395,73.51712,307.3,0.47,0.39,2026-09-01,2040,N20,nominal,2.0NRT,292.74,2.78,N
26.60596,73.68502,304.46,0.46,0.39,2026-09-01,2040,N20,nominal,2.0NRT,291.98,1.07,N
24.9335,74.63455,306.77,0.41,0.37,2026-09-01,2040,N20,nominal,2.0NRT,288.92,0.59,N
24.76563,74.60811,313.59,0.41,0.37,2026-09-01,2040,N20,nominal,2.0NRT,289.3,1.49,N
25.38734,68.57868,307.45,0.56,0.52,2026-09-01,2040,N20,nominal,2.0NRT,290.55,1.19,N
23.51416,72.41415,324.85,0.48,0.4,2026-09-01,2040,N20,nominal,2.0NRT,289.19,2.19,N
23.43207,68.71054,305.54,0.52,0.5,2026-09-01,2040,N20,nominal,2.0NRT,291.03,1.08,N
23.25649,70.26151,301.47,0.42,0.45,2026-09-01,2040,N20,nominal,2.0NRT,280.96,0.55,N
23.12223,70.08524,315.36,0.43,0.46,2026-09-01,2040,N20,nominal,2.0NRT,285.85,1.37,N
21.10774,72.64625,339.47,0.45,0.39,2026-09-01,2042,N20,nominal,2.0NRT,293.54,5.93,N
21.10893,72.63769,312.71,0.45,0.39,2026-09-01,2042,N20,nominal,2.0NRT,292.29,2.98,N
21.10419,72.64568,323.91,0.45,0.39,2026-09-01,2042,N20,nominal,2.0NRT,291.88,4.03,N
21.10184,72.63655,324.85,0.45,0.39,2026-09-01,2042,N20,nominal,2.0NRT,291.8,3.51,N
20.90987,71.45919,310.64,0.5,0.41,2026-09-01,2042,N20,nominal,2.0NRT,287.94,1.46,N
20.9094,71.45667,304.49,0.5,0.41,2026-09-01,2042,N20,nominal,2.0NRT,287.34,0.79,N
19.93619,73.71277,304.74,0.4,0.37,2026-09-01,2042,N20,nominal,2.0NRT,279.38,1,N
18.73721,74.40431,305.19,0.39,0.36,2026-09-01,2042,N20,nominal,2.0NRT,288.23,0.68,N
18.69181,73.0416,313.51,0.41,0.37,2026-09-01,2042,N20,nominal,2.0NRT,290.51,2.54,N
18.6867,73.02881,317.53,0.41,0.37,2026-09-01,2042,N20,nominal,2.0NRT,290.4,1.16,N
18.68613,73.0327,304.88,0.41,0.37,2026-09-01,2042,N20,nominal,2.0NRT,290.31,1.16,N
18.50696,74.2235,303.35,0.39,0.36,2026-09-01,2042,N20,nominal,2.0NRT,288.01,0.68,N
18.68271,73.03214,308.23,0.41,0.37,2026-09-01,2042,N20,nominal,2.0NRT,290.21,1.16,N
18.68214,73.03605,306.31,0.41,0.37,2026-09-01,2042,N20,nominal,2.0NRT,290.95,1.55,N
18.68157,73.03994,307.51,0.41,0.37,2026-09-01,2042,N20,nominal,2.0NRT,290.16,1.55,N
15.33847,76.27747,312.43,0.41,0.37,2026-09-01,2044,N20,nominal,2.0NRT,289.17,1.74,N
15.33782,76.2813,313.9,0.42,0.37,2026-09-01,2044,N20,nominal,2.0NRT,288.64,1.2,N
15.33378,76.28451,308.62,0.42,0.37,2026-09-01,2044,N20,nominal,2.0NRT,287.94,1.2,N
15.30256,76.21996,302.03,0.41,0.37,2026-09-01,2044,N20,nominal,2.0NRT,287.24,0.59,N
15.30218,76.2206,304.1,0.41,0.37,2026-09-01,2044,N20,nominal,2.0NRT,287.53,0.62,N
15.65856,73.98801,311.54,0.38,0.36,2026-09-01,2044,N20,nominal,2.0NRT,278.13,1.34,N
15.18178,76.66653,330.83,0.43,0.38,2026-09-01,2044,N20,nominal,2.0NRT,286.3,5.15,N
15.18044,76.67444,312.89,0.43,0.38,2026-09-01,2044,N20,nominal,2.0NRT,287.2,2.96,N
15.18232,76.6422,329.29,0.43,0.38,2026-09-01,2044,N20,nominal,2.0NRT,287.46,3.16,N
15.18032,76.65404,306.82,0.43,0.38,2026-09-01,2044,N20,nominal,2.0NRT,286.7,1.81,N
15.17631,76.67775,304.74,0.43,0.38,2026-09-01,2044,N20,nominal,2.0NRT,286.6,1.08,N
15.17364,76.69354,314.15,0.43,0.38,2026-09-01,2044,N20,nominal,2.0NRT,286.11,0.98,N
15.17686,76.65341,320.45,0.43,0.38,2026-09-01,2044,N20,nominal,2.0NRT,286.85,1.81,N
15.1762,76.65736,323.45,0.43,0.38,2026-09-01,2044,N20,nominal,2.0NRT,287.88,1.81,N
15.17021,76.37886,307.57,0.42,0.38,2026-09-01,2044,N20,nominal,2.0NRT,288.04,1.79,N
15.16355,76.37809,303.43,0.42,0.38,2026-09-01,2044,N20,nominal,2.0NRT,287.16,0.81,N
15.52438,73.99835,300.48,0.38,0.36,2026-09-01,2044,N20,nominal,2.0NRT,279.78,0.58,N
13.13984,80.18926,313.12,0.48,0.48,2026-09-01,2044,N20,nominal,2.0NRT,285.09,5.12,N
12.55545,76.66816,301.12,0.46,0.39,2026-09-01,2044,N20,nominal,2.0NRT,289.18,0.48,N
12.03402,79.0584,312.73,0.42,0.45,2026-09-01,2044,N20,nominal,2.0NRT,289.62,2.18,N
11.97294,78.38143,304.35,0.38,0.43,2026-09-01,2044,N20,nominal,2.0NRT,285.39,1.53,N
11.81575,77.91618,308.23,0.54,0.42,2026-09-01,2044,N20,nominal,2.0NRT,290.91,1.73,N
11.26949,80.00465,313.54,0.5,0.49,2026-09-01,2044,N20,nominal,2.0NRT,290.41,1.05,N
11.59199,77.27399,317.63,0.5,0.41,2026-09-01,2044,N20,nominal,2.0NRT,288.37,2.61,N
11.58907,77.26868,310.31,0.5,0.41,2026-09-01,2044,N20,nominal,2.0NRT,287.92,1.16,N
11.43284,77.16509,304.91,0.5,0.41,2026-09-01,2044,N20,nominal,2.0NRT,292.31,1.98,N
11.43157,77.16232,305.54,0.5,0.41,2026-09-01,2044,N20,nominal,2.0NRT,291.95,1.47,N
10.92422,78.5191,317.32,0.4,0.45,2026-09-01,2044,N20,nominal,2.0NRT,291.99,2.65,N
10.4508,77.30746,311.85,0.52,0.42,2026-09-01,2044,N20,nominal,2.0NRT,291.67,1.69,N
9.56806,77.53657,310.02,0.56,0.43,2026-09-01,2044,N20,nominal,2.0NRT,261.72,0.97,N
8.66958,77.99236,302.64,0.41,0.45,2026-09-01,2044,N20,nominal,2.0NRT,285.61,0.66,N
7.88926,81.19068,305.5,0.34,0.56,2026-09-01,2044,N20,nominal,2.0NRT,292.9,1.3,N
7.37896,81.18066,320.58,0.35,0.57,2026-09-01,2044,N20,nominal,2.0NRT,293.32,1.43,N
7.24263,80.88314,308.87,0.34,0.56,2026-09-01,2044,N20,nominal,2.0NRT,292.14,0.34,N
6.97439,81.59026,321.02,0.38,0.59,2026-09-01,2044,N20,nominal,2.0NRT,291.96,1.35,N
6.97377,81.59367,308.84,0.38,0.59,2026-09-01,2044,N20,nominal,2.0NRT,291.77,1.35,N
6.97675,81.59061,307.69,0.38,0.59,2026-09-01,2044,N20,nominal,2.0NRT,291.51,0.96,N
6.97616,81.59402,308.71,0.38,0.59,2026-09-01,2044,N20,nominal,2.0NRT,292,0.96,N
6.97141,81.58964,309.54,0.38,0.59,2026-09-01,2044,N20,nominal,2.0NRT,291.77,0.96,N
7.07938,80.81964,298.62,0.33,0.56,2026-09-01,2044,N20,nominal,2.0NRT,288.3,0.63,N
6.85618,81.53663,307.62,0.38,0.59,2026-09-01,2044,N20,nominal,2.0NRT,292.54,0.93,N
6.9596,79.95436,304.8,0.58,0.52,2026-09-01,2044,N20,nominal,2.0NRT,291.83,2.12,N
6.77275,81.0032,299.91,0.35,0.57,2026-09-01,2044,N20,nominal,2.0NRT,288.23,0.62,N
6.36566,80.74343,303.89,0.34,0.56,2026-09-01,2046,N20,nominal,2.0NRT,292.18,0.43,N
37.59465,61.53115,300.37,0.41,0.45,2026-09-01,2218,N20,nominal,2.0NRT,287.38,0.84,N
37.58794,61.56247,300.42,0.41,0.45,2026-09-01,2218,N20,nominal,2.0NRT,288.52,0.89,N
37.42459,62.3117,315.81,0.45,0.47,2026-09-01,2218,N20,nominal,2.0NRT,286.39,1.63,N
37.59163,61.52531,298.13,0.41,0.45,2026-09-01,2218,N20,nominal,2.0NRT,285.79,0.84,N
37.57996,61.55972,297.77,0.41,0.45,2026-09-01,2218,N20,nominal,2.0NRT,287.14,0.6,N
37.51377,61.78569,310.21,0.42,0.45,2026-09-01,2218,N20,nominal,2.0NRT,285.49,1.32,N
37.50067,61.84568,304.25,0.42,0.45,2026-09-01,2218,N20,nominal,2.0NRT,288.92,1.27,N
37.49662,61.84428,307.52,0.42,0.45,2026-09-01,2218,N20,nominal,2.0NRT,288.95,1.27,N
37.49561,61.84892,313.66,0.42,0.45,2026-09-01,2218,N20,nominal,2.0NRT,289.8,1.27,N
37.51007,61.01525,302.44,0.38,0.44,2026-09-01,2218,N20,nominal,2.0NRT,288.68,0.68,N
37.50346,61.02664,302.22,0.39,0.44,2026-09-01,2218,N20,nominal,2.0NRT,288.88,0.71,N
37.63624,60.34179,302.47,0.53,0.42,2026-09-01,2218,N20,nominal,2.0NRT,286.93,1.36,N
37.40495,61.34184,299.48,0.4,0.44,2026-09-01,2218,N20,nominal,2.0NRT,288.04,0.79,N
37.94687,58.58922,302.25,0.45,0.39,2026-09-01,2218,N20,nominal,2.0NRT,288.88,0.49,N
37.94114,58.56103,305.27,0.45,0.39,2026-09-01,2218,N20,nominal,2.0NRT,289.15,0.68,N
37.34886,61.36528,307.78,0.4,0.44,2026-09-01,2218,N20,nominal,2.0NRT,288.76,1.29,N
37.11866,62.36391,325.81,0.46,0.47,2026-09-01,2218,N20,nominal,2.0NRT,289.02,3.64,N
37.11447,62.36243,305.99,0.46,0.47,2026-09-01,2218,N20,nominal,2.0NRT,288.58,3.64,N
37.48904,60.45702,304.45,0.54,0.42,2026-09-01,2218,N20,nominal,2.0NRT,285,1.1,N
37.32904,61.09908,296.56,0.39,0.44,2026-09-01,2218,N20,nominal,2.0NRT,286.43,1.09,N
37.03595,62.41911,302.34,0.46,0.47,2026-09-01,2218,N20,nominal,2.0NRT,289.48,2,N
37.03173,62.41762,335.53,0.46,0.47,2026-09-01,2218,N20,nominal,2.0NRT,290.76,6.23,N
37.82814,58.38211,305.01,0.44,0.39,2026-09-01,2218,N20,nominal,2.0NRT,288.86,0.67,N
37.18047,60.86415,298.56,0.38,0.43,2026-09-01,2218,N20,nominal,2.0NRT,286.52,0.54,N
37.18148,60.86735,297.82,0.38,0.43,2026-09-01,2218,N20,nominal,2.0NRT,287.7,0.35,N
37.45364,57.68927,303.45,0.43,0.38,2026-09-01,2218,N20,nominal,2.0NRT,291.09,0.37,N
37.34017,58.04876,301.91,0.44,0.38,2026-09-01,2218,N20,nominal,2.0NRT,288.99,0.97,N
36.47654,61.62186,298.85,0.43,0.46,2026-09-01,2218,N20,nominal,2.0NRT,287.57,1.79,N
36.43731,61.21906,308.86,0.41,0.45,2026-09-01,2218,N20,nominal,2.0NRT,289.98,1.3,N
36.43897,61.2172,308.78,0.41,0.45,2026-09-01,2218,N20,nominal,2.0NRT,289.36,1.2,N
36.99039,56.23225,303.44,0.4,0.37,2026-09-01,2218,N20,nominal,2.0NRT,290.11,0.57,N
36.23738,59.73209,300.63,0.53,0.42,2026-09-01,2218,N20,nominal,2.0NRT,287.98,1,N
36.1766,57.70078,303.23,0.44,0.38,2026-09-01,2218,N20,nominal,2.0NRT,291.86,0.7,N
36.48074,54.90347,302.23,0.38,0.36,2026-09-01,2218,N20,nominal,2.0NRT,291.5,0.45,N
36.32521,54.61773,304.5,0.38,0.36,2026-09-01,2218,N20,nominal,2.0NRT,291.42,0.27,N
36.2981,54.78682,310.18,0.38,0.36,2026-09-01,2218,N20,nominal,2.0NRT,291.81,0.99,N
36.32184,54.18728,304.85,0.38,0.36,2026-09-01,2218,N20,nominal,2.0NRT,286.93,0.7,N
35.14698,59.77867,304.42,0.56,0.43,2026-09-01,2218,N20,nominal,2.0NRT,287.37,1.26,N
33.75567,59.14687,299.57,0.55,0.43,2026-09-01,2220,N20,nominal,2.0NRT,286.52,1.11,N
33.75185,59.14574,301.09,0.55,0.43,2026-09-01,2220,N20,nominal,2.0NRT,284.95,1.11,N
32.63719,59.75819,295.68,0.41,0.45,2026-09-01,2220,N20,nominal,2.0NRT,284.93,0.8,N
33.04136,56.85051,309.55,0.45,0.39,2026-09-01,2220,N20,nominal,2.0NRT,297.91,2.78,N
32.33359,54.08731,306.6,0.39,0.36,2026-09-01,2220,N20,nominal,2.0NRT,293.27,1.15,N
31.70518,55.44735,311.15,0.42,0.37,2026-09-01,2220,N20,nominal,2.0NRT,299.36,2.07,N
31.94127,54.04505,306.82,0.39,0.36,2026-09-01,2220,N20,nominal,2.0NRT,296.71,1.1,N
31.86792,54.44361,308.44,0.39,0.36,2026-09-01,2220,N20,nominal,2.0NRT,295.78,1.27,N
31.62221,54.74527,305.31,0.4,0.37,2026-09-01,2220,N20,nominal,2.0NRT,294.73,1.49,N
31.62242,54.72373,313.37,0.4,0.37,2026-09-01,2220,N20,nominal,2.0NRT,295.22,1.74,N
30.75652,56.65487,304.3,0.47,0.4,2026-09-01,2220,N20,nominal,2.0NRT,294.12,1.55,N
30.75561,56.65967,306.58,0.47,0.4,2026-09-01,2220,N20,nominal,2.0NRT,292.92,1.84,N
30.66479,56.61949,306.31,0.47,0.4,2026-09-01,2220,N20,nominal,2.0NRT,289.24,1.48,N
30.73399,55.38694,305.11,0.42,0.38,2026-09-01,2220,N20,nominal,2.0NRT,292.82,0.83,N
29.47612,60.80499,302.13,0.55,0.51,2026-09-01,2220,N20,nominal,2.0NRT,291.25,1.05,N
30.23494,56.90927,319.71,0.49,0.4,2026-09-01,2220,N20,nominal,2.0NRT,294.3,3.62,N
30.37007,56.12708,317.16,0.45,0.39,2026-09-01,2220,N20,nominal,2.0NRT,292.31,1.53,N
30.39102,55.77468,303.24,0.44,0.38,2026-09-01,2220,N20,nominal,2.0NRT,292.29,0.74,N
30.32516,55.97348,302.85,0.45,0.39,2026-09-01,2220,N20,nominal,2.0NRT,291.78,0.67,N
30.32166,55.9726,301.96,0.45,0.39,2026-09-01,2220,N20,nominal,2.0NRT,291.19,0.55,N
29.92743,56.73385,313.57,0.49,0.4,2026-09-01,2220,N20,nominal,2.0NRT,293.43,2.39,N
30.08238,55.39691,302.83,0.43,0.38,2026-09-01,2220,N20,nominal,2.0NRT,291.99,2.02,N
30.08159,55.4013,302.21,0.43,0.38,2026-09-01,2220,N20,nominal,2.0NRT,291.2,1.33,N
29.99291,55.85264,340.18,0.45,0.39,2026-09-01,2220,N20,nominal,2.0NRT,293.31,8.31,N
30.00111,55.19764,306,0.42,0.38,2026-09-01,2220,N20,nominal,2.0NRT,291.85,1.04,N
29.99428,55.19603,305.49,0.42,0.38,2026-09-01,2220,N20,nominal,2.0NRT,291.41,0.62,N
29.5135,55.79667,305.7,0.45,0.39,2026-09-01,2220,N20,nominal,2.0NRT,294.01,0.53,N
29.15364,55.36846,310.31,0.44,0.38,2026-09-01,2220,N20,nominal,2.0NRT,294.5,1.44,N
29.2023,54.48195,306.91,0.41,0.37,2026-09-01,2220,N20,nominal,2.0NRT,290.49,1.05,N
29.17181,54.61553,306.28,0.42,0.37,2026-09-01,2220,N20,nominal,2.0NRT,294.16,1.47,N
27.30318,56.30125,319.19,0.51,0.41,2026-09-01,2220,N20,nominal,2.0NRT,299.18,4.24,N
27.30193,56.3043,317.2,0.51,0.41,2026-09-01,2220,N20,nominal,2.0NRT,298.82,3.84,N
27.1691,56.09859,326.1,0.5,0.41,2026-09-01,2220,N20,nominal,2.0NRT,300.71,5.92,N
27.1702,56.05226,337.63,0.5,0.41,2026-09-01,2220,N20,nominal,2.0NRT,300.08,4.76,N
27.16926,56.05722,333.8,0.5,0.41,2026-09-01,2220,N20,nominal,2.0NRT,299.99,8.15,N
27.16077,56.10183,340.15,0.5,0.41,2026-09-01,2220,N20,nominal,2.0NRT,300.42,10.34,N
27.16651,56.05141,320.52,0.5,0.41,2026-09-01,2220,N20,nominal,2.0NRT,298.91,4.76,N
27.1618,56.07619,311.36,0.5,0.41,2026-09-01,2220,N20,nominal,2.0NRT,299.24,4.28,N
25.97285,56.06899,317.51,0.52,0.41,2026-09-01,2222,N20,nominal,2.0NRT,302.78,2.51,N
25.96534,56.06726,315.06,0.52,0.41,2026-09-01,2222,N20,nominal,2.0NRT,301.95,1.29,N
25.55813,55.98616,314.71,0.52,0.42,2026-09-01,2222,N20,nominal,2.0NRT,301.95,1.79,N
24.99191,55.62815,322.67,0.51,0.41,2026-09-01,2222,N20,nominal,2.0NRT,300.66,1.92,N
25.06306,55.12103,315.28,0.48,0.4,2026-09-01,2222,N20,nominal,2.0NRT,302.83,0.83,N
24.50812,56.60629,312.95,0.39,0.44,2026-09-01,2222,N20,nominal,2.0NRT,299.13,2.02,N
24.50415,56.60537,338.28,0.39,0.44,2026-09-01,2222,N20,nominal,2.0NRT,299.73,2.02,N
24.5061,56.60698,341.74,0.39,0.44,2026-09-01,2222,N20,nominal,2.0NRT,300.73,4.67,N
24.45478,56.55121,315.17,0.39,0.44,2026-09-01,2222,N20,nominal,2.0NRT,299.03,1.35,N
24.32903,54.46893,314.31,0.46,0.39,2026-09-01,2222,N20,nominal,2.0NRT,303.06,1.39,N
24.31995,54.45769,314.24,0.46,0.39,2026-09-01,2222,N20,nominal,2.0NRT,303.73,1.38,N
23.0402,57.32232,312.72,0.46,0.47,2026-09-01,2222,N20,nominal,2.0NRT,299.19,1.64,N
23.19362,55.45722,318.18,0.53,0.42,2026-09-01,2222,N20,nominal,2.0NRT,300.23,1.48,N
23.19264,55.46233,310.39,0.53,0.42,2026-09-01,2222,N20,nominal,2.0NRT,300.06,1.48,N
23.18982,55.45638,321.15,0.53,0.42,2026-09-01,2222,N20,nominal,2.0NRT,300.6,3.34,N
23.19063,55.45954,327.48,0.53,0.42,2026-09-01,2222,N20,nominal,2.0NRT,301.94,3.48,N
23.31358,54.1796,320.86,0.46,0.39,2026-09-01,2222,N20,nominal,2.0NRT,300.25,1.42,N
23.31001,54.17885,314.26,0.46,0.39,2026-09-01,2222,N20,nominal,2.0NRT,300.15,1.42,N
22.88001,55.92471,313.93,0.57,0.43,2026-09-01,2222,N20,nominal,2.0NRT,300.23,1.22,N
22.87894,55.93019,310.32,0.57,0.43,2026-09-01,2222,N20,nominal,2.0NRT,300.13,1.22,N
22.40505,56.98965,332.97,0.45,0.47,2026-09-01,2222,N20,nominal,2.0NRT,297.9,2.28,N
22.32778,56.48793,326.23,0.42,0.45,2026-09-01,2222,N20,nominal,2.0NRT,297.9,2.24,N
22.32701,56.49191,323.82,0.42,0.45,2026-09-01,2222,N20,nominal,2.0NRT,298.62,2.38,N
22.3268,56.47083,313.64,0.42,0.45,2026-09-01,2222,N20,nominal,2.0NRT,298.78,0.8,N
22.29055,56.52533,308.27,0.42,0.45,2026-09-01,2222,N20,nominal,2.0NRT,297.78,0.72,N
22.61284,54.05835,311.5,0.46,0.39,2026-09-01,2222,N20,nominal,2.0NRT,300.86,1.82,N
22.52335,54.0507,316.36,0.46,0.39,2026-09-01,2222,N20,nominal,2.0NRT,300.05,1.5,N
21.93755,57.07107,326.47,0.46,0.47,2026-09-01,2222,N20,nominal,2.0NRT,293.91,2.47,N
21.93666,57.07546,306.94,0.46,0.47,2026-09-01,2222,N20,nominal,2.0NRT,293.68,2.47,N
22.01123,56.42841,316.41,0.42,0.45,2026-09-01,2222,N20,nominal,2.0NRT,296.18,1.05,N
21.89083,56.84544,320.91,0.45,0.47,2026-09-01,2222,N20,nominal,2.0NRT,294.5,3.76,N
21.83568,56.68008,315.5,0.44,0.46,2026-09-01,2222,N20,nominal,2.0NRT,290.29,1.97,N
21.33322,56.69634,338.87,0.45,0.47,2026-09-01,2222,N20,nominal,2.0NRT,298.58,6.88,N
20.98961,56.77316,309.36,0.46,0.47,2026-09-01,2222,N20,nominal,2.0NRT,295.43,0.79,N
20.37635,55.93305,338.98,0.42,0.45,2026-09-01,2222,N20,nominal,2.0NRT,298.34,3.35,N
20.38727,55.66121,330.96,0.4,0.45,2026-09-01,2222,N20,nominal,2.0NRT,297.29,2.85,N
20.38612,55.64516,313.72,0.4,0.45,2026-09-01,2222,N20,nominal,2.0NRT,297.22,1.43,N
20.38539,55.64896,309.48,0.4,0.45,2026-09-01,2222,N20,nominal,2.0NRT,297.61,1.46,N
20.21308,55.71309,316.43,0.41,0.45,2026-09-01,2222,N20,nominal,2.0NRT,296.44,1.92,N
18.69069,55.5045,335.76,0.42,0.45,2026-09-01,2225,N20,nominal,2.0NRT,295.24,2.91,N
18.68583,55.50758,308.12,0.42,0.45,2026-09-01,2225,N20,nominal,2.0NRT,293.9,1.04,N
18.32001,55.10512,327.33,0.41,0.45,2026-09-01,2225,N20,nominal,2.0NRT,298.31,2.11,N
18.32071,55.10133,316.32,0.41,0.45,2026-09-01,2225,N20,nominal,2.0NRT,297.18,2.11,N
18.01309,54.57146,335.93,0.57,0.43,2026-09-01,2225,N20,nominal,2.0NRT,302.42,15.09,N
39.85347,66.1975,296.76,0.62,0.54,2026-09-01,2216,N20,nominal,2.0NRT,286.51,0.88,N
38.32528,68.98576,300.31,0.47,0.64,2026-09-01,2216,N20,nominal,2.0NRT,289.84,0.65,N
39.1824,65.31268,304.44,0.58,0.52,2026-09-01,2218,N20,nominal,2.0NRT,287.39,1.28,N
39.97801,61.68406,295.58,0.56,0.43,2026-09-01,2218,N20,nominal,2.0NRT,285.41,0.4,N
38.70295,66.01577,297.56,0.32,0.55,2026-09-01,2218,N20,nominal,2.0NRT,284.45,0.33,N
38.77468,65.63283,315.02,0.62,0.54,2026-09-01,2218,N20,nominal,2.0NRT,285.88,2.92,N
38.68688,65.95399,296,0.32,0.55,2026-09-01,2218,N20,nominal,2.0NRT,285.78,0.78,N
38.68115,65.95551,306.18,0.32,0.55,2026-09-01,2218,N20,nominal,2.0NRT,286.89,0.78,N
38.54964,65.94742,304.37,0.32,0.55,2026-09-01,2218,N20,nominal,2.0NRT,286.39,0.83,N
38.54961,65.9468,300.93,0.33,0.55,2026-09-01,2218,N20,nominal,2.0NRT,286.23,0.47,N
39.17001,63.27419,304.75,0.46,0.47,2026-09-01,2218,N20,nominal,2.0NRT,286.63,1.23,N
39.17749,63.22163,302.58,0.45,0.47,2026-09-01,2218,N20,nominal,2.0NRT,286.48,0.77,N
39.16934,63.25727,300.01,0.46,0.47,2026-09-01,2218,N20,nominal,2.0NRT,284.76,1.16,N
39.12592,63.30764,296.9,0.46,0.47,2026-09-01,2218,N20,nominal,2.0NRT,283.92,0.49,N
39.11457,63.33694,304.63,0.46,0.47,2026-09-01,2218,N20,nominal,2.0NRT,287.79,1.11,N
38.05367,67.26295,298.61,0.39,0.6,2026-09-01,2218,N20,nominal,2.0NRT,288.46,1.07,N
38.05247,67.26741,304.08,0.39,0.6,2026-09-01,2218,N20,nominal,2.0NRT,289.32,1.42,N
38.6523,63.97902,296.26,0.51,0.49,2026-09-01,2218,N20,nominal,2.0NRT,285.6,0.34,N
38.43107,64.19263,296.4,0.53,0.5,2026-09-01,2218,N20,nominal,2.0NRT,285.62,0.55,N
37.9662,65.00291,298.88,0.6,0.53,2026-09-01,2218,N20,nominal,2.0NRT,287.17,0.77,N
37.51654,66.41129,301.02,0.37,0.58,2026-09-01,2218,N20,nominal,2.0NRT,290.59,0.77,N
39.5112,54.32952,308.41,0.39,0.36,2026-09-01,2218,N20,nominal,2.0NRT,291.63,0.82,N
37.79814,62.54916,315.64,0.45,0.47,2026-09-01,2218,N20,nominal,2.0NRT,287.34,2.07,N
37.78788,62.53473,295.94,0.45,0.47,2026-09-01,2218,N20,nominal,2.0NRT,285.86,0.83,N
37.78677,62.5397,302.69,0.45,0.47,2026-09-01,2218,N20,nominal,2.0NRT,286.63,0.83,N
37.78484,62.52826,296.61,0.45,0.47,2026-09-01,2218,N20,nominal,2.0NRT,285.5,0.48,N
37.88894,62.02083,303.13,0.42,0.45,2026-09-01,2218,N20,nominal,2.0NRT,286.1,1.19,N
37.77614,62.02917,298.73,0.43,0.46,2026-09-01,2218,N20,nominal,2.0NRT,285.5,0.73,N
37.74503,62.12997,296.47,0.43,0.46,2026-09-01,2218,N20,nominal,2.0NRT,285.91,0.57,N
37.72687,62.09295,308.29,0.43,0.46,2026-09-01,2218,N20,nominal,2.0NRT,286.73,0.86,N
37.67213,62.23815,306.9,0.44,0.46,2026-09-01,2218,N20,nominal,2.0NRT,285.99,1.22,N
37.74941,61.85495,301.79,0.42,0.45,2026-09-01,2218,N20,nominal,2.0NRT,285.82,0.44,N
37.66282,62.24005,299.97,0.44,0.46,2026-09-01,2218,N20,nominal,2.0NRT,285.82,0.66,N
37.65761,62.2434,295.59,0.44,0.46,2026-09-01,2218,N20,nominal,2.0NRT,284.9,0.59,N
37.66202,62.24215,299.65,0.44,0.46,2026-09-01,2218,N20,nominal,2.0NRT,286.16,1.07,N
37.79446,61.4946,304.66,0.4,0.44,2026-09-01,2218,N20,nominal,2.0NRT,286.12,0.94,N
37.63964,62.20307,299.81,0.44,0.46,2026-09-01,2218,N20,nominal,2.0NRT,285.29,1.03,N
37.62822,62.21454,305.21,0.44,0.46,2026-09-01,2218,N20,nominal,2.0NRT,287.99,1.39,N
37.62552,62.167,303.04,0.44,0.46,2026-09-01,2218,N20,nominal,2.0NRT,287.83,1.23,N
37.68394,61.88363,295.83,0.42,0.45,2026-09-01,2218,N20,nominal,2.0NRT,285.16,0.35,N
37.62583,62.12598,298.95,0.43,0.46,2026-09-01,2218,N20,nominal,2.0NRT,285.99,0.84,N
37.62264,62.14025,298.57,0.43,0.46,2026-09-01,2218,N20,nominal,2.0NRT,287.46,1.06,N
37.61855,62.13881,308.22,0.43,0.46,2026-09-01,2218,N20,nominal,2.0NRT,288.26,1.06,N
37.65656,61.90896,299.2,0.42,0.45,2026-09-01,2218,N20,nominal,2.0NRT,287.17,1.56,N
37.62962,61.72428,298.69,0.41,0.45,2026-09-01,2218,N20,nominal,2.0NRT,286.24,0.48,N
37.55784,61.93242,300.01,0.43,0.46,2026-09-01,2218,N20,nominal,2.0NRT,287.09,0.72,N
37.61231,61.60648,312.53,0.41,0.45,2026-09-01,2218,N20,nominal,2.0NRT,288.76,1.59,N
37.61519,61.57376,303.97,0.41,0.45,2026-09-01,2218,N20,nominal,2.0NRT,286.7,0.86,N
37.60831,61.6051,311.01,0.41,0.45,2026-09-01,2218,N20,nominal,2.0NRT,289.18,1.59,N
38.25631,58.39067,309.3,0.44,0.38,2026-09-01,2218,N20,nominal,2.0NRT,292.49,2.05,N
37.60722,61.57102,296.06,0.41,0.45,2026-09-01,2218,N20,nominal,2.0NRT,285.53,0.3,N
37.60317,61.55043,301.97,0.41,0.45,2026-09-01,2218,N20,nominal,2.0NRT,286.39,0.59,N
37.59723,61.55799,308.49,0.41,0.45,2026-09-01,2218,N20,nominal,2.0NRT,287.57,0.99,N
37.50149,61.98845,298.76,0.43,0.46,2026-09-01,2218,N20,nominal,2.0NRT,286.64,0.61,N
37.42477,62.30794,300.08,0.45,0.47,2026-09-01,2218,N20,nominal,2.0NRT,283.78,0.99,N
37.42365,62.31283,303.92,0.45,0.47,2026-09-01,2218,N20,nominal,2.0NRT,286.49,0.99,N
37.59515,61.52851,302.99,0.41,0.45,2026-09-01,2218,N20,nominal,2.0NRT,287.69,0.76,N
37.58826,61.55972,299.69,0.41,0.45,2026-09-01,2218,N20,nominal,2.0NRT,287.17,1.09,N
37.59118,61.52715,297.88,0.41,0.45,2026-09-01,2218,N20,nominal,2.0NRT,286.11,0.76,N
21.00022,101.40742,326.31,0.55,0.43,2026-09-02,0612,N20,low,2.0NRT,300.53,5.24,D
22.82859,101.90321,327.06,0.49,0.4,2026-09-02,0612,N20,nominal,2.0NRT,295.85,5.37,D
26.56236,101.67859,335.7,0.45,0.39,2026-09-02,0614,N20,low,2.0NRT,309.63,9.58,D
26.56508,101.67333,337.36,0.45,0.39,2026-09-02,0614,N20,low,2.0NRT,308.6,6.61,D
26.57485,101.66664,335.45,0.45,0.39,2026-09-02,0614,N20,low,2.0NRT,308.24,7.02,D
26.62107,101.59684,335.04,0.45,0.39,2026-09-02,0614,N20,nominal,2.0NRT,305.53,11.11,D
34.59154,101.85775,328.71,0.39,0.36,2026-09-02,0616,N20,nominal,2.0NRT,301.87,1.71,D
35.85719,101.58044,342.24,0.39,0.36,2026-09-02,0616,N20,nominal,2.0NRT,306.43,3.71,D
35.96913,100.34906,338.06,0.4,0.37,2026-09-02,0616,N20,low,2.0NRT,308.19,2.96,D
36.04648,100.43828,339.31,0.4,0.37,2026-09-02,0616,N20,low,2.0NRT,309.57,3.53,D
36.41733,101.82302,331.38,0.38,0.36,2026-09-02,0616,N20,low,2.0NRT,303.3,2.16,D
36.5758,101.39962,333.24,0.39,0.36,2026-09-02,0616,N20,nominal,2.0NRT,298.99,3.28,D
36.70502,101.87874,335.95,0.38,0.36,2026-09-02,0616,N20,nominal,2.0NRT,309.49,3.09,D
36.78218,101.89204,332.63,0.38,0.36,2026-09-02,0616,N20,nominal,2.0NRT,300.6,1.19,D
36.84482,101.99155,335.74,0.38,0.36,2026-09-02,0616,N20,nominal,2.0NRT,304.07,3.12,D
36.79564,101.65115,331.63,0.38,0.36,2026-09-02,0616,N20,nominal,2.0NRT,300.24,2.64,D
36.82158,101.74747,332.16,0.38,0.36,2026-09-02,0616,N20,low,2.0NRT,304,2.4,D
36.88103,101.75966,333.05,0.38,0.36,2026-09-02,0616,N20,low,2.0NRT,303.92,1.67,D
37.26862,101.35995,333.77,0.39,0.36,2026-09-02,0616,N20,nominal,2.0NRT,296.61,3.19,D
37.30854,100.21436,337.73,0.4,0.37,2026-09-02,0616,N20,nominal,2.0NRT,302.83,3.11,D
38.21865,101.95377,338.99,0.38,0.36,2026-09-02,0616,N20,nominal,2.0NRT,308.61,4.18,D
38.22192,101.95298,337,0.38,0.36,2026-09-02,0616,N20,low,2.0NRT,311.12,4.18,D
39.58822,99.74783,345.61,0.39,0.36,2026-09-02,0616,N20,low,2.0NRT,319.22,9.2,D
39.53551,98.53236,348.32,0.41,0.37,2026-09-02,0616,N20,nominal,2.0NRT,313.64,2.42,D
39.53469,98.52766,346.74,0.41,0.37,2026-09-02,0616,N20,nominal,2.0NRT,313.5,2.42,D
39.53887,98.53135,338.8,0.41,0.37,2026-09-02,0616,N20,low,2.0NRT,312.16,2.42,D
39.53804,98.52666,349.83,0.41,0.37,2026-09-02,0616,N20,nominal,2.0NRT,311.95,2.42,D
39.53722,98.52197,351.16,0.41,0.37,2026-09-02,0616,N20,nominal,2.0NRT,312.42,5.57,D
39.54223,98.53036,346.22,0.41,0.37,2026-09-02,0616,N20,nominal,2.0NRT,311.6,6.32,D
18.88174,101.78564,328.76,0.57,0.43,2026-09-02,0612,N20,nominal,2.0NRT,294.19,3.41,D
20.44092,99.88406,328.6,0.47,0.47,2026-09-02,0612,N20,nominal,2.0NRT,296.18,3.04,D
6.28931,80.85971,335.28,0.48,0.4,2026-09-02,0750,N20,low,2.0NRT,301.8,25.64,D
6.44533,81.13709,334.92,0.47,0.39,2026-09-02,0750,N20,low,2.0NRT,303.97,6.83,D
6.44963,81.09364,330.6,0.47,0.4,2026-09-02,0750,N20,low,2.0NRT,304.91,3.72,D
6.47147,81.10743,336.48,0.47,0.4,2026-09-02,0750,N20,nominal,2.0NRT,304.86,3.74,D
6.55078,80.97083,336.36,0.47,0.4,2026-09-02,0750,N20,low,2.0NRT,304.48,39.92,D
6.59258,80.92933,331.29,0.48,0.4,2026-09-02,0750,N20,low,2.0NRT,303.08,9.57,D
6.67177,81.24264,367,0.46,0.39,2026-09-02,0750,N20,high,2.0NRT,335.64,235.55,D
6.73093,81.59668,344.88,0.44,0.38,2026-09-02,0750,N20,nominal,2.0NRT,308.53,12.4,D
6.71509,81.40263,339.97,0.45,0.39,2026-09-02,0750,N20,low,2.0NRT,308.57,9.05,D
6.75518,81.5201,340.11,0.44,0.39,2026-09-02,0750,N20,low,2.0NRT,309.52,11.43,D
6.69492,81.00688,331.33,0.47,0.4,2026-09-02,0750,N20,nominal,2.0NRT,300.63,2.97,D
6.85859,81.46371,335.43,0.45,0.39,2026-09-02,0750,N20,low,2.0NRT,308,4.51,D
6.97171,81.60432,340.17,0.44,0.38,2026-09-02,0750,N20,low,2.0NRT,306.96,10.87,D
6.97522,81.60376,345.28,0.44,0.38,2026-09-02,0750,N20,low,2.0NRT,305.89,17.16,D
7.01214,81.60999,331.21,0.44,0.38,2026-09-02,0750,N20,low,2.0NRT,305.88,7.18,D
6.99511,81.43445,332.88,0.45,0.39,2026-09-02,0750,N20,nominal,2.0NRT,302.31,4.55,D
7.03934,81.50867,343.23,0.44,0.39,2026-09-02,0750,N20,nominal,2.0NRT,303.15,6.89,D
7.06687,81.49669,335.47,0.44,0.39,2026-09-02,0750,N20,nominal,2.0NRT,301.21,3.58,D
7.06373,81.34168,334.45,0.45,0.39,2026-09-02,0750,N20,nominal,2.0NRT,300.7,5.83,D
7.27136,81.78403,334.39,0.43,0.38,2026-09-02,0750,N20,low,2.0NRT,305.28,1.87,D
7.26735,81.71343,330.8,0.43,0.38,2026-09-02,0750,N20,low,2.0NRT,304.54,3.08,D
7.27857,81.7394,338.01,0.43,0.38,2026-09-02,0750,N20,nominal,2.0NRT,305,2.68,D
7.19846,81.01058,332.64,0.46,0.39,2026-09-02,0750,N20,low,2.0NRT,305.68,7.01,D
7.35732,81.84159,347.27,0.43,0.38,2026-09-02,0750,N20,nominal,2.0NRT,304.63,7.21,D
7.34471,81.71753,336.4,0.43,0.38,2026-09-02,0750,N20,low,2.0NRT,304.88,2.45,D
7.36965,81.71751,343.15,0.43,0.38,2026-09-02,0750,N20,nominal,2.0NRT,305.99,4.07,D
7.39067,81.73791,337.33,0.43,0.38,2026-09-02,0750,N20,low,2.0NRT,304.55,4.04,D
7.39,81.64273,330.9,0.43,0.38,2026-09-02,0750,N20,low,2.0NRT,303.65,3.3,D
7.32026,81.10555,342.36,0.46,0.39,2026-09-02,0750,N20,low,2.0NRT,311.24,6.66,D
7.38808,81.55547,334.26,0.44,0.38,2026-09-02,0750,N20,low,2.0NRT,303.57,7.02,D
7.32855,81.14262,337.72,0.46,0.39,2026-09-02,0750,N20,low,2.0NRT,309.94,10.57,D
7.35702,81.29594,339.35,0.45,0.39,2026-09-02,0750,N20,low,2.0NRT,309.75,14.8,D
7.34071,81.19511,343.32,0.45,0.39,2026-09-02,0750,N20,low,2.0NRT,312.67,11.81,D
7.34688,81.21069,343.41,0.45,0.39,2026-09-02,0750,N20,low,2.0NRT,309.24,5.97,D
7.4366,81.74654,338.66,0.43,0.38,2026-09-02,0750,N20,low,2.0NRT,307.53,4.99,D
7.37502,81.22704,336.8,0.45,0.39,2026-09-02,0750,N20,nominal,2.0NRT,307.51,3.74,D
7.33251,80.93956,339,0.47,0.39,2026-09-02,0750,N20,nominal,2.0NRT,305.66,8.59,D
7.39341,81.1824,341.46,0.45,0.39,2026-09-02,0750,N20,low,2.0NRT,312.62,9.08,D
7.37671,81.00835,342.73,0.46,0.39,2026-09-02,0750,N20,nominal,2.0NRT,308.25,5.52,D
7.40896,81.14233,340.44,0.46,0.39,2026-09-02,0750,N20,low,2.0NRT,312.57,8.42,D
7.48413,81.20615,367,0.45,0.39,2026-09-02,0750,N20,high,2.0NRT,311.02,40.62,D
7.47624,80.90385,346.83,0.47,0.39,2026-09-02,0750,N20,nominal,2.0NRT,306.98,7.72,D
7.62752,80.83766,337.9,0.47,0.4,2026-09-02,0750,N20,low,2.0NRT,307.68,8.77,D
7.78327,81.56092,333.39,0.43,0.38,2026-09-02,0750,N20,low,2.0NRT,306.1,4.63,D
7.74461,81.15666,350.8,0.45,0.39,2026-09-02,0750,N20,low,2.0NRT,310.15,10.47,D
7.68484,79.81175,330.04,0.53,0.42,2026-09-02,0750,N20,nominal,2.0NRT,298.95,2.92,D
7.94013,81.31534,336.94,0.44,0.38,2026-09-02,0750,N20,low,2.0NRT,308.5,28.57,D
7.94302,81.31081,345.85,0.44,0.38,2026-09-02,0750,N20,low,2.0NRT,312.95,38.88,D
7.94048,81.29494,342.25,0.44,0.39,2026-09-02,0750,N20,low,2.0NRT,311.33,6.37,D
7.93985,81.29096,340.28,0.44,0.39,2026-09-02,0750,N20,low,2.0NRT,310.99,6.37,D
7.944,81.29437,336.53,0.44,0.39,2026-09-02,0750,N20,low,2.0NRT,308.5,6.37,D
7.78796,80.06335,332.88,0.51,0.41,2026-09-02,0750,N20,low,2.0NRT,299.06,4.47,D
7.80048,80.11751,336.6,0.51,0.41,2026-09-02,0750,N20,nominal,2.0NRT,298.84,4.65,D
7.8957,80.64471,336.19,0.47,0.4,2026-09-02,0750,N20,nominal,2.0NRT,300.74,4.73,D
7.92456,80.65868,340.81,0.47,0.4,2026-09-02,0750,N20,nominal,2.0NRT,304.44,28.55,D
8.07892,80.59462,347.99,0.48,0.4,2026-09-02,0750,N20,low,2.0NRT,307.15,24.02,D
8.13972,80.86044,338.08,0.46,0.39,2026-09-02,0750,N20,nominal,2.0NRT,302.92,3.69,D
8.3426,81.02217,338.58,0.45,0.39,2026-09-02,0750,N20,low,2.0NRT,306.57,11.41,D
8.35098,81.02911,334.87,0.45,0.39,2026-09-02,0750,N20,low,2.0NRT,305.66,7.53,D
8.36901,81.05103,338.3,0.45,0.39,2026-09-02,0750,N20,nominal,2.0NRT,303.39,3.91,D
8.34095,80.68102,330.67,0.47,0.39,2026-09-02,0750,N20,low,2.0NRT,302.17,6.55,D
8.34524,80.68464,334.46,0.47,0.39,2026-09-02,0750,N20,low,2.0NRT,301.62,10.59,D
8.4097,80.83187,333.58,0.46,0.39,2026-09-02,0750,N20,low,2.0NRT,301.54,7.57,D
8.41087,80.79353,338.9,0.46,0.39,2026-09-02,0750,N20,nominal,2.0NRT,304.71,8.38,D
8.43632,80.81481,340.78,0.46,0.39,2026-09-02,0750,N20,low,2.0NRT,301.51,2.72,D
8.44888,80.7319,331.31,0.46,0.39,2026-09-02,0750,N20,low,2.0NRT,303.17,10.96,D
8.47726,80.82609,344.56,0.46,0.39,2026-09-02,0750,N20,low,2.0NRT,300.99,6.34,D
8.47857,80.76656,336.93,0.46,0.39,2026-09-02,0750,N20,low,2.0NRT,302.03,10.9,D
8.52054,80.84437,346.57,0.46,0.39,2026-09-02,0750,N20,nominal,2.0NRT,303.32,11.02,D
8.53829,80.79509,336.74,0.46,0.39,2026-09-02,0750,N20,low,2.0NRT,303.15,38.29,D
8.52261,80.67409,331.82,0.47,0.39,2026-09-02,0750,N20,low,2.0NRT,302.03,3.25,D
8.54006,80.71404,331.64,0.46,0.39,2026-09-02,0750,N20,low,2.0NRT,303.7,3.7,D
8.56824,80.84503,335.83,0.46,0.39,2026-09-02,0750,N20,nominal,2.0NRT,301.85,3.16,D
8.55528,80.63876,354.07,0.47,0.39,2026-09-02,0750,N20,nominal,2.0NRT,305.71,24.27,D
8.50252,80.31813,333.29,0.48,0.4,2026-09-02,0750,N20,low,2.0NRT,300.05,3.83,D
8.59139,80.76956,342.62,0.46,0.39,2026-09-02,0750,N20,nominal,2.0NRT,301.46,9.46,D
8.57827,80.64365,340.22,0.47,0.39,2026-09-02,0750,N20,low,2.0NRT,304.82,11.49,D
8.62666,80.80608,339.17,0.46,0.39,2026-09-02,0750,N20,low,2.0NRT,304.72,9.67,D
8.57435,80.41315,342.31,0.48,0.4,2026-09-02,0750,N20,nominal,2.0NRT,301.23,7.7,D
8.62844,80.65692,331.77,0.46,0.39,2026-09-02,0750,N20,low,2.0NRT,299.69,3.3,D
8.60975,80.51718,332.8,0.47,0.4,2026-09-02,0750,N20,low,2.0NRT,302.76,5.95,D
8.63537,80.49111,331.27,0.47,0.4,2026-09-02,0750,N20,low,2.0NRT,299.58,4.17,D
8.73495,80.96078,331.78,0.45,0.39,2026-09-02,0750,N20,low,2.0NRT,297.84,2.58,D
8.7351,80.78097,342.49,0.46,0.39,2026-09-02,0750,N20,low,2.0NRT,303.88,10.38,D
8.76801,80.8721,337.16,0.45,0.39,2026-09-02,0750,N20,nominal,2.0NRT,301.93,6.34,D
9.04794,80.18987,334.01,0.48,0.4,2026-09-02,0750,N20,nominal,2.0NRT,300.86,4.76,D
8.68932,78.05498,340.2,0.44,0.46,2026-09-02,0750,N20,nominal,2.0NRT,301.18,2.1,D
9.18971,80.67551,346.35,0.46,0.39,2026-09-02,0750,N20,nominal,2.0NRT,299.08,10.53,D
8.89923,78.11224,348.39,0.43,0.46,2026-09-02,0750,N20,nominal,2.0NRT,303.39,5.21,D
8.83889,77.73864,333.26,0.46,0.47,2026-09-02,0750,N20,nominal,2.0NRT,303.09,3.42,D
9.41712,80.38377,351.2,0.47,0.4,2026-09-02,0750,N20,nominal,2.0NRT,302.83,10.24,D
9.43381,80.37231,333.83,0.47,0.4,2026-09-02,0750,N20,low,2.0NRT,302.92,5.75,D
9.12443,78.19585,342.43,0.42,0.45,2026-09-02,0750,N20,nominal,2.0NRT,303.93,4.68,D
9.12683,78.19602,344.99,0.42,0.45,2026-09-02,0750,N20,nominal,2.0NRT,304.8,7.28,D
9.06449,76.54559,331.58,0.54,0.51,2026-09-02,0750,N20,nominal,2.0NRT,294.83,3.75,D
9.06309,76.54379,331.72,0.54,0.51,2026-09-02,0750,N20,nominal,2.0NRT,295.09,3.23,D
9.28854,77.59671,346.91,0.46,0.47,2026-09-02,0750,N20,nominal,2.0NRT,305.91,12.3,D
9.44911,77.67039,342.56,0.45,0.47,2026-09-02,0750,N20,nominal,2.0NRT,306.29,19.35,D
9.56955,77.54256,333.91,0.46,0.47,2026-09-02,0750,N20,nominal,2.0NRT,296.6,4.47,D
9.81357,78.67178,332.31,0.38,0.44,2026-09-02,0750,N20,nominal,2.0NRT,301.02,4.68,D
9.83309,78.53201,334.38,0.39,0.44,2026-09-02,0750,N20,nominal,2.0NRT,303.16,3.08,D
9.81627,78.26504,335.11,0.41,0.45,2026-09-02,0750,N20,nominal,2.0NRT,298.32,2.01,D
9.99262,79.18792,333.35,0.53,0.42,2026-09-02,0750,N20,nominal,2.0NRT,297.52,1.47,D
9.78422,77.80275,338.92,0.44,0.46,2026-09-02,0750,N20,nominal,2.0NRT,302.83,5.37,D
9.98763,77.44791,351.24,0.46,0.47,2026-09-02,0750,N20,nominal,2.0NRT,304.93,13.21,D
10.51527,78.92046,332.79,0.54,0.42,2026-09-02,0750,N20,nominal,2.0NRT,297,2.76,D
10.42062,77.4873,343.63,0.45,0.47,2026-09-02,0750,N20,nominal,2.0NRT,302.08,6.15,D
10.86362,77.56113,342.21,0.43,0.46,2026-09-02,0750,N20,nominal,2.0NRT,304.49,9.3,D
10.86017,77.56201,341.44,0.43,0.46,2026-09-02,0750,N20,nominal,2.0NRT,304.23,9.43,D
10.85615,77.46578,335.41,0.44,0.46,2026-09-02,0750,N20,nominal,2.0NRT,300.19,2.42,D
11.14817,78.0351,356.46,0.4,0.44,2026-09-02,0750,N20,nominal,2.0NRT,299.53,12.06,D
11.11218,77.13387,334.45,0.46,0.47,2026-09-02,0750,N20,nominal,2.0NRT,298.44,3.76,D
11.12016,76.91273,342.38,0.47,0.48,2026-09-02,0750,N20,nominal,2.0NRT,297.55,12.59,D
12.17468,79.01917,336.76,0.51,0.41,2026-09-02,0750,N20,low,2.0NRT,300.42,4.05,D
12.19443,78.03655,335.76,0.39,0.44,2026-09-02,0750,N20,nominal,2.0NRT,297.46,2.58,D
12.00362,76.78979,335.07,0.47,0.48,2026-09-02,0750,N20,nominal,2.0NRT,298.64,5.23,D
12.09333,76.95873,331.52,0.45,0.47,2026-09-02,0750,N20,nominal,2.0NRT,293.45,2.39,D
12.42062,78.77126,334.62,0.52,0.42,2026-09-02,0750,N20,nominal,2.0NRT,298.09,9.7,D
14.29297,77.98297,330.87,0.54,0.42,2026-09-02,0752,N20,nominal,2.0NRT,295.71,4.37,D
14.80575,77.70475,336.23,0.55,0.43,2026-09-02,0752,N20,nominal,2.0NRT,298.83,5.17,D
14.8058,77.7021,334.23,0.55,0.43,2026-09-02,0752,N20,nominal,2.0NRT,298.04,2,D
15.17519,76.65701,334.72,0.42,0.45,2026-09-02,0752,N20,nominal,2.0NRT,296.11,4.69,D
15.18141,76.66771,337.29,0.42,0.45,2026-09-02,0752,N20,nominal,2.0NRT,296.2,5.19,D
15.9894,78.40038,333.48,0.49,0.4,2026-09-02,0752,N20,nominal,2.0NRT,286.97,4.33,D
16.01283,78.38216,338.02,0.49,0.4,2026-09-02,0752,N20,nominal,2.0NRT,288.89,8.35,D
16.01212,78.38377,333.84,0.49,0.4,2026-09-02,0752,N20,low,2.0NRT,288.69,6.07,D
17.47544,76.39265,330.49,0.4,0.44,2026-09-02,0752,N20,nominal,2.0NRT,293.24,2.59,D
17.67695,75.30758,341.2,0.46,0.47,2026-09-02,0752,N20,nominal,2.0NRT,295.72,7.62,D
26.25158,73.33974,334.79,0.43,0.46,2026-09-02,0756,N20,nominal,2.0NRT,301.21,5.6,D
25.84687,68.94135,335.19,0.4,0.6,2026-09-02,0756,N20,nominal,2.0NRT,296.47,5.2,D
27.4374,70.85754,333.41,0.57,0.52,2026-09-02,0756,N20,low,2.0NRT,303.63,2.38,D
27.45672,70.78687,352.55,0.57,0.52,2026-09-02,0756,N20,nominal,2.0NRT,304.5,9.37,D
27.4573,70.78467,345.02,0.57,0.52,2026-09-02,0756,N20,nominal,2.0NRT,304.69,9.55,D
27.49222,68.25951,346.92,0.41,0.6,2026-09-02,0756,N20,nominal,2.0NRT,297.55,8.69,D
27.49127,68.25554,332.55,0.41,0.6,2026-09-02,0756,N20,nominal,2.0NRT,296.98,7.78,D
28.2292,67.89808,330.95,0.41,0.61,2026-09-02,0756,N20,nominal,2.0NRT,299.28,1.91,D
30.20646,72.49904,340.94,0.4,0.44,2026-09-02,0756,N20,nominal,2.0NRT,297.37,4.9,D
31.37824,72.49757,337.71,0.38,0.43,2026-09-02,0756,N20,nominal,2.0NRT,298.35,3.39,D
31.44563,72.22283,330.44,0.39,0.44,2026-09-02,0756,N20,nominal,2.0NRT,298.15,3.06,D
31.74076,72.19408,341.47,0.39,0.44,2026-09-02,0756,N20,nominal,2.0NRT,299.89,6.45,D
38.05065,67.2653,354.44,0.52,0.5,2026-09-02,0758,N20,nominal,2.0NRT,313.08,17.89,D
38.05121,67.26409,348.21,0.52,0.5,2026-09-02,0758,N20,nominal,2.0NRT,313.54,20.67,D
37.0295,62.41781,339.04,0.5,0.66,2026-09-02,0758,N20,nominal,2.0NRT,306.9,4.7,D
37.92453,65.62953,336.12,0.32,0.55,2026-09-02,0758,N20,nominal,2.0NRT,304.69,2.41,D
37.11989,62.36308,335.75,0.5,0.66,2026-09-02,0758,N20,low,2.0NRT,306.36,3.38,D
37.14716,61.36975,345.19,0.56,0.69,2026-09-02,0758,N20,nominal,2.0NRT,298.78,8.08,D
39.87988,67.48934,343.79,0.46,0.47,2026-09-02,0758,N20,nominal,2.0NRT,301.23,4.29,D
25.97353,56.06952,340.71,0.4,0.37,2026-09-02,0934,N20,low,2.0NRT,313.59,10.92,D
27.16775,56.05676,344.17,0.41,0.37,2026-09-02,0934,N20,nominal,2.0NRT,310.32,8.5,D
27.16717,56.05263,349.33,0.41,0.37,2026-09-02,0934,N20,nominal,2.0NRT,310.56,8.5,D
28.20458,57.50461,341.36,0.47,0.4,2026-09-02,0934,N20,low,2.0NRT,316.14,1.32,D
37.0335,62.42006,345.79,0.37,0.58,2026-09-02,0937,N20,nominal,2.0NRT,307.72,4.73,D
37.11636,62.36713,352.59,0.37,0.58,2026-09-02,0937,N20,nominal,2.0NRT,309.04,6.38,D
37.11959,62.36695,342.75,0.37,0.58,2026-09-02,0937,N20,nominal,2.0NRT,308.6,4.84,D
37.1498,61.36499,332.38,0.32,0.55,2026-09-02,0937,N20,low,2.0NRT,305.67,2.38,D
37.21941,60.3581,345.8,0.57,0.52,2026-09-02,0937,N20,nominal,2.0NRT,307.83,7.11,D
37.49481,61.8497,332.48,0.35,0.56,2026-09-02,0937,N20,low,2.0NRT,305.12,2.07,D
37.61888,62.14187,330.4,0.36,0.57,2026-09-02,0939,N20,low,2.0NRT,304.81,1.62,D
37.55349,60.74785,343.42,0.6,0.53,2026-09-02,0939,N20,nominal,2.0NRT,307.1,18.14,D
37.60736,61.60861,332.26,0.34,0.56,2026-09-02,0939,N20,low,2.0NRT,305.82,1.74,D
37.55044,60.74083,341.13,0.6,0.53,2026-09-02,0939,N20,nominal,2.0NRT,309.85,7.07,D
37.55582,60.74718,343.28,0.6,0.53,2026-09-02,0939,N20,nominal,2.0NRT,308.43,43.01,D
37.80832,60.17415,334.79,0.56,0.52,2026-09-02,0939,N20,low,2.0NRT,306.19,2.48,D
37.80866,60.17243,332.12,0.56,0.52,2026-09-02,0939,N20,low,2.0NRT,306.69,3.37,D
38.65465,64.38041,367,0.49,0.65,2026-09-02,0939,N20,high,2.0NRT,299.62,7.53,D
38.68894,61.88012,353.12,0.36,0.57,2026-09-02,0939,N20,nominal,2.0NRT,308.95,4.21,D
38.71125,62.08875,333.66,0.37,0.58,2026-09-02,0939,N20,low,2.0NRT,306.73,1.37,D
39.46644,62.98837,356.47,0.41,0.61,2026-09-02,0939,N20,nominal,2.0NRT,295.9,7.94,D
39.46384,62.99001,346.76,0.42,0.61,2026-09-02,0939,N20,nominal,2.0NRT,294.37,8.67,D
21.31058,57.74517,341.78,0.42,0.38,2026-09-02,0934,N20,nominal,2.0NRT,310.14,14.45,D
21.93678,57.07576,342.65,0.41,0.37,2026-09-02,0934,N20,low,2.0NRT,316.46,4.54,D
22.32804,56.49127,348.15,0.39,0.37,2026-09-02,0934,N20,low,2.0NRT,318.99,2.69,D
22.32527,56.47219,347.28,0.39,0.37,2026-09-02,0934,N20,low,2.0NRT,317.98,1.74,D
22.88008,55.92876,350.72,0.39,0.36,2026-09-02,0934,N20,low,2.0NRT,324.64,2.29,D
24.50376,56.60748,348.14,0.41,0.37,2026-09-02,0937,N20,nominal,2.0NRT,310.41,16.51,D
8.27093,100.20796,306.75,0.43,0.38,2026-09-02,1843,N20,nominal,2.0NRT,286.32,0.47,N
7.8123,99.84207,326.82,0.45,0.39,2026-09-02,1843,N20,nominal,2.0NRT,286.72,2.03,N
7.8129,99.83813,309.26,0.45,0.39,2026-09-02,1843,N20,nominal,2.0NRT,284.84,2.03,N
36.59143,101.487,301.32,0.52,0.5,2026-09-02,1836,N20,nominal,2.0NRT,284.56,2.03,N
36.57409,101.52673,296.74,0.52,0.5,2026-09-02,1836,N20,nominal,2.0NRT,283.82,1.16,N
36.56951,101.52612,298.1,0.52,0.5,2026-09-02,1836,N20,nominal,2.0NRT,283.94,1.61,N
15.33635,76.27782,307.79,0.44,0.38,2026-09-02,2023,N20,nominal,2.0NRT,274.67,1.05,N
15.17427,76.7852,308.11,0.42,0.38,2026-09-02,2023,N20,nominal,2.0NRT,288.96,1.08,N
15.18766,76.67159,311.27,0.42,0.38,2026-09-02,2023,N20,nominal,2.0NRT,288.07,1.29,N
15.18708,76.67549,304.11,0.42,0.38,2026-09-02,2023,N20,nominal,2.0NRT,287.53,1,N
15.18421,76.67104,307.15,0.42,0.38,2026-09-02,2023,N20,nominal,2.0NRT,287.73,1.93,N
15.18363,76.67496,304.17,0.42,0.38,2026-09-02,2023,N20,nominal,2.0NRT,288.26,1.49,N
35.71066,73.64983,314.17,0.35,0.57,2026-09-02,2017,N20,nominal,2.0NRT,278.12,2.51,N
15.18134,76.6666,323.6,0.42,0.38,2026-09-02,2023,N20,nominal,2.0NRT,287.62,1.93,N
15.18017,76.67442,312.62,0.42,0.38,2026-09-02,2023,N20,nominal,2.0NRT,286.62,1.49,N
35.7101,73.65376,304.81,0.35,0.57,2026-09-02,2017,N20,nominal,2.0NRT,277.26,2.41,N
33.68822,72.71001,303.25,0.38,0.59,2026-09-02,2019,N20,nominal,2.0NRT,289.76,1.55,N
15.17381,76.69349,309.9,0.42,0.38,2026-09-02,2023,N20,nominal,2.0NRT,287.59,1.19,N
32.89154,71.61494,307.66,0.43,0.62,2026-09-02,2019,N20,nominal,2.0NRT,293.12,2.71,N
15.17616,76.65379,312.81,0.42,0.38,2026-09-02,2023,N20,nominal,2.0NRT,288.41,2.39,N
32.89006,71.61448,308.04,0.43,0.62,2026-09-02,2019,N20,nominal,2.0NRT,293.19,2.2,N
15.17558,76.6577,319.62,0.42,0.38,2026-09-02,2023,N20,nominal,2.0NRT,289.15,2.78,N
32.57579,72.56024,309.81,0.38,0.59,2026-09-02,2019,N20,nominal,2.0NRT,292.91,2.4,N
15.16989,76.38091,299.16,0.43,0.38,2026-09-02,2023,N20,nominal,2.0NRT,283.74,0.52,N
29.26282,91.92296,304.47,0.32,0.55,2026-09-02,2019,N20,nominal,2.0NRT,281.21,1.17,N
13.39351,80.07467,307,0.4,0.37,2026-09-02,2023,N20,nominal,2.0NRT,285.9,1.28,N
30.21693,76.76219,306.64,0.4,0.45,2026-09-02,2019,N20,nominal,2.0NRT,288.61,1.37,N
13.89774,76.56654,300.92,0.42,0.37,2026-09-02,2023,N20,nominal,2.0NRT,286.08,1.13,N
23.78148,86.39063,307.3,0.38,0.44,2026-09-02,2021,N20,nominal,2.0NRT,288.51,1.74,N
13.16177,80.28377,320.68,0.41,0.37,2026-09-02,2023,N20,nominal,2.0NRT,289.13,2.78,N
23.7811,86.37132,303.51,0.38,0.43,2026-09-02,2021,N20,nominal,2.0NRT,288.48,1.38,N
12.8508,79.90537,340.95,0.4,0.37,2026-09-02,2023,N20,nominal,2.0NRT,289.95,8.05,N
23.77825,86.38604,304.61,0.38,0.44,2026-09-02,2021,N20,nominal,2.0NRT,289.01,2.32,N
23.77753,86.38976,306.42,0.38,0.44,2026-09-02,2021,N20,nominal,2.0NRT,289.01,2.34,N
13.14871,77.53867,300.09,0.39,0.36,2026-09-02,2023,N20,nominal,2.0NRT,285.94,0.19,N
23.77466,86.36218,316.43,0.38,0.43,2026-09-02,2021,N20,nominal,2.0NRT,288.7,2.38,N
12.97479,77.43371,302.76,0.39,0.36,2026-09-02,2023,N20,nominal,2.0NRT,288.41,0.54,N
23.77394,86.36584,305.7,0.38,0.43,2026-09-02,2021,N20,nominal,2.0NRT,288.5,1.97,N
12.59921,77.88294,319.53,0.39,0.36,2026-09-02,2023,N20,nominal,2.0NRT,289.84,1.79,N
23.76676,86.40286,312.11,0.39,0.44,2026-09-02,2021,N20,nominal,2.0NRT,288.95,1.76,N
12.08651,77.05036,296.31,0.39,0.37,2026-09-02,2025,N20,nominal,2.0NRT,274.71,0.68,N
23.76282,86.40197,325.48,0.39,0.44,2026-09-02,2021,N20,nominal,2.0NRT,289.28,1.76,N
11.81568,77.91785,302.56,0.38,0.36,2026-09-02,2025,N20,nominal,2.0NRT,273.32,1.16,N
23.76498,86.39088,302.84,0.38,0.44,2026-09-02,2021,N20,nominal,2.0NRT,288.14,2.05,N
11.81183,77.92081,299.39,0.38,0.36,2026-09-02,2025,N20,nominal,2.0NRT,272.09,1.04,N
23.76425,86.39459,305.18,0.38,0.44,2026-09-02,2021,N20,nominal,2.0NRT,288.97,1.45,N
11.59508,77.26291,332.16,0.39,0.36,2026-09-02,2025,N20,nominal,2.0NRT,274.37,3.05,N
23.76354,86.39828,306.61,0.39,0.44,2026-09-02,2021,N20,nominal,2.0NRT,288.49,1.45,N
11.59177,77.26229,297.35,0.39,0.36,2026-09-02,2025,N20,nominal,2.0NRT,272.69,0.44,N
23.76211,86.40564,303,0.39,0.44,2026-09-02,2021,N20,nominal,2.0NRT,288.27,1.76,N
23.75887,86.4011,316.14,0.39,0.44,2026-09-02,2021,N20,nominal,2.0NRT,289.04,2.32,N
9.56744,77.51945,308.43,0.38,0.36,2026-09-02,2025,N20,nominal,2.0NRT,283.59,1.41,N
23.75816,86.40479,315.88,0.39,0.44,2026-09-02,2021,N20,nominal,2.0NRT,288.62,2.32,N
9.5669,77.52291,312.26,0.38,0.36,2026-09-02,2025,N20,nominal,2.0NRT,284.65,1.61,N
23.75564,86.39656,306.11,0.39,0.44,2026-09-02,2021,N20,nominal,2.0NRT,288.67,2.29,N
9.5647,77.53674,311.02,0.38,0.36,2026-09-02,2025,N20,nominal,2.0NRT,285.37,0.91,N
23.77976,86.20955,321.04,0.56,0.43,2026-09-02,2021,N20,nominal,2.0NRT,289.08,3.74,N
9.56415,77.51893,324.02,0.38,0.36,2026-09-02,2025,N20,nominal,2.0NRT,285.03,1.41,N
23.77585,86.20872,307.93,0.56,0.43,2026-09-02,2021,N20,nominal,2.0NRT,289.18,3.74,N
9.56195,77.53275,309.24,0.38,0.36,2026-09-02,2025,N20,nominal,2.0NRT,286.62,1.62,N
23.77406,86.19703,311.24,0.56,0.43,2026-09-02,2021,N20,nominal,2.0NRT,288.97,4.58,N
9.5614,77.53619,316.03,0.38,0.36,2026-09-02,2025,N20,nominal,2.0NRT,285.93,0.91,N
23.77299,86.20249,303.04,0.56,0.43,2026-09-02,2021,N20,nominal,2.0NRT,288.91,3.5,N
9.56086,77.51841,328.06,0.38,0.36,2026-09-02,2025,N20,nominal,2.0NRT,285.83,1.76,N
23.6887,86.3898,304.81,0.39,0.44,2026-09-02,2021,N20,nominal,2.0NRT,288.67,2.16,N
9.55811,77.51443,309.54,0.38,0.36,2026-09-02,2025,N20,nominal,2.0NRT,284.56,1.76,N
23.688,86.39345,309.56,0.39,0.44,2026-09-02,2021,N20,nominal,2.0NRT,288.21,1.84,N
9.55482,77.5139,324.17,0.38,0.36,2026-09-02,2025,N20,nominal,2.0NRT,285.49,2.42,N
23.68404,86.39259,319.58,0.39,0.44,2026-09-02,2021,N20,nominal,2.0NRT,288.78,1.58,N
9.55372,77.52083,321.43,0.38,0.36,2026-09-02,2025,N20,nominal,2.0NRT,286.47,1.52,N
23.68334,86.39626,310.63,0.39,0.44,2026-09-02,2021,N20,nominal,2.0NRT,288.78,1.58,N
9.55316,77.52426,315.45,0.38,0.36,2026-09-02,2025,N20,nominal,2.0NRT,287.14,1.52,N
23.68009,86.39173,306.7,0.39,0.44,2026-09-02,2021,N20,nominal,2.0NRT,288.16,1.58,N
8.08652,80.78899,329.64,0.48,0.4,2026-09-02,2025,N20,nominal,2.0NRT,294.38,3.58,N
23.67938,86.39541,309.72,0.39,0.44,2026-09-02,2021,N20,nominal,2.0NRT,288.63,1.58,N
23.67866,86.39913,309.46,0.39,0.44,2026-09-02,2021,N20,nominal,2.0NRT,288.44,2.48,N
8.08287,80.78834,314.64,0.48,0.4,2026-09-02,2025,N20,nominal,2.0NRT,294.13,1.43,N
23.69609,86.07645,303.17,0.56,0.43,2026-09-02,2021,N20,nominal,2.0NRT,283.9,1.8,N
7.96767,81.29025,304.17,0.51,0.41,2026-09-02,2025,N20,nominal,2.0NRT,292.08,0.72,N
23.68032,86.09521,295.21,0.56,0.43,2026-09-02,2021,N20,nominal,2.0NRT,281.17,1.58,N
7.76223,80.32127,306.16,0.46,0.39,2026-09-02,2025,N20,nominal,2.0NRT,292.64,1.4,N
23.67937,86.09851,295.04,0.56,0.43,2026-09-02,2021,N20,nominal,2.0NRT,280.45,1.02,N
7.55779,81.30125,322.67,0.52,0.41,2026-09-02,2025,N20,nominal,2.0NRT,290.12,2.83,N
24.71521,75.95151,303.49,0.39,0.44,2026-09-02,2021,N20,nominal,2.0NRT,290.19,0.78,N
7.48117,81.08661,310.91,0.51,0.41,2026-09-02,2025,N20,nominal,2.0NRT,295.98,2.67,N
25.39161,68.57956,310.49,0.56,0.69,2026-09-02,2021,N20,nominal,2.0NRT,292.83,1.53,N
7.38751,81.18162,309.23,0.51,0.41,2026-09-02,2025,N20,nominal,2.0NRT,294.42,1.72,N
24.76607,74.60828,302.43,0.46,0.47,2026-09-02,2021,N20,nominal,2.0NRT,280.72,1.31,N
24.76503,74.60659,304.69,0.46,0.47,2026-09-02,2021,N20,nominal,2.0NRT,280.16,1.36,N
6.77281,81.00163,313.38,0.51,0.41,2026-09-02,2025,N20,nominal,2.0NRT,289.92,1.7,N
24.6637,74.63227,299.05,0.46,0.47,2026-09-02,2021,N20,nominal,2.0NRT,279.41,1.44,N
6.76897,81.00152,304.26,0.51,0.41,2026-09-02,2025,N20,nominal,2.0NRT,288.85,1.7,N
23.33018,70.21295,303.22,0.42,0.61,2026-09-02,2021,N20,nominal,2.0NRT,290.83,0.47,N
6.61014,81.25643,339.65,0.53,0.42,2026-09-02,2025,N20,nominal,2.0NRT,293.35,6.97,N
20.95171,86.04486,300.84,0.41,0.45,2026-09-02,2021,N20,nominal,2.0NRT,279.72,0.75,N
20.95095,86.04876,311.4,0.41,0.45,2026-09-02,2021,N20,nominal,2.0NRT,282.08,0.75,N
20.94764,86.04403,299.83,0.41,0.45,2026-09-02,2021,N20,nominal,2.0NRT,277.34,1.03,N
21.10632,72.64294,338.93,0.55,0.51,2026-09-02,2021,N20,nominal,2.0NRT,291.19,5.46,N
21.10572,72.64827,307.52,0.55,0.51,2026-09-02,2021,N20,nominal,2.0NRT,290.68,5.46,N
20.83645,70.69326,299.22,0.37,0.58,2026-09-02,2021,N20,nominal,2.0NRT,281.06,0.6,N
16.87073,80.02078,304.58,0.39,0.36,2026-09-02,2023,N20,nominal,2.0NRT,286.09,1.03,N
36.43893,101.60083,295.68,0.73,0.76,2026-09-02,2017,N20,nominal,2.0NRT,280.22,1.41,N
39.81068,82.83495,307.87,0.42,0.38,2026-09-02,2017,N20,nominal,2.0NRT,292.4,1.07,N
34.83419,60.82184,301.25,0.41,0.37,2026-09-02,2159,N20,nominal,2.0NRT,288.44,0.34,N
34.63096,60.75086,299.27,0.41,0.37,2026-09-02,2159,N20,nominal,2.0NRT,285.66,0.54,N
34.62761,60.75,302.72,0.41,0.37,2026-09-02,2159,N20,nominal,2.0NRT,285.66,0.54,N
33.75488,59.14774,318.96,0.39,0.36,2026-09-02,2159,N20,nominal,2.0NRT,287.4,1.13,N
33.75159,59.14697,296.44,0.39,0.36,2026-09-02,2159,N20,nominal,2.0NRT,284.69,1.13,N
33.62822,59.17027,300.3,0.39,0.36,2026-09-02,2159,N20,nominal,2.0NRT,289.26,0.62,N
32.92215,60.23428,299.43,0.41,0.37,2026-09-02,2159,N20,nominal,2.0NRT,288.45,0.93,N
33.04376,56.84844,337.25,0.39,0.36,2026-09-02,2159,N20,nominal,2.0NRT,298.07,3.94,N
32.33521,54.08591,305.17,0.47,0.4,2026-09-02,2159,N20,nominal,2.0NRT,293.6,1.05,N
31.94198,54.04599,311.63,0.47,0.4,2026-09-02,2201,N20,nominal,2.0NRT,295.16,1.41,N
31.70463,55.44958,313.89,0.42,0.37,2026-09-02,2201,N20,nominal,2.0NRT,299.9,2.22,N
31.43532,56.49171,301.43,0.39,0.36,2026-09-02,2201,N20,nominal,2.0NRT,290.64,0.36,N
31.62374,54.72602,306.69,0.44,0.38,2026-09-02,2201,N20,nominal,2.0NRT,294.37,1.2,N
31.3279,54.18253,298.26,0.46,0.39,2026-09-02,2201,N20,nominal,2.0NRT,286.36,0.7,N
30.96926,56.44979,306.68,0.39,0.36,2026-09-02,2201,N20,nominal,2.0NRT,293.76,0.89,N
30.75853,56.65499,302.64,0.39,0.36,2026-09-02,2201,N20,nominal,2.0NRT,292.53,0.99,N
30.75462,56.65834,320.19,0.39,0.36,2026-09-02,2201,N20,nominal,2.0NRT,294.97,1.86,N
30.75524,56.65432,308.04,0.39,0.36,2026-09-02,2201,N20,nominal,2.0NRT,295.07,1.26,N
30.66524,56.62078,317.61,0.39,0.36,2026-09-02,2201,N20,nominal,2.0NRT,290.6,1.33,N
30.73438,55.38428,306.52,0.41,0.37,2026-09-02,2201,N20,nominal,2.0NRT,291.79,1.36,N
30.49897,56.81949,321.18,0.39,0.36,2026-09-02,2201,N20,nominal,2.0NRT,293.72,2.67,N
30.49178,56.82214,303.26,0.39,0.36,2026-09-02,2201,N20,nominal,2.0NRT,293,0.89,N
30.36827,56.12843,319.4,0.39,0.36,2026-09-02,2201,N20,nominal,2.0NRT,293.94,1.47,N
30.23405,56.90659,325.65,0.39,0.36,2026-09-02,2201,N20,nominal,2.0NRT,293.84,2.21,N
30.37984,55.86126,304.2,0.4,0.37,2026-09-02,2201,N20,nominal,2.0NRT,293.16,0.89,N
30.37925,55.86538,316.1,0.4,0.37,2026-09-02,2201,N20,nominal,2.0NRT,293.97,0.89,N
30.32354,55.97427,313.08,0.4,0.37,2026-09-02,2201,N20,nominal,2.0NRT,293.75,1.23,N
29.47731,60.80887,305.04,0.46,0.39,2026-09-02,2201,N20,nominal,2.0NRT,291.58,0.71,N
39.61923,66.90167,302.8,0.39,0.44,2026-09-02,2157,N20,nominal,2.0NRT,286.28,0.59,N
30.21674,55.98438,306.55,0.4,0.37,2026-09-02,2201,N20,nominal,2.0NRT,293.93,0.53,N
39.20129,66.83665,301.97,0.4,0.44,2026-09-02,2157,N20,nominal,2.0NRT,289.97,0.77,N
39.97639,61.68198,298.55,0.39,0.36,2026-09-02,2157,N20,nominal,2.0NRT,285.43,0.31,N
38.39603,69.1136,300.7,0.54,0.51,2026-09-02,2157,N20,nominal,2.0NRT,290.56,0.95,N
38.39698,69.11475,303.31,0.54,0.51,2026-09-02,2157,N20,nominal,2.0NRT,290.93,0.97,N
39.18215,65.31544,310.49,0.51,0.41,2026-09-02,2157,N20,nominal,2.0NRT,287.76,1.26,N
39.43333,62.99318,310.86,0.42,0.38,2026-09-02,2157,N20,nominal,2.0NRT,286.59,1.12,N
39.33752,63.23961,302.19,0.43,0.38,2026-09-02,2157,N20,nominal,2.0NRT,287.5,0.69,N
39.97259,58.93338,327.34,0.39,0.36,2026-09-02,2157,N20,nominal,2.0NRT,289.04,2.21,N
39.97192,58.93795,300.24,0.39,0.36,2026-09-02,2157,N20,nominal,2.0NRT,289.04,1.68,N
39.2775,63.08548,297.8,0.42,0.38,2026-09-02,2157,N20,nominal,2.0NRT,287.66,0.55,N
39.25073,63.21046,313,0.43,0.38,2026-09-02,2157,N20,nominal,2.0NRT,287.14,1.2,N
39.24982,63.21532,302.28,0.43,0.38,2026-09-02,2157,N20,nominal,2.0NRT,286.7,0.84,N
39.25023,63.17435,299.51,0.43,0.38,2026-09-02,2157,N20,nominal,2.0NRT,287.22,0.37,N
38.68404,65.99019,309.04,0.56,0.43,2026-09-02,2157,N20,nominal,2.0NRT,288.9,1.19,N
38.67921,65.95502,300.17,0.56,0.43,2026-09-02,2157,N20,nominal,2.0NRT,287.95,1.7,N
39.20651,63.25358,302.85,0.43,0.38,2026-09-02,2157,N20,nominal,2.0NRT,284.22,0.7,N
39.13717,63.61937,298.55,0.44,0.39,2026-09-02,2157,N20,nominal,2.0NRT,287.71,0.67,N
39.1812,63.3494,296.23,0.43,0.38,2026-09-02,2157,N20,nominal,2.0NRT,284.87,1.01,N
39.15876,63.46779,307.77,0.44,0.38,2026-09-02,2157,N20,nominal,2.0NRT,286.99,1.11,N
39.18391,63.34835,296.06,0.43,0.38,2026-09-02,2157,N20,nominal,2.0NRT,285.36,0.53,N
39.19228,63.28348,299.58,0.43,0.38,2026-09-02,2157,N20,nominal,2.0NRT,285.62,0.75,N
39.17957,63.3522,304.22,0.43,0.38,2026-09-02,2157,N20,nominal,2.0NRT,286.03,0.92,N
39.15847,63.46584,298.08,0.44,0.38,2026-09-02,2157,N20,nominal,2.0NRT,285.93,0.59,N
39.18723,63.27157,299.88,0.43,0.38,2026-09-02,2157,N20,nominal,2.0NRT,284.7,0.41,N
39.19732,63.1973,298.55,0.43,0.38,2026-09-02,2157,N20,nominal,2.0NRT,286.75,0.67,N
39.19553,63.20704,301.09,0.43,0.38,2026-09-02,2157,N20,nominal,2.0NRT,285.97,0.41,N
39.17262,63.27225,314.63,0.43,0.38,2026-09-02,2157,N20,nominal,2.0NRT,286.94,1.02,N
39.15346,63.37539,296.25,0.43,0.38,2026-09-02,2157,N20,nominal,2.0NRT,284.66,0.45,N
39.17824,63.22235,299.35,0.43,0.38,2026-09-02,2157,N20,nominal,2.0NRT,286.91,0.62,N
39.16848,63.25548,308.31,0.43,0.38,2026-09-02,2157,N20,nominal,2.0NRT,287.3,0.77,N
39.16758,63.26036,296.55,0.43,0.38,2026-09-02,2157,N20,nominal,2.0NRT,286.35,0.77,N
39.15667,63.31915,311.25,0.43,0.38,2026-09-02,2157,N20,nominal,2.0NRT,286.06,1.17,N
29.95103,56.73459,301.26,0.39,0.36,2026-09-02,2201,N20,nominal,2.0NRT,290.64,0.38,N
39.16415,63.25932,309.13,0.43,0.38,2026-09-02,2157,N20,nominal,2.0NRT,286.65,0.73,N
29.92743,56.73383,313.86,0.39,0.36,2026-09-02,2201,N20,nominal,2.0NRT,295.15,1.74,N
39.13048,63.4205,316.34,0.44,0.38,2026-09-02,2157,N20,nominal,2.0NRT,285.78,1.28,N
39.13012,63.3058,296.39,0.43,0.38,2026-09-02,2157,N20,nominal,2.0NRT,284.33,0.4,N
30.08162,55.3973,328.8,0.41,0.37,2026-09-02,2201,N20,nominal,2.0NRT,293.77,3.27,N
39.11681,63.33807,312.14,0.43,0.38,2026-09-02,2157,N20,nominal,2.0NRT,287.36,1.62,N
30.08103,55.40149,307.67,0.41,0.37,2026-09-02,2201,N20,nominal,2.0NRT,291.89,2.24,N
39.05841,63.55065,298.07,0.44,0.38,2026-09-02,2157,N20,nominal,2.0NRT,287.46,0.48,N
30.07885,55.39246,304.18,0.41,0.37,2026-09-02,2201,N20,nominal,2.0NRT,293.47,1.27,N
38.94143,64.13676,299.58,0.46,0.39,2026-09-02,2157,N20,nominal,2.0NRT,287.93,0.73,N
29.99144,55.85279,336.08,0.4,0.37,2026-09-02,2201,N20,nominal,2.0NRT,294.3,8.29,N
39.07631,63.39853,295.85,0.44,0.38,2026-09-02,2157,N20,nominal,2.0NRT,285.38,0.24,N
38.97328,63.59157,299.65,0.44,0.39,2026-09-02,2157,N20,nominal,2.0NRT,288.25,0.5,N
38.96756,63.62169,301.94,0.45,0.39,2026-09-02,2157,N20,nominal,2.0NRT,287.49,0.81,N
38.97426,63.47031,303.21,0.44,0.38,2026-09-02,2157,N20,nominal,2.0NRT,287.69,0.64,N
38.9093,63.7911,299.85,0.45,0.39,2026-09-02,2157,N20,nominal,2.0NRT,286.45,0.72,N
38.87171,63.79915,301.98,0.45,0.39,2026-09-02,2157,N20,nominal,2.0NRT,286.24,0.83,N
38.83785,63.821,307.6,0.45,0.39,2026-09-02,2157,N20,nominal,2.0NRT,286.44,0.79,N
38.83533,63.81479,297.36,0.45,0.39,2026-09-02,2157,N20,nominal,2.0NRT,286.61,0.79,N
38.05169,67.26579,321.23,0.44,0.46,2026-09-02,2157,N20,nominal,2.0NRT,289.81,1.83,N
30.00173,55.19796,305.86,0.41,0.37,2026-09-02,2201,N20,nominal,2.0NRT,291.67,0.77,N
29.99493,55.1967,302.84,0.41,0.37,2026-09-02,2201,N20,nominal,2.0NRT,291.96,0.83,N
38.16371,64.59363,301.06,0.5,0.41,2026-09-02,2157,N20,nominal,2.0NRT,289,0.99,N
38.12986,64.67556,305.3,0.5,0.41,2026-09-02,2157,N20,nominal,2.0NRT,289.64,1.08,N
37.82964,65.1766,303.3,0.53,0.42,2026-09-02,2157,N20,nominal,2.0NRT,289.06,1.46,N
37.83148,65.17574,303.56,0.53,0.42,2026-09-02,2157,N20,nominal,2.0NRT,289.13,1.1,N
37.82396,65.17325,303.67,0.53,0.42,2026-09-02,2157,N20,nominal,2.0NRT,289.26,0.8,N
37.96031,62.66405,300.59,0.43,0.38,2026-09-02,2157,N20,nominal,2.0NRT,288.58,0.77,N
37.99099,61.88186,302.65,0.41,0.37,2026-09-02,2157,N20,nominal,2.0NRT,288.12,0.88,N
29.80962,55.75191,301.74,0.4,0.37,2026-09-02,2201,N20,nominal,2.0NRT,290.11,0.52,N
37.79942,62.54927,318.27,0.43,0.38,2026-09-02,2157,N20,nominal,2.0NRT,288.19,1.49,N
37.79601,62.54828,308.3,0.43,0.38,2026-09-02,2157,N20,nominal,2.0NRT,286.32,1.49,N
37.88871,62.02097,310.7,0.41,0.37,2026-09-02,2157,N20,nominal,2.0NRT,286.99,0.54,N
37.88535,62.02002,299.37,0.41,0.37,2026-09-02,2157,N20,nominal,2.0NRT,286.24,0.54,N
37.78838,62.53891,321,0.43,0.38,2026-09-02,2157,N20,nominal,2.0NRT,289.67,2.07,N
37.78328,62.52745,303.05,0.42,0.38,2026-09-02,2157,N20,nominal,2.0NRT,287.33,0.69,N
37.77821,62.10327,302.71,0.41,0.37,2026-09-02,2157,N20,nominal,2.0NRT,288.34,0.76,N
37.7772,62.03041,305.18,0.41,0.37,2026-09-02,2157,N20,nominal,2.0NRT,286.47,0.79,N
37.84473,61.6037,300.92,0.4,0.37,2026-09-02,2157,N20,nominal,2.0NRT,288.17,0.53,N
37.74481,62.13069,306.3,0.41,0.37,2026-09-02,2157,N20,nominal,2.0NRT,287.61,0.83,N
37.72617,62.09625,324.88,0.41,0.37,2026-09-02,2157,N20,nominal,2.0NRT,289.37,2.17,N
37.75185,61.85315,312.63,0.41,0.37,2026-09-02,2157,N20,nominal,2.0NRT,286.66,0.66,N
37.67242,62.23681,305.2,0.42,0.38,2026-09-02,2157,N20,nominal,2.0NRT,286.4,0.84,N
37.66904,62.23584,310.29,0.42,0.38,2026-09-02,2157,N20,nominal,2.0NRT,286.3,0.84,N
37.79382,61.49546,313.36,0.4,0.37,2026-09-02,2157,N20,nominal,2.0NRT,289.08,1.42,N
37.66142,62.23856,308.58,0.42,0.38,2026-09-02,2157,N20,nominal,2.0NRT,287.51,1.2,N
37.65719,62.24224,300.94,0.42,0.38,2026-09-02,2157,N20,nominal,2.0NRT,286.96,0.48,N
37.65042,62.2403,296.23,0.42,0.38,2026-09-02,2157,N20,nominal,2.0NRT,285.69,0.2,N
37.63943,62.20293,303.03,0.42,0.37,2026-09-02,2157,N20,nominal,2.0NRT,286.06,0.7,N
37.63858,62.20757,302.7,0.42,0.37,2026-09-02,2157,N20,nominal,2.0NRT,286.99,0.7,N
37.70427,61.78016,297.66,0.41,0.37,2026-09-02,2157,N20,nominal,2.0NRT,287.25,0.21,N
37.62762,62.21192,307.09,0.42,0.38,2026-09-02,2157,N20,nominal,2.0NRT,288.8,1,N
37.62678,62.21657,301.75,0.42,0.38,2026-09-02,2157,N20,nominal,2.0NRT,287.95,1,N
37.68248,61.88391,298.52,0.41,0.37,2026-09-02,2157,N20,nominal,2.0NRT,286.33,0.48,N
37.62835,62.16819,307.15,0.42,0.37,2026-09-02,2157,N20,nominal,2.0NRT,286.15,0.45,N
37.62569,62.12362,301.08,0.42,0.37,2026-09-02,2157,N20,nominal,2.0NRT,286.36,1.06,N
29.17401,58.63008,316.92,0.4,0.37,2026-09-02,2201,N20,nominal,2.0NRT,297.1,1.93,N
37.61899,62.14116,323.72,0.42,0.37,2026-09-02,2157,N20,nominal,2.0NRT,289.86,2.18,N
29.17012,58.61244,306.89,0.4,0.37,2026-09-02,2201,N20,nominal,2.0NRT,294.94,0.61,N
37.61982,62.13653,310.01,0.42,0.37,2026-09-02,2157,N20,nominal,2.0NRT,289.05,1.53,N
29.16759,58.61343,328.64,0.4,0.37,2026-09-02,2201,N20,nominal,2.0NRT,297.39,2.77,N
37.65748,61.90564,303.37,0.41,0.37,2026-09-02,2157,N20,nominal,2.0NRT,286.19,0.56,N
37.65413,61.9047,306.7,0.41,0.37,2026-09-02,2157,N20,nominal,2.0NRT,287.3,0.56,N
38.68176,54.3129,317.8,0.54,0.42,2026-09-02,2157,N20,nominal,2.0NRT,290.77,1.32,N
37.63038,61.72144,295.82,0.41,0.37,2026-09-02,2157,N20,nominal,2.0NRT,285.67,0.68,N
38.22264,57.98554,301.5,0.4,0.37,2026-09-02,2157,N20,nominal,2.0NRT,285.08,0.28,N
38.21865,57.98931,311.05,0.4,0.37,2026-09-02,2157,N20,nominal,2.0NRT,287.43,1.33,N
38.26129,57.65949,311.02,0.41,0.37,2026-09-02,2157,N20,nominal,2.0NRT,292.12,1.28,N
38.19593,58.10082,299.44,0.4,0.37,2026-09-02,2157,N20,nominal,2.0NRT,284.13,0.41,N
38.19266,57.96665,298.33,0.4,0.37,2026-09-02,2157,N20,nominal,2.0NRT,286.59,0.64,N
37.55698,61.9322,307.18,0.41,0.37,2026-09-02,2157,N20,nominal,2.0NRT,288.47,1.1,N
37.61122,61.60437,327.61,0.4,0.37,2026-09-02,2157,N20,nominal,2.0NRT,290.79,2.21,N
37.61594,61.57737,299.83,0.4,0.37,2026-09-02,2157,N20,nominal,2.0NRT,286.99,0.58,N
37.61043,61.60887,315.96,0.4,0.37,2026-09-02,2157,N20,nominal,2.0NRT,289.97,2.21,N
37.6126,61.57645,307.16,0.4,0.37,2026-09-02,2157,N20,nominal,2.0NRT,289.66,1.01,N
38.64891,54.28063,320.12,0.54,0.42,2026-09-02,2157,N20,nominal,2.0NRT,291.35,2.57,N
37.60926,61.57552,312.03,0.4,0.37,2026-09-02,2157,N20,nominal,2.0NRT,289.31,1.01,N
37.56954,61.80161,297.09,0.41,0.37,2026-09-02,2157,N20,nominal,2.0NRT,286.96,0.55,N
37.80605,60.33176,309.91,0.39,0.36,2026-09-02,2157,N20,nominal,2.0NRT,287.86,0.66,N
37.59829,61.55835,316.76,0.4,0.37,2026-09-02,2157,N20,nominal,2.0NRT,287.77,1.3,N
37.59495,61.55743,300.76,0.4,0.37,2026-09-02,2157,N20,nominal,2.0NRT,286.89,0.58,N
37.59083,61.561,317.84,0.4,0.37,2026-09-02,2157,N20,nominal,2.0NRT,289.02,1.79,N
37.59299,61.52865,319.49,0.4,0.37,2026-09-02,2157,N20,nominal,2.0NRT,289.43,2.15,N
29.51371,55.7977,305.32,0.4,0.37,2026-09-02,2201,N20,nominal,2.0NRT,293.27,0.81,N
37.59143,61.53762,299.6,0.4,0.37,2026-09-02,2157,N20,nominal,2.0NRT,286.36,0.69,N
29.71029,54.36666,301.91,0.43,0.38,2026-09-02,2201,N20,nominal,2.0NRT,290.77,0.48,N
37.58083,61.55824,306.76,0.4,0.37,2026-09-02,2157,N20,nominal,2.0NRT,288.62,1.12,N
37.81181,60.17099,304.64,0.39,0.36,2026-09-02,2157,N20,nominal,2.0NRT,285.34,0.8,N
37.50095,61.98865,306.05,0.41,0.37,2026-09-02,2157,N20,nominal,2.0NRT,287.87,0.89,N
37.47913,62.01149,297.58,0.41,0.37,2026-09-02,2157,N20,nominal,2.0NRT,287.4,0.74,N
37.42436,62.313,306.52,0.42,0.38,2026-09-02,2157,N20,nominal,2.0NRT,287.68,0.73,N
37.48156,61.97837,298.67,0.41,0.37,2026-09-02,2157,N20,nominal,2.0NRT,287.87,0.46,N
37.49782,61.84842,332.81,0.41,0.37,2026-09-02,2157,N20,nominal,2.0NRT,291.68,3.28,N
37.49863,61.84386,304.91,0.41,0.37,2026-09-02,2157,N20,nominal,2.0NRT,289.92,1.57,N
37.73791,60.4134,299,0.39,0.36,2026-09-02,2157,N20,nominal,2.0NRT,286,0.48,N
37.44639,62.07484,299.05,0.42,0.37,2026-09-02,2157,N20,nominal,2.0NRT,286.58,0.51,N
37.39543,62.31458,301.92,0.42,0.38,2026-09-02,2157,N20,nominal,2.0NRT,287.73,0.88,N
37.94915,58.5858,306.5,0.39,0.36,2026-09-02,2157,N20,nominal,2.0NRT,287.82,0.91,N
37.94249,58.56146,308.02,0.39,0.36,2026-09-02,2157,N20,nominal,2.0NRT,286.65,0.76,N
37.94184,58.56586,301.44,0.39,0.36,2026-09-02,2157,N20,nominal,2.0NRT,287.75,0.8,N
37.62419,60.43993,305.56,0.39,0.36,2026-09-02,2157,N20,nominal,2.0NRT,289.1,0.84,N
37.51628,61.05866,299.27,0.4,0.37,2026-09-02,2157,N20,nominal,2.0NRT,286.99,0.59,N
37.6341,60.33866,309.49,0.39,0.36,2026-09-02,2157,N20,nominal,2.0NRT,288.51,1.29,N
37.63338,60.34298,307.62,0.39,0.36,2026-09-02,2157,N20,nominal,2.0NRT,288.69,0.72,N
37.61824,60.3932,307.41,0.39,0.36,2026-09-02,2157,N20,nominal,2.0NRT,289.07,0.68,N
37.51317,61.0164,304.83,0.39,0.37,2026-09-02,2157,N20,nominal,2.0NRT,286.92,0.67,N
37.51049,61.01733,316.75,0.39,0.37,2026-09-02,2157,N20,nominal,2.0NRT,289.37,1.79,N
37.50569,61.02523,300.4,0.39,0.37,2026-09-02,2157,N20,nominal,2.0NRT,287.33,0.22,N
37.50238,61.02435,304.7,0.39,0.37,2026-09-02,2157,N20,nominal,2.0NRT,287.61,0.64,N
37.2211,62.39829,295.95,0.43,0.38,2026-09-02,2157,N20,nominal,2.0NRT,285.83,0.5,N
37.40556,61.34546,302.94,0.4,0.37,2026-09-02,2157,N20,nominal,2.0NRT,288,0.63,N
37.8292,58.38187,301.91,0.39,0.36,2026-09-02,2157,N20,nominal,2.0NRT,288.06,0.95,N
37.35022,61.36301,298.43,0.4,0.37,2026-09-02,2157,N20,nominal,2.0NRT,285.63,0.35,N
37.3469,61.3621,308.71,0.4,0.37,2026-09-02,2157,N20,nominal,2.0NRT,287.3,1.13,N
37.48795,60.45826,314.43,0.39,0.36,2026-09-02,2157,N20,nominal,2.0NRT,286.87,1.16,N
37.11784,62.36232,327.5,0.43,0.38,2026-09-02,2157,N20,nominal,2.0NRT,290.11,7.21,N
37.11356,62.36605,308.14,0.43,0.38,2026-09-02,2157,N20,nominal,2.0NRT,288.9,1.55,N
37.32879,61.09563,309.7,0.4,0.37,2026-09-02,2157,N20,nominal,2.0NRT,286.92,0.84,N
37.32548,61.09473,302.61,0.4,0.37,2026-09-02,2157,N20,nominal,2.0NRT,287.31,0.92,N
37.03413,62.41523,329.14,0.43,0.38,2026-09-02,2159,N20,nominal,2.0NRT,289.83,3.31,N
37.03326,62.41996,336.57,0.43,0.38,2026-09-02,2159,N20,nominal,2.0NRT,291.59,5.17,N
37.35657,60.46618,303.36,0.39,0.36,2026-09-02,2159,N20,nominal,2.0NRT,288.69,0.71,N
37.23727,61.15118,304.64,0.4,0.37,2026-09-02,2159,N20,nominal,2.0NRT,286.43,0.74,N
37.17991,60.86671,305.78,0.39,0.36,2026-09-02,2159,N20,nominal,2.0NRT,286.49,0.79,N
37.35242,59.56696,300.58,0.38,0.36,2026-09-02,2159,N20,nominal,2.0NRT,287.87,0.71,N
37.45479,57.6874,302.81,0.4,0.37,2026-09-02,2159,N20,nominal,2.0NRT,283.35,1.28,N
37.34103,58.04819,302.29,0.39,0.37,2026-09-02,2159,N20,nominal,2.0NRT,288.66,0.99,N
36.48984,61.62106,297.89,0.41,0.37,2026-09-02,2159,N20,nominal,2.0NRT,287.23,0.72,N
36.47892,61.62282,299.74,0.41,0.37,2026-09-02,2159,N20,nominal,2.0NRT,287.88,1.77,N
36.53465,60.81676,300.11,0.4,0.37,2026-09-02,2159,N20,nominal,2.0NRT,287.02,0.18,N
36.44053,61.22001,317.58,0.4,0.37,2026-09-02,2159,N20,nominal,2.0NRT,289.39,2.16,N
29.15257,55.36468,317.25,0.4,0.37,2026-09-02,2201,N20,nominal,2.0NRT,295.19,1.42,N
36.46753,60.84458,301.85,0.4,0.37,2026-09-02,2159,N20,nominal,2.0NRT,291.59,1.78,N
29.17067,54.61625,305.13,0.42,0.38,2026-09-02,2201,N20,nominal,2.0NRT,295.01,1.01,N
36.46346,60.84809,298.04,0.4,0.37,2026-09-02,2159,N20,nominal,2.0NRT,287.08,0.31,N
35.94711,62.9184,300.74,0.46,0.39,2026-09-02,2159,N20,nominal,2.0NRT,289.83,0.64,N
36.99257,56.23369,298.47,0.43,0.38,2026-09-02,2159,N20,nominal,2.0NRT,287.46,0.37,N
36.47742,59.7444,300.75,0.39,0.36,2026-09-02,2159,N20,nominal,2.0NRT,287.62,0.66,N
35.90832,62.96535,304.34,0.46,0.39,2026-09-02,2159,N20,nominal,2.0NRT,288.69,0.95,N
36.42985,59.70173,298.21,0.39,0.36,2026-09-02,2159,N20,nominal,2.0NRT,285.94,0.68,N
36.27115,59.64794,299.8,0.39,0.36,2026-09-02,2159,N20,nominal,2.0NRT,288.74,0.43,N
36.27046,59.65217,300.24,0.39,0.36,2026-09-02,2159,N20,nominal,2.0NRT,289.1,0.43,N
28.05082,57.7804,317.04,0.39,0.36,2026-09-02,2201,N20,nominal,2.0NRT,298.9,1.72,N
36.23705,59.73197,309.3,0.39,0.36,2026-09-02,2159,N20,nominal,2.0NRT,287.41,1.39,N
36.24506,57.37995,301.27,0.4,0.37,2026-09-02,2159,N20,nominal,2.0NRT,291.25,0.58,N
33.29527,71.18355,302.35,0.47,0.64,2026-09-02,2159,N20,nominal,2.0NRT,290.26,0.34,N
33.29502,71.18554,304.58,0.47,0.64,2026-09-02,2159,N20,nominal,2.0NRT,290.04,0.48,N
35.92553,57.83304,313.96,0.39,0.36,2026-09-02,2159,N20,nominal,2.0NRT,287.17,1.34,N
27.22669,60.49063,313.31,0.48,0.4,2026-09-02,2201,N20,nominal,2.0NRT,299.77,1.69,N
25.38761,68.58076,315.05,0.51,0.66,2026-09-02,2201,N20,nominal,2.0NRT,293.04,1.92,N
35.36716,59.30621,309.66,0.38,0.36,2026-09-02,2159,N20,nominal,2.0NRT,287.35,1.28,N
35.31696,59.48979,302.56,0.39,0.36,2026-09-02,2159,N20,nominal,2.0NRT,289.47,0.7,N
26.95793,55.54152,311.34,0.39,0.36,2026-09-02,2201,N20,nominal,2.0NRT,300.23,4.34,N
25.97246,56.07007,317.35,0.38,0.36,2026-09-02,2201,N20,nominal,2.0NRT,302.46,1.65,N
25.96589,56.06881,316.23,0.38,0.36,2026-09-02,2201,N20,nominal,2.0NRT,302.93,0.83,N
25.57065,55.98755,313.32,0.38,0.36,2026-09-02,2201,N20,nominal,2.0NRT,302.17,0.92,N
25.46859,56.03124,313.15,0.38,0.36,2026-09-02,2201,N20,nominal,2.0NRT,299.99,0.51,N
24.99125,55.62468,321.15,0.38,0.36,2026-09-02,2201,N20,nominal,2.0NRT,300.25,1.41,N
24.99066,55.62846,320.48,0.38,0.36,2026-09-02,2201,N20,nominal,2.0NRT,301.21,1.41,N
25.06218,55.11747,324.02,0.39,0.36,2026-09-02,2201,N20,nominal,2.0NRT,301.39,1.18,N
24.50806,56.60738,308.45,0.39,0.36,2026-09-02,2201,N20,nominal,2.0NRT,297.99,4.34,N
24.50744,56.61116,311.37,0.39,0.36,2026-09-02,2201,N20,nominal,2.0NRT,299.26,4.34,N
24.50476,56.60674,339.82,0.39,0.36,2026-09-02,2201,N20,nominal,2.0NRT,299.95,4.34,N
24.4654,56.6385,315.06,0.39,0.36,2026-09-02,2201,N20,nominal,2.0NRT,298.35,3.09,N
24.60935,54.15044,321.83,0.4,0.37,2026-09-02,2201,N20,nominal,2.0NRT,302.71,1.11,N
24.32787,54.46933,313.1,0.4,0.37,2026-09-02,2201,N20,nominal,2.0NRT,301.91,1.35,N
24.32453,54.46873,317.22,0.4,0.37,2026-09-02,2201,N20,nominal,2.0NRT,304.25,1.82,N
23.55564,58.19987,312.12,0.43,0.38,2026-09-02,2203,N20,nominal,2.0NRT,300.34,1.04,N
24.00321,55.43919,310.97,0.38,0.36,2026-09-02,2203,N20,nominal,2.0NRT,300.81,1.29,N
23.48448,58.27962,311.23,0.43,0.38,2026-09-02,2203,N20,nominal,2.0NRT,300.85,0.68,N
22.6598,59.40913,332.26,0.49,0.41,2026-09-02,2203,N20,nominal,2.0NRT,299.97,3.42,N
23.19098,55.45881,328.39,0.38,0.36,2026-09-02,2203,N20,nominal,2.0NRT,302.68,4.79,N
23.19039,55.46252,310.49,0.38,0.36,2026-09-02,2203,N20,nominal,2.0NRT,299.69,3.51,N
23.31248,54.1797,320.18,0.4,0.37,2026-09-02,2203,N20,nominal,2.0NRT,300.14,2.14,N
23.27766,54.22892,310.53,0.4,0.37,2026-09-02,2203,N20,nominal,2.0NRT,299.93,0.89,N
22.92837,55.80505,327.3,0.38,0.36,2026-09-02,2203,N20,nominal,2.0NRT,301.12,2,N
22.88172,55.92653,332.19,0.39,0.36,2026-09-02,2203,N20,nominal,2.0NRT,301.1,2.82,N
22.88111,55.93025,311.1,0.39,0.36,2026-09-02,2203,N20,nominal,2.0NRT,300.5,2.82,N
22.87842,55.92591,342.02,0.39,0.36,2026-09-02,2203,N20,nominal,2.0NRT,301.55,2.82,N
22.78362,55.81651,313.55,0.38,0.36,2026-09-02,2203,N20,nominal,2.0NRT,300.93,3.04,N
22.67264,56.24954,313.08,0.39,0.36,2026-09-02,2203,N20,nominal,2.0NRT,299.46,0.94,N
22.78104,54.72756,323,0.39,0.36,2026-09-02,2203,N20,nominal,2.0NRT,300.71,1.9,N
22.40707,56.98731,322.54,0.4,0.37,2026-09-02,2203,N20,nominal,2.0NRT,297.66,5.1,N
22.40642,56.99117,310.52,0.4,0.37,2026-09-02,2203,N20,nominal,2.0NRT,297.95,4.95,N
22.44125,56.70085,330.22,0.4,0.37,2026-09-02,2203,N20,nominal,2.0NRT,299.18,5.27,N
22.61043,54.05775,312.49,0.4,0.37,2026-09-02,2203,N20,nominal,2.0NRT,300.15,1.23,N
22.60872,54.06922,311.86,0.4,0.37,2026-09-02,2203,N20,nominal,2.0NRT,301.43,1.25,N
22.52738,54.04803,310.31,0.4,0.37,2026-09-02,2203,N20,nominal,2.0NRT,299.91,1.27,N
22.52346,54.05127,313.74,0.4,0.37,2026-09-02,2203,N20,nominal,2.0NRT,300.36,1.24,N
21.93897,57.07156,329.43,0.41,0.37,2026-09-02,2203,N20,nominal,2.0NRT,296.26,3.24,N
21.93831,57.07547,321.67,0.41,0.37,2026-09-02,2203,N20,nominal,2.0NRT,297.11,3.24,N
21.66147,56.41205,319.82,0.39,0.37,2026-09-02,2203,N20,nominal,2.0NRT,298.47,3.13,N
21.33463,57.72388,302.56,0.43,0.38,2026-09-02,2203,N20,nominal,2.0NRT,290.86,0.81,N
21.30366,57.79902,305.7,0.44,0.38,2026-09-02,2203,N20,nominal,2.0NRT,292.61,0.56,N
21.30555,57.70539,312.9,0.43,0.38,2026-09-02,2203,N20,nominal,2.0NRT,294.05,1.89,N
21.29709,57.09851,312.34,0.41,0.37,2026-09-02,2203,N20,nominal,2.0NRT,298.18,1.34,N
21.3338,56.69674,332.69,0.4,0.37,2026-09-02,2203,N20,nominal,2.0NRT,303.41,7.52,N
21.33316,56.70057,318.06,0.4,0.37,2026-09-02,2203,N20,nominal,2.0NRT,298.74,7.52,N
21.40979,55.74358,316.58,0.39,0.36,2026-09-02,2203,N20,nominal,2.0NRT,300.97,3.3,N
20.55942,56.42105,308.77,0.4,0.37,2026-09-02,2203,N20,nominal,2.0NRT,295.56,0.66,N
20.70781,55.43152,308.98,0.39,0.36,2026-09-02,2203,N20,nominal,2.0NRT,297.49,0.85,N
20.37725,55.93499,332.09,0.39,0.36,2026-09-02,2203,N20,nominal,2.0NRT,297.66,2.82,N
20.38793,55.66215,330.63,0.39,0.36,2026-09-02,2203,N20,nominal,2.0NRT,297.74,3.54,N
20.38708,55.64729,328.85,0.39,0.36,2026-09-02,2203,N20,nominal,2.0NRT,296.96,2.46,N
20.22555,55.73956,324.15,0.39,0.36,2026-09-02,2203,N20,nominal,2.0NRT,297.09,1.26,N
20.21321,55.71065,329.63,0.39,0.36,2026-09-02,2203,N20,nominal,2.0NRT,296.33,2.46,N
18.6869,55.50745,327.58,0.39,0.36,2026-09-02,2203,N20,nominal,2.0NRT,294.85,3.34,N
18.68751,55.50377,317.58,0.39,0.36,2026-09-02,2203,N20,nominal,2.0NRT,294.07,2.47,N
18.0337,54.64466,308.94,0.39,0.36,2026-09-02,2203,N20,nominal,2.0NRT,298.08,0.37,N
18.01498,54.571,331.34,0.38,0.36,2026-09-02,2203,N20,nominal,2.0NRT,298.33,3.95,N
18.01441,54.5746,323.39,0.38,0.36,2026-09-02,2203,N20,nominal,2.0NRT,302.17,4.81,N
18.01169,54.57042,313.69,0.38,0.36,2026-09-02,2203,N20,nominal,2.0NRT,297.57,3.95,N
18.01111,54.57402,318.33,0.38,0.36,2026-09-02,2203,N20,nominal,2.0NRT,298,4.81,N
11.78029,99.55335,337.49,0.74,0.76,2026-09-03,0550,N20,nominal,2.0NRT,285.39,8.8,D
11.78012,99.55573,328.65,0.74,0.76,2026-09-03,0550,N20,nominal,2.0NRT,284.75,6.59,D
13.99949,100.39201,331.48,0.59,0.7,2026-09-03,0553,N20,nominal,2.0NRT,281.02,5.47,D
14.27918,100.50513,347.03,0.57,0.69,2026-09-03,0553,N20,nominal,2.0NRT,285.67,10.09,D
14.26375,100.23601,331.64,0.59,0.7,2026-09-03,0553,N20,nominal,2.0NRT,283.2,5.19,D
14.2907,100.08218,345.06,0.61,0.71,2026-09-03,0553,N20,nominal,2.0NRT,286,9.18,D
14.67048,100.21741,330.91,0.59,0.7,2026-09-03,0553,N20,nominal,2.0NRT,285.8,4.61,D
14.96686,100.05576,343.29,0.59,0.7,2026-09-03,0553,N20,nominal,2.0NRT,286.36,7.13,D
16.64662,99.40947,330.29,0.6,0.71,2026-09-03,0553,N20,nominal,2.0NRT,285.06,3.18,D
23.09593,101.16478,334.35,0.34,0.56,2026-09-03,0555,N20,nominal,2.0NRT,292.3,4.87,D
26.57682,101.66935,340.55,0.54,0.51,2026-09-03,0553,N20,nominal,2.0NRT,292.61,8.97,D
6.21936,80.85124,367,0.33,0.55,2026-09-03,0729,N20,high,2.0NRT,293.02,12.37,D
6.21886,80.84835,352.86,0.33,0.55,2026-09-03,0729,N20,nominal,2.0NRT,294.52,12.97,D
6.26443,81.08537,332.67,0.63,0.54,2026-09-03,0729,N20,nominal,2.0NRT,295.69,6.89,D
6.8227,81.4789,340.14,0.58,0.52,2026-09-03,0729,N20,nominal,2.0NRT,300.63,4.65,D
6.8228,81.47654,337.9,0.58,0.52,2026-09-03,0729,N20,nominal,2.0NRT,299.54,4.03,D
6.93327,81.49461,334.15,0.57,0.52,2026-09-03,0729,N20,nominal,2.0NRT,294.88,5.26,D
6.92909,81.49213,334.14,0.57,0.52,2026-09-03,0729,N20,nominal,2.0NRT,297.15,3.2,D
7.0019,81.49043,331.99,0.57,0.52,2026-09-03,0729,N20,nominal,2.0NRT,299.83,7.65,D
7.09881,81.30836,338.99,0.59,0.53,2026-09-03,0729,N20,nominal,2.0NRT,296.24,6.88,D
7.14319,81.56036,331.83,0.56,0.52,2026-09-03,0729,N20,nominal,2.0NRT,300.45,3.38,D
7.21505,81.83522,341.64,0.54,0.51,2026-09-03,0729,N20,nominal,2.0NRT,298.25,3.23,D
7.13218,80.92467,338.65,0.62,0.54,2026-09-03,0729,N20,nominal,2.0NRT,294.59,7.09,D
7.13717,80.92435,332.22,0.62,0.54,2026-09-03,0729,N20,nominal,2.0NRT,293.77,8.33,D
7.30812,81.85378,330.62,0.53,0.5,2026-09-03,0729,N20,nominal,2.0NRT,299.5,4.9,D
7.13368,80.92213,344.79,0.62,0.54,2026-09-03,0729,N20,nominal,2.0NRT,296.2,13.75,D
7.30715,81.8511,330.92,0.53,0.5,2026-09-03,0729,N20,nominal,2.0NRT,300.1,3.47,D
7.38198,81.81867,335.02,0.54,0.5,2026-09-03,0729,N20,nominal,2.0NRT,298.19,4.29,D
7.37384,81.60008,337.83,0.55,0.51,2026-09-03,0729,N20,nominal,2.0NRT,297.07,6.02,D
7.36392,81.54081,330.09,0.56,0.51,2026-09-03,0729,N20,nominal,2.0NRT,292.77,6.1,D
7.37235,81.60337,337.78,0.55,0.51,2026-09-03,0729,N20,nominal,2.0NRT,297.77,7.97,D
7.36666,81.54342,337.55,0.56,0.51,2026-09-03,0729,N20,nominal,2.0NRT,292.88,7.58,D
7.40801,81.64283,337.1,0.55,0.51,2026-09-03,0729,N20,nominal,2.0NRT,297.23,3.69,D
7.44196,81.56097,340.72,0.56,0.51,2026-09-03,0729,N20,nominal,2.0NRT,295.36,10.29,D
7.36477,81.10838,331.17,0.6,0.53,2026-09-03,0729,N20,low,2.0NRT,302.27,7.86,D
7.46132,81.61855,331.29,0.55,0.51,2026-09-03,0729,N20,nominal,2.0NRT,297.01,5.54,D
7.44981,81.31694,337.83,0.58,0.52,2026-09-03,0729,N20,nominal,2.0NRT,297.09,9.76,D
7.4489,81.31174,331.01,0.58,0.52,2026-09-03,0729,N20,nominal,2.0NRT,295.67,10.37,D
7.45927,81.3151,334.62,0.58,0.52,2026-09-03,0729,N20,nominal,2.0NRT,296.14,7.11,D
7.55572,81.30218,331.63,0.58,0.52,2026-09-03,0729,N20,nominal,2.0NRT,301.33,5.41,D
7.52379,81.09198,332.6,0.6,0.53,2026-09-03,0729,N20,low,2.0NRT,304.6,17.96,D
7.68068,81.63508,337.95,0.54,0.51,2026-09-03,0729,N20,nominal,2.0NRT,299.27,4.17,D
7.62007,80.96745,331.9,0.61,0.53,2026-09-03,0729,N20,nominal,2.0NRT,295.1,5.49,D
7.73792,81.0778,333.06,0.59,0.53,2026-09-03,0729,N20,nominal,2.0NRT,297.9,8.03,D
7.6815,80.17891,333.59,0.34,0.56,2026-09-03,0729,N20,nominal,2.0NRT,293.96,4.12,D
7.88585,80.66019,331.07,0.63,0.54,2026-09-03,0729,N20,nominal,2.0NRT,294.29,4.49,D
7.96085,79.96597,333.06,0.35,0.57,2026-09-03,0729,N20,nominal,2.0NRT,291.73,2.68,D
8.10204,80.72932,335.97,0.62,0.54,2026-09-03,0729,N20,nominal,2.0NRT,296.4,9.87,D
8.10524,80.73309,337.22,0.62,0.54,2026-09-03,0729,N20,nominal,2.0NRT,296.45,8.29,D
8.19926,81.06908,341.79,0.58,0.52,2026-09-03,0729,N20,nominal,2.0NRT,296.96,15.8,D
8.33746,81.01548,353.3,0.59,0.52,2026-09-03,0729,N20,nominal,2.0NRT,298.04,10.77,D
8.36755,81.04775,332.21,0.58,0.52,2026-09-03,0729,N20,nominal,2.0NRT,297.17,10.25,D
8.30271,80.59719,339.21,0.63,0.54,2026-09-03,0729,N20,nominal,2.0NRT,295.97,6.62,D
8.24832,80.14695,348.24,0.34,0.56,2026-09-03,0729,N20,nominal,2.0NRT,295.76,6.75,D
8.26462,80.15033,342.57,0.34,0.56,2026-09-03,0729,N20,nominal,2.0NRT,294.66,6.57,D
8.28586,80.21172,336.6,0.33,0.55,2026-09-03,0729,N20,nominal,2.0NRT,294.11,3.29,D
8.44509,81.09625,341.54,0.58,0.52,2026-09-03,0729,N20,nominal,2.0NRT,296.34,3.59,D
8.30449,80.19914,332.88,0.33,0.56,2026-09-03,0729,N20,nominal,2.0NRT,295.86,2.36,D
8.34437,80.22562,342.36,0.33,0.55,2026-09-03,0731,N20,nominal,2.0NRT,295.88,10.95,D
8.34383,80.22264,350.25,0.33,0.55,2026-09-03,0731,N20,nominal,2.0NRT,297.31,10.95,D
8.35971,80.2533,335.5,0.33,0.55,2026-09-03,0731,N20,nominal,2.0NRT,294.26,2.35,D
8.41501,80.3905,367,0.32,0.55,2026-09-03,0731,N20,high,2.0NRT,295.38,8.63,D
8.52967,80.84583,335.62,0.6,0.53,2026-09-03,0731,N20,nominal,2.0NRT,296.99,5.39,D
8.53348,80.84363,336.45,0.6,0.53,2026-09-03,0731,N20,nominal,2.0NRT,293.62,9.06,D
8.46256,80.36608,333.5,0.32,0.55,2026-09-03,0731,N20,nominal,2.0NRT,295.22,3.73,D
8.51105,80.40782,331.08,0.32,0.55,2026-09-03,0731,N20,nominal,2.0NRT,295.65,3.29,D
8.58942,80.82306,334.19,0.6,0.53,2026-09-03,0731,N20,nominal,2.0NRT,296.24,6.13,D
8.6308,80.4159,333.51,0.64,0.54,2026-09-03,0731,N20,nominal,2.0NRT,296.55,2.74,D
8.72508,80.47949,344.74,0.63,0.54,2026-09-03,0731,N20,nominal,2.0NRT,296.91,15.27,D
8.79795,80.4024,343.66,0.63,0.54,2026-09-03,0731,N20,nominal,2.0NRT,297.73,12.78,D
8.79975,80.40611,331.81,0.63,0.54,2026-09-03,0731,N20,nominal,2.0NRT,294.91,8.46,D
8.94823,80.79115,333.54,0.59,0.53,2026-09-03,0731,N20,nominal,2.0NRT,294.69,4.58,D
8.9091,80.35435,339.55,0.63,0.54,2026-09-03,0731,N20,nominal,2.0NRT,293.47,6.05,D
8.49436,77.96617,330.46,0.47,0.64,2026-09-03,0731,N20,nominal,2.0NRT,294.43,3.34,D
9.13227,80.27708,340.2,0.32,0.54,2026-09-03,0731,N20,nominal,2.0NRT,293.4,4,D
9.20978,80.65526,338.21,0.6,0.53,2026-09-03,0731,N20,nominal,2.0NRT,293.49,6.78,D
9.22214,80.69701,335.77,0.59,0.53,2026-09-03,0731,N20,nominal,2.0NRT,294.27,8.65,D
8.86345,78.08493,338.14,0.46,0.63,2026-09-03,0731,N20,nominal,2.0NRT,294.83,2.28,D
9.40674,80.45943,337.9,0.61,0.54,2026-09-03,0731,N20,nominal,2.0NRT,297.06,8.78,D
8.995,78.11643,341.06,0.45,0.63,2026-09-03,0731,N20,nominal,2.0NRT,295.85,3.27,D
9.40467,80.27582,344.59,0.63,0.54,2026-09-03,0731,N20,nominal,2.0NRT,294.97,7.92,D
9.45518,80.50696,344.57,0.61,0.53,2026-09-03,0731,N20,nominal,2.0NRT,295.11,8.3,D
9.43313,80.38053,343.61,0.62,0.54,2026-09-03,0731,N20,nominal,2.0NRT,296.41,8.46,D
9.4573,80.46156,331.23,0.61,0.53,2026-09-03,0731,N20,nominal,2.0NRT,295.35,5.33,D
9.42708,80.41814,332.15,0.61,0.54,2026-09-03,0731,N20,nominal,2.0NRT,296.59,8.81,D
9.40643,80.27791,342.51,0.63,0.54,2026-09-03,0731,N20,nominal,2.0NRT,294.9,11.41,D
9.43566,80.38232,342.04,0.62,0.54,2026-09-03,0731,N20,nominal,2.0NRT,296.09,3.98,D
9.65053,78.06663,343.52,0.44,0.63,2026-09-03,0731,N20,nominal,2.0NRT,295.22,5.67,D
9.65259,78.06654,335.92,0.44,0.62,2026-09-03,0731,N20,nominal,2.0NRT,294.43,6.03,D
9.7496,78.01988,342.77,0.44,0.63,2026-09-03,0731,N20,nominal,2.0NRT,297.86,9.94,D
9.75129,78.01684,343.09,0.44,0.63,2026-09-03,0731,N20,nominal,2.0NRT,297.06,10.6,D
10.49617,79.46641,343.03,0.34,0.56,2026-09-03,0731,N20,nominal,2.0NRT,298.62,3.94,D
14.11815,100.45808,335.39,0.67,0.73,2026-09-03,0731,N20,nominal,2.0NRT,283.82,6.89,D
14.21978,100.23059,337.61,0.64,0.72,2026-09-03,0731,N20,nominal,2.0NRT,285.88,6.01,D
14.44745,100.03577,329.95,0.63,0.72,2026-09-03,0731,N20,nominal,2.0NRT,286.59,4.68,D
14.62066,100.78421,333.52,0.71,0.75,2026-09-03,0731,N20,nominal,2.0NRT,282.44,4.7,D
14.51504,99.54195,329.83,0.58,0.7,2026-09-03,0731,N20,nominal,2.0NRT,286.66,6.36,D
15.04166,100.04398,342.51,0.64,0.72,2026-09-03,0731,N20,nominal,2.0NRT,285.81,7.69,D
15.03835,100.04134,338.69,0.64,0.72,2026-09-03,0731,N20,nominal,2.0NRT,285.55,8.67,D
12.44623,79.14983,338.77,0.33,0.55,2026-09-03,0731,N20,nominal,2.0NRT,293.75,3.06,D
12.74508,78.65624,335.06,0.35,0.57,2026-09-03,0731,N20,nominal,2.0NRT,292.08,4.03,D
14.10816,77.59407,330.93,0.39,0.6,2026-09-03,0731,N20,nominal,2.0NRT,285.44,3.39,D
22.36557,87.30296,343.37,0.41,0.37,2026-09-03,0733,N20,nominal,2.0NRT,298.96,9.64,D
23.66255,87.15377,330.63,0.41,0.37,2026-09-03,0733,N20,nominal,2.0NRT,292.84,3.12,D
21.10291,72.64852,334.62,0.6,0.7,2026-09-03,0733,N20,nominal,2.0NRT,288.64,9.08,D
21.16354,72.67133,338.1,0.59,0.7,2026-09-03,0733,N20,nominal,2.0NRT,287.54,5.44,D
23.77833,86.3914,333.93,0.4,0.37,2026-09-03,0733,N20,nominal,2.0NRT,296.63,5.61,D
23.77443,86.36435,340.16,0.4,0.37,2026-09-03,0733,N20,nominal,2.0NRT,296.49,4.56,D
23.78466,85.55476,332.14,0.39,0.36,2026-09-03,0733,N20,nominal,2.0NRT,294.27,2.83,D
23.78796,85.55418,332.27,0.39,0.36,2026-09-03,0733,N20,nominal,2.0NRT,293.58,2.83,D
27.9844,95.93944,348.14,0.48,0.65,2026-09-03,0735,N20,nominal,2.0NRT,289.43,7.85,D
28.80634,71.15429,367,0.49,0.65,2026-09-03,0737,N20,high,2.0NRT,298.39,11.08,D
29.90034,70.05103,335.7,0.54,0.68,2026-09-03,0737,N20,nominal,2.0NRT,294.28,2.92,D
31.36748,72.16143,330.66,0.37,0.58,2026-09-03,0737,N20,nominal,2.0NRT,295.8,2.41,D
31.98055,72.40473,337.52,0.35,0.57,2026-09-03,0737,N20,nominal,2.0NRT,296.96,3.05,D
31.98557,72.40307,331.06,0.35,0.57,2026-09-03,0737,N20,nominal,2.0NRT,296.49,2.79,D
36.96366,81.34605,336.29,0.38,0.36,2026-09-03,0737,N20,low,2.0NRT,307.25,3.32,D
36.96758,81.34953,332.26,0.38,0.36,2026-09-03,0737,N20,low,2.0NRT,306.08,4.37,D
35.70685,73.66389,339.6,0.49,0.48,2026-09-03,0737,N20,nominal,2.0NRT,297.67,8,D
37.20362,79.3961,346.41,0.4,0.37,2026-09-03,0737,N20,nominal,2.0NRT,311.17,7.35,D
38.05264,67.264,344.49,0.47,0.64,2026-09-03,0739,N20,nominal,2.0NRT,306.95,5.92,D
38.04778,67.26866,352.04,0.46,0.64,2026-09-03,0739,N20,nominal,2.0NRT,306.08,7.97,D
30.75545,56.65736,349.41,0.39,0.36,2026-09-03,0917,N20,nominal,2.0NRT,323.27,15.66,D
33.75273,59.14913,338.77,0.41,0.37,2026-09-03,0920,N20,low,2.0NRT,313.69,4.16,D
35.12086,67.43152,335.09,0.37,0.58,2026-09-03,0920,N20,nominal,2.0NRT,296.76,2.9,D
34.86273,60.58665,337.03,0.47,0.4,2026-09-03,0920,N20,low,2.0NRT,310.92,1.12,D
37.02958,62.42039,336.5,0.4,0.45,2026-09-03,0920,N20,low,2.0NRT,311.33,4.47,D
37.03368,62.41977,343.44,0.4,0.45,2026-09-03,0920,N20,nominal,2.0NRT,309.84,4.47,D
37.11859,62.36287,341.35,0.4,0.44,2026-09-03,0920,N20,low,2.0NRT,312.3,11.31,D
37.08384,61.01009,338.15,0.52,0.41,2026-09-03,0920,N20,low,2.0NRT,310.06,5.5,D
37.21807,60.36012,341.11,0.49,0.4,2026-09-03,0920,N20,nominal,2.0NRT,311.85,4.44,D
37.2458,60.53611,337.09,0.5,0.41,2026-09-03,0920,N20,nominal,2.0NRT,309.18,2.21,D
37.49541,61.84967,335.45,0.38,0.43,2026-09-03,0920,N20,low,2.0NRT,307.56,2.13,D
37.61959,62.14141,335.42,0.4,0.44,2026-09-03,0920,N20,low,2.0NRT,307.75,3.69,D
37.5699,61.64958,341.63,0.56,0.43,2026-09-03,0920,N20,nominal,2.0NRT,305.97,4.74,D
37.7263,62.09486,335.68,0.4,0.44,2026-09-03,0920,N20,low,2.0NRT,307.38,3.1,D
37.57566,60.52912,335.45,0.5,0.41,2026-09-03,0920,N20,low,2.0NRT,308.24,4.76,D
37.80176,62.35329,340.8,0.41,0.45,2026-09-03,0920,N20,nominal,2.0NRT,301.16,4.03,D
37.80129,62.34863,330.8,0.41,0.45,2026-09-03,0920,N20,low,2.0NRT,302.29,3.71,D
18.01325,54.57314,352.13,0.47,0.47,2026-09-03,0915,N20,nominal,2.0NRT,321.65,20.08,D
37.85084,60.44489,338.58,0.5,0.41,2026-09-03,0920,N20,low,2.0NRT,311.06,6.77,D
18.32318,55.10723,346.73,0.43,0.46,2026-09-03,0915,N20,low,2.0NRT,319.52,2.05,D
21.16206,72.674,341.15,0.56,0.68,2026-09-03,0915,N20,nominal,2.0NRT,289,6.29,D
25.38581,68.58442,330.2,0.34,0.56,2026-09-03,0915,N20,nominal,2.0NRT,297.74,1.58,D
25.67347,68.72453,330.05,0.35,0.57,2026-09-03,0915,N20,nominal,2.0NRT,298.81,1.64,D
24.50356,56.60652,340.85,0.44,0.38,2026-09-03,0915,N20,low,2.0NRT,312.34,14.21,D
25.78453,65.50092,344.84,0.44,0.46,2026-09-03,0915,N20,nominal,2.0NRT,306.22,9.73,D
28.31022,67.91344,337.72,0.33,0.55,2026-09-03,0917,N20,nominal,2.0NRT,301.59,1.9,D
27.16833,56.09715,338.13,0.43,0.38,2026-09-03,0917,N20,nominal,2.0NRT,306.62,5.49,D
38.68047,54.31573,335.54,0.39,0.36,2026-09-03,0920,N20,nominal,2.0NRT,298.58,2.1,D
39.31101,55.80627,341.68,0.39,0.36,2026-09-03,0920,N20,nominal,2.0NRT,305.98,2.5,D
39.3143,55.80546,333.14,0.39,0.36,2026-09-03,0920,N20,low,2.0NRT,307.01,2.5,D
39.31562,55.74547,339.24,0.39,0.36,2026-09-03,0920,N20,nominal,2.0NRT,305.64,2.78,D
39.97317,58.93706,343.65,0.46,0.39,2026-09-03,0920,N20,nominal,2.0NRT,311.02,5.34,D
14.28897,100.66778,328.18,0.62,0.54,2026-09-03,1824,N20,nominal,2.0NRT,271.53,4.9,N
39.79314,98.29622,295.37,0.75,0.77,2026-09-03,1815,N20,nominal,2.0NRT,284.8,1.37,N
11.17709,79.08981,308.03,0.49,0.4,2026-09-03,2006,N20,nominal,2.0NRT,292.77,0.88,N
10.61815,77.42112,308.73,0.4,0.44,2026-09-03,2006,N20,nominal,2.0NRT,291.53,0.77,N
9.73645,77.55113,310.68,0.38,0.43,2026-09-03,2006,N20,nominal,2.0NRT,291.78,1.08,N
29.91132,74.94312,306.14,0.49,0.65,2026-09-03,2002,N20,nominal,2.0NRT,290.62,0.8,N
9.55857,77.51196,300.32,0.38,0.43,2026-09-03,2006,N20,nominal,2.0NRT,286.95,0.19,N
29.91007,74.94244,304.52,0.49,0.65,2026-09-03,2002,N20,nominal,2.0NRT,290.73,1.02,N
9.54893,77.52233,328.06,0.38,0.43,2026-09-03,2006,N20,nominal,2.0NRT,290.34,3,N
29.48014,76.85374,305.02,0.37,0.58,2026-09-03,2002,N20,nominal,2.0NRT,288.34,0.73,N
9.54934,77.51951,315.78,0.38,0.43,2026-09-03,2006,N20,nominal,2.0NRT,289.25,2.15,N
29.47475,76.85314,367,0.37,0.58,2026-09-03,2002,N20,high,2.0NRT,288.75,8.36,N
8.75604,80.98608,313.55,0.4,0.37,2026-09-03,2008,N20,nominal,2.0NRT,293.68,1.08,N
29.47446,76.85703,309.14,0.37,0.58,2026-09-03,2002,N20,nominal,2.0NRT,288.99,5.44,N
8.62789,80.36659,306.31,0.41,0.37,2026-09-03,2008,N20,nominal,2.0NRT,293.07,1.72,N
29.47757,76.85374,367,0.37,0.58,2026-09-03,2002,N20,high,2.0NRT,288.83,9.46,N
8.57341,80.40363,308.8,0.41,0.37,2026-09-03,2008,N20,nominal,2.0NRT,293.07,1.53,N
29.47725,76.85763,310.55,0.37,0.58,2026-09-03,2002,N20,nominal,2.0NRT,289.14,6.79,N
8.29983,81.0357,306.92,0.39,0.36,2026-09-03,2008,N20,nominal,2.0NRT,293.59,0.73,N
28.74499,76.92669,296.37,0.36,0.58,2026-09-03,2002,N20,nominal,2.0NRT,279.34,2.1,N
8.26856,80.19849,324.56,0.41,0.37,2026-09-03,2008,N20,nominal,2.0NRT,292.67,2.07,N
28.71685,76.8332,299.98,0.37,0.58,2026-09-03,2002,N20,nominal,2.0NRT,274.6,1.13,N
8.26514,80.19796,315.75,0.41,0.37,2026-09-03,2008,N20,nominal,2.0NRT,292.56,2.41,N
26.52291,90.5325,328.03,0.49,0.4,2026-09-03,2002,N20,nominal,2.0NRT,288.83,5.79,N
7.38341,80.83238,302.19,0.39,0.36,2026-09-03,2008,N20,nominal,2.0NRT,290.07,0.95,N
26.7609,83.19978,308.37,0.46,0.39,2026-09-03,2002,N20,nominal,2.0NRT,290.5,3.62,N
6.81549,81.61707,309.32,0.38,0.36,2026-09-03,2008,N20,nominal,2.0NRT,291.96,1.05,N
25.94085,72.18671,305.68,0.67,0.74,2026-09-03,2002,N20,nominal,2.0NRT,288.86,2,N
6.81495,81.62053,305.42,0.38,0.36,2026-09-03,2008,N20,nominal,2.0NRT,291.81,0.8,N
24.11976,86.86308,311.02,0.39,0.36,2026-09-03,2002,N20,nominal,2.0NRT,288.39,1.25,N
6.81165,81.62,316.81,0.38,0.36,2026-09-03,2008,N20,nominal,2.0NRT,291.98,0.8,N
24.11708,86.85863,316.11,0.39,0.36,2026-09-03,2002,N20,nominal,2.0NRT,288.72,1.12,N
6.8327,81.33623,310.17,0.39,0.36,2026-09-03,2008,N20,nominal,2.0NRT,290.64,0.89,N
23.84145,86.50287,303.98,0.39,0.36,2026-09-03,2002,N20,nominal,2.0NRT,287.52,0.52,N
23.85833,86.33572,309.39,0.39,0.36,2026-09-03,2002,N20,nominal,2.0NRT,285.49,0.5,N
6.82885,81.33916,322.19,0.39,0.36,2026-09-03,2008,N20,nominal,2.0NRT,291.47,2.22,N
23.81538,86.57941,309.89,0.39,0.36,2026-09-03,2002,N20,nominal,2.0NRT,288.82,0.58,N
23.69766,87.10545,306.8,0.4,0.37,2026-09-03,2002,N20,nominal,2.0NRT,288.38,1.14,N
23.69508,87.1208,310.26,0.4,0.37,2026-09-03,2002,N20,nominal,2.0NRT,289.5,1.08,N
23.69444,87.12463,308.89,0.4,0.37,2026-09-03,2002,N20,nominal,2.0NRT,288.97,1.08,N
23.69626,87.09328,312.84,0.4,0.37,2026-09-03,2002,N20,nominal,2.0NRT,288.89,1.31,N
23.69433,87.10479,306.35,0.4,0.37,2026-09-03,2002,N20,nominal,2.0NRT,288.75,1.14,N
23.6924,87.11631,305.7,0.4,0.37,2026-09-03,2002,N20,nominal,2.0NRT,288.48,1.93,N
23.69175,87.12016,305.18,0.4,0.37,2026-09-03,2002,N20,nominal,2.0NRT,288.61,1.08,N
23.69164,87.1003,306.55,0.4,0.37,2026-09-03,2002,N20,nominal,2.0NRT,288.71,1.63,N
23.68842,87.11951,317.5,0.4,0.37,2026-09-03,2002,N20,nominal,2.0NRT,288.92,3.08,N
23.68316,87.13036,310.17,0.4,0.37,2026-09-03,2002,N20,nominal,2.0NRT,289.84,1.98,N
23.80459,86.32961,328.48,0.39,0.36,2026-09-03,2002,N20,nominal,2.0NRT,287.27,2.12,N
23.80129,86.32899,305.52,0.39,0.36,2026-09-03,2002,N20,nominal,2.0NRT,285.86,2.12,N
23.79767,86.3515,314.18,0.39,0.36,2026-09-03,2002,N20,nominal,2.0NRT,286.72,1.82,N
23.66618,87.15525,304.39,0.4,0.37,2026-09-03,2002,N20,nominal,2.0NRT,287.89,0.9,N
23.66554,87.1591,308.6,0.4,0.37,2026-09-03,2002,N20,nominal,2.0NRT,288.27,0.9,N
23.66284,87.15459,323.26,0.4,0.37,2026-09-03,2002,N20,nominal,2.0NRT,289.29,3.1,N
23.78113,86.39088,309.56,0.39,0.36,2026-09-03,2002,N20,nominal,2.0NRT,287.67,1.05,N
23.77783,86.39025,303.92,0.39,0.36,2026-09-03,2002,N20,nominal,2.0NRT,286.71,1.05,N
23.77548,86.36273,301.78,0.39,0.36,2026-09-03,2002,N20,nominal,2.0NRT,279.86,0.87,N
23.76881,86.40401,303.73,0.39,0.36,2026-09-03,2002,N20,nominal,2.0NRT,286.4,0.93,N
23.76552,86.40339,312.99,0.39,0.36,2026-09-03,2002,N20,nominal,2.0NRT,286.42,1.1,N
23.76222,86.40276,308.28,0.39,0.36,2026-09-03,2002,N20,nominal,2.0NRT,285.25,1.1,N
23.75893,86.40212,302.01,0.39,0.36,2026-09-03,2002,N20,nominal,2.0NRT,284.55,0.96,N
23.7532,86.41651,307.79,0.39,0.36,2026-09-03,2002,N20,nominal,2.0NRT,288.53,1.06,N
23.77986,86.20908,318.46,0.39,0.36,2026-09-03,2002,N20,nominal,2.0NRT,288.61,2.21,N
23.66433,86.91784,306.56,0.39,0.36,2026-09-03,2002,N20,nominal,2.0NRT,289.42,1.07,N
23.74027,86.43341,309.02,0.39,0.36,2026-09-03,2002,N20,nominal,2.0NRT,290.24,3.28,N
23.73697,86.43278,341.06,0.39,0.36,2026-09-03,2002,N20,nominal,2.0NRT,292.07,3.28,N
23.73758,86.42902,312.53,0.39,0.36,2026-09-03,2002,N20,nominal,2.0NRT,289.72,1.41,N
23.77179,86.196,308.84,0.38,0.36,2026-09-03,2002,N20,nominal,2.0NRT,286.19,1.67,N
23.77119,86.19974,304.78,0.38,0.36,2026-09-03,2002,N20,nominal,2.0NRT,286.55,0.99,N
23.725,86.42276,313.03,0.39,0.36,2026-09-03,2002,N20,nominal,2.0NRT,290.96,1.75,N
23.72257,86.43778,308.92,0.39,0.36,2026-09-03,2002,N20,nominal,2.0NRT,289.46,2.16,N
23.71866,86.4409,314.11,0.39,0.36,2026-09-03,2002,N20,nominal,2.0NRT,289.64,1.28,N
23.71353,86.45154,330.73,0.39,0.36,2026-09-03,2002,N20,nominal,2.0NRT,291.4,2.89,N
23.71841,86.4215,305.64,0.39,0.36,2026-09-03,2002,N20,nominal,2.0NRT,289.83,1.67,N
23.71084,86.44715,322.03,0.39,0.36,2026-09-03,2002,N20,nominal,2.0NRT,290.78,2.49,N
23.71511,86.42087,306.05,0.39,0.36,2026-09-03,2002,N20,nominal,2.0NRT,289.26,1.27,N
23.71023,86.45091,306.45,0.39,0.36,2026-09-03,2002,N20,nominal,2.0NRT,290.01,1.04,N
23.71121,86.424,305.78,0.39,0.36,2026-09-03,2002,N20,nominal,2.0NRT,289.23,1.27,N
23.68547,86.39327,327.45,0.39,0.36,2026-09-03,2002,N20,nominal,2.0NRT,290.2,4.04,N
23.68607,86.38953,306.72,0.39,0.36,2026-09-03,2002,N20,nominal,2.0NRT,288.99,2.12,N
23.82467,85.49529,302.86,0.38,0.36,2026-09-03,2002,N20,nominal,2.0NRT,285.02,0.92,N
23.82409,85.49904,302.51,0.38,0.36,2026-09-03,2002,N20,nominal,2.0NRT,284.53,0.92,N
23.67887,86.39201,304.49,0.39,0.36,2026-09-03,2002,N20,nominal,2.0NRT,286.75,0.87,N
23.67827,86.39577,306.12,0.39,0.36,2026-09-03,2002,N20,nominal,2.0NRT,284.6,0.87,N
23.67766,86.39953,312.42,0.39,0.36,2026-09-03,2002,N20,nominal,2.0NRT,287.22,1.25,N
23.61443,86.78787,309.85,0.39,0.36,2026-09-03,2002,N20,nominal,2.0NRT,290.27,1.32,N
23.6138,86.7917,311.92,0.39,0.36,2026-09-03,2002,N20,nominal,2.0NRT,290.77,1.37,N
23.67437,86.3989,303.78,0.39,0.36,2026-09-03,2002,N20,nominal,2.0NRT,288.76,1.25,N
23.75844,85.8522,310.78,0.38,0.36,2026-09-03,2002,N20,nominal,2.0NRT,286.15,0.89,N
23.75785,85.85593,305.14,0.38,0.36,2026-09-03,2002,N20,nominal,2.0NRT,286.38,0.89,N
23.75515,85.85158,308.36,0.38,0.36,2026-09-03,2002,N20,nominal,2.0NRT,286.21,0.89,N
23.75456,85.85532,309.18,0.38,0.36,2026-09-03,2002,N20,nominal,2.0NRT,286.4,0.89,N
23.78841,85.55404,308.98,0.38,0.36,2026-09-03,2002,N20,nominal,2.0NRT,283.02,1.41,N
23.78512,85.55343,308.22,0.38,0.36,2026-09-03,2002,N20,nominal,2.0NRT,282.57,0.94,N
23.78161,85.57585,304.27,0.38,0.36,2026-09-03,2002,N20,nominal,2.0NRT,284.23,1.39,N
23.6953,86.07877,302.86,0.38,0.36,2026-09-03,2002,N20,nominal,2.0NRT,280.9,0.53,N
23.5834,86.7272,310.78,0.39,0.36,2026-09-03,2002,N20,nominal,2.0NRT,290.67,1.11,N
23.58009,86.72656,308.13,0.39,0.36,2026-09-03,2002,N20,nominal,2.0NRT,290.15,1.11,N
23.84097,84.94881,303.34,0.39,0.36,2026-09-03,2002,N20,nominal,2.0NRT,288.05,0.55,N
23.74545,85.50378,301.96,0.38,0.36,2026-09-03,2002,N20,nominal,2.0NRT,283.79,0.59,N
23.82555,84.93825,303.94,0.39,0.36,2026-09-03,2002,N20,nominal,2.0NRT,288.67,0.5,N
23.7255,85.52321,301.47,0.38,0.36,2026-09-03,2002,N20,nominal,2.0NRT,284.53,0.25,N
23.70932,85.42812,303.85,0.38,0.36,2026-09-03,2002,N20,nominal,2.0NRT,288.25,0.45,N
23.71049,85.2896,302.26,0.39,0.36,2026-09-03,2002,N20,nominal,2.0NRT,286.67,0.48,N
23.69829,85.36831,310.07,0.39,0.36,2026-09-03,2002,N20,nominal,2.0NRT,288.84,1.17,N
23.69674,85.35646,304.52,0.39,0.36,2026-09-03,2002,N20,nominal,2.0NRT,288.92,0.59,N
23.69442,85.37145,311.67,0.39,0.36,2026-09-03,2002,N20,nominal,2.0NRT,289.11,1.11,N
23.74007,85.00873,317.46,0.39,0.36,2026-09-03,2002,N20,nominal,2.0NRT,289.71,2.7,N
23.6973,85.28718,306.02,0.39,0.36,2026-09-03,2002,N20,nominal,2.0NRT,287.62,0.87,N
23.69672,85.29093,307.13,0.39,0.36,2026-09-03,2002,N20,nominal,2.0NRT,287.56,0.87,N
23.65641,85.50684,310.37,0.38,0.36,2026-09-03,2002,N20,nominal,2.0NRT,287.69,0.98,N
23.71965,85.0089,304.95,0.39,0.36,2026-09-03,2002,N20,nominal,2.0NRT,285.67,0.69,N
23.65043,85.43652,320.82,0.38,0.36,2026-09-03,2002,N20,nominal,2.0NRT,287.97,1.64,N
23.64655,85.43964,323.37,0.38,0.36,2026-09-03,2002,N20,nominal,2.0NRT,287.38,2.11,N
23.64714,85.43591,312.95,0.38,0.36,2026-09-03,2002,N20,nominal,2.0NRT,287.65,1.38,N
23.60976,85.67492,309.37,0.38,0.36,2026-09-03,2002,N20,nominal,2.0NRT,289.81,0.81,N
23.66732,84.99632,303.53,0.39,0.36,2026-09-03,2002,N20,nominal,2.0NRT,287.06,0.92,N
23.66344,84.99948,306.55,0.39,0.36,2026-09-03,2002,N20,nominal,2.0NRT,287.33,0.92,N
17.96308,83.15963,306.04,0.39,0.37,2026-09-03,2004,N20,nominal,2.0NRT,290.97,1.55,N
17.69188,83.24426,318.58,0.39,0.36,2026-09-03,2004,N20,nominal,2.0NRT,292.24,1.77,N
17.60983,83.20471,326.65,0.39,0.36,2026-09-03,2004,N20,nominal,2.0NRT,293.72,2.31,N
17.60705,83.20048,314.98,0.39,0.36,2026-09-03,2004,N20,nominal,2.0NRT,292.67,2.31,N
17.60372,83.19993,309.65,0.39,0.36,2026-09-03,2004,N20,nominal,2.0NRT,292.61,1.9,N
17.59818,83.19147,307.48,0.39,0.36,2026-09-03,2004,N20,nominal,2.0NRT,292.02,1.29,N
17.35811,76.87943,303.69,0.54,0.5,2026-09-03,2004,N20,nominal,2.0NRT,284.78,1.05,N
16.87099,80.02061,306.16,0.51,0.41,2026-09-03,2004,N20,nominal,2.0NRT,289.8,2.28,N
15.2287,76.76014,318.43,0.51,0.49,2026-09-03,2006,N20,nominal,2.0NRT,288.89,1.69,N
15.22415,76.75953,308.39,0.51,0.49,2026-09-03,2006,N20,nominal,2.0NRT,288.75,1.9,N
15.17711,77.10126,300.53,0.48,0.48,2026-09-03,2006,N20,nominal,2.0NRT,273.71,0.93,N
15.02509,78.01545,308.47,0.42,0.45,2026-09-03,2006,N20,nominal,2.0NRT,282.53,1.15,N
15.02147,78.0108,299.92,0.42,0.45,2026-09-03,2006,N20,nominal,2.0NRT,279.86,1.15,N
15.17367,76.78399,303.2,0.51,0.49,2026-09-03,2006,N20,nominal,2.0NRT,288.63,1.27,N
15.18437,76.66389,316.88,0.52,0.5,2026-09-03,2006,N20,nominal,2.0NRT,282.7,4.2,N
15.18376,76.66869,317.37,0.52,0.5,2026-09-03,2006,N20,nominal,2.0NRT,285.48,3.3,N
15.18315,76.67349,309.9,0.52,0.5,2026-09-03,2006,N20,nominal,2.0NRT,286.21,3.3,N
15.18254,76.67829,306.64,0.52,0.5,2026-09-03,2006,N20,nominal,2.0NRT,286.46,2.6,N
15.17644,76.6531,311.26,0.52,0.5,2026-09-03,2006,N20,nominal,2.0NRT,279.38,2.15,N
15.17583,76.65791,312.3,0.52,0.5,2026-09-03,2006,N20,nominal,2.0NRT,284.12,3.54,N
15.13724,76.70645,303.86,0.51,0.5,2026-09-03,2006,N20,nominal,2.0NRT,287.7,0.62,N
15.06992,76.86325,298.07,0.5,0.49,2026-09-03,2006,N20,nominal,2.0NRT,280.71,1.13,N
13.412,78.25958,303.36,0.39,0.44,2026-09-03,2006,N20,nominal,2.0NRT,288.87,0.43,N
39.86056,98.25264,309.94,0.45,0.47,2026-09-03,1957,N20,nominal,2.0NRT,288.96,1.98,N
39.84246,98.27299,306.55,0.45,0.47,2026-09-03,1957,N20,nominal,2.0NRT,286.75,0.81,N
39.81072,98.29372,301.58,0.45,0.47,2026-09-03,1957,N20,nominal,2.0NRT,288.83,2.27,N
39.80955,98.29884,303.19,0.45,0.47,2026-09-03,1957,N20,nominal,2.0NRT,289.75,1.85,N
39.79142,97.8887,301.88,0.43,0.46,2026-09-03,1957,N20,nominal,2.0NRT,287.06,1.89,N
31.43401,56.49171,302.83,0.4,0.44,2026-09-03,2142,N20,nominal,2.0NRT,289.78,1.1,N
30.97207,56.45032,300.45,0.4,0.44,2026-09-03,2142,N20,nominal,2.0NRT,288.02,1.39,N
30.75432,56.6556,308.55,0.39,0.44,2026-09-03,2142,N20,nominal,2.0NRT,292.48,2.04,N
30.66473,56.62124,308.2,0.39,0.44,2026-09-03,2142,N20,nominal,2.0NRT,290.74,1.45,N
30.66744,56.619,306.61,0.39,0.44,2026-09-03,2142,N20,nominal,2.0NRT,290.06,1.45,N
28.42469,69.70127,308.89,0.53,0.5,2026-09-03,2142,N20,nominal,2.0NRT,295.49,1.58,N
30.36827,56.12834,301.32,0.41,0.45,2026-09-03,2142,N20,nominal,2.0NRT,288.42,1.58,N
30.32245,55.97394,303.34,0.41,0.45,2026-09-03,2142,N20,nominal,2.0NRT,283.1,1.58,N
29.4758,60.8074,308.11,0.39,0.36,2026-09-03,2142,N20,nominal,2.0NRT,291.24,1.11,N
30.08355,55.39678,301.26,0.44,0.46,2026-09-03,2142,N20,nominal,2.0NRT,290.93,2.26,N
29.92868,56.73255,322.44,0.56,0.43,2026-09-03,2142,N20,nominal,2.0NRT,292.77,4.14,N
29.99534,55.85036,310.38,0.42,0.45,2026-09-03,2142,N20,nominal,2.0NRT,285.75,1.64,N
29.99121,55.84973,314.42,0.42,0.45,2026-09-03,2142,N20,nominal,2.0NRT,286.34,1.64,N
29.99075,55.85382,299.51,0.42,0.45,2026-09-03,2142,N20,nominal,2.0NRT,288.33,1.64,N
29.9972,55.19676,304.99,0.46,0.47,2026-09-03,2142,N20,nominal,2.0NRT,290.22,1.14,N
29.51322,55.79777,304.93,0.42,0.45,2026-09-03,2142,N20,nominal,2.0NRT,290.44,0.71,N
25.94266,72.1937,315.55,0.43,0.62,2026-09-03,2142,N20,nominal,2.0NRT,292.06,1.66,N
25.94423,72.19559,310.82,0.43,0.62,2026-09-03,2142,N20,nominal,2.0NRT,292.21,1.92,N
27.0899,59.07608,313.14,0.42,0.37,2026-09-03,2144,N20,nominal,2.0NRT,298.65,6.45,N
27.42126,56.50323,310.72,0.54,0.42,2026-09-03,2144,N20,nominal,2.0NRT,297.48,3.36,N
27.1677,56.09889,310.51,0.56,0.43,2026-09-03,2144,N20,nominal,2.0NRT,298.78,4.85,N
27.16928,56.05298,315.62,0.56,0.43,2026-09-03,2144,N20,nominal,2.0NRT,298.99,4.66,N
27.15981,56.09766,313.84,0.56,0.43,2026-09-03,2144,N20,nominal,2.0NRT,298.96,5.28,N
27.15912,56.10332,315.36,0.56,0.43,2026-09-03,2144,N20,nominal,2.0NRT,298.67,4.99,N
27.14593,56.11274,309.84,0.56,0.43,2026-09-03,2144,N20,nominal,2.0NRT,298.15,2.69,N
26.95755,55.54313,313.72,0.4,0.44,2026-09-03,2144,N20,nominal,2.0NRT,300.21,2.79,N
25.96746,56.06568,314.75,0.55,0.42,2026-09-03,2144,N20,nominal,2.0NRT,303.04,4.51,N
25.90484,54.5317,316.31,0.44,0.46,2026-09-03,2144,N20,nominal,2.0NRT,299.81,0.65,N
23.49735,68.57843,305.16,0.57,0.52,2026-09-03,2144,N20,nominal,2.0NRT,292.28,1.13,N
25.50131,54.30597,322.77,0.45,0.47,2026-09-03,2144,N20,nominal,2.0NRT,300.47,1.74,N
24.50749,56.60583,334.53,0.49,0.4,2026-09-03,2144,N20,nominal,2.0NRT,299.37,5.89,N
24.50377,56.60525,316.34,0.49,0.4,2026-09-03,2144,N20,nominal,2.0NRT,300.03,4.27,N
24.45371,56.55296,309.81,0.49,0.41,2026-09-03,2144,N20,nominal,2.0NRT,298.35,1.17,N
24.51024,54.01713,334.23,0.46,0.47,2026-09-03,2144,N20,nominal,2.0NRT,298.7,3.17,N
21.1702,72.67035,302.88,0.58,0.7,2026-09-03,2144,N20,nominal,2.0NRT,287.41,2.07,N
21.16396,72.66865,320.12,0.58,0.7,2026-09-03,2144,N20,nominal,2.0NRT,287.33,2.07,N
21.11042,72.64252,302.58,0.58,0.7,2026-09-03,2144,N20,nominal,2.0NRT,286.94,1.64,N
21.1091,72.64794,303.32,0.58,0.7,2026-09-03,2144,N20,nominal,2.0NRT,287.57,1.64,N
21.10634,72.64722,303.47,0.58,0.7,2026-09-03,2144,N20,nominal,2.0NRT,287.36,1.48,N
21.10505,72.65266,303.05,0.58,0.7,2026-09-03,2144,N20,nominal,2.0NRT,287.14,1.48,N
24.3283,54.46888,313.95,0.43,0.46,2026-09-03,2144,N20,nominal,2.0NRT,298.29,1.73,N
24.3241,54.46829,316.03,0.43,0.46,2026-09-03,2144,N20,nominal,2.0NRT,299.85,2.15,N
24.01764,55.48068,295.41,0.56,0.43,2026-09-03,2144,N20,nominal,2.0NRT,285.09,3.96,N
23.55347,58.20027,313.48,0.42,0.37,2026-09-03,2144,N20,nominal,2.0NRT,299.29,0.87,N
23.48585,58.28006,316.65,0.41,0.37,2026-09-03,2144,N20,nominal,2.0NRT,299.81,1.16,N
20.36032,72.94863,300.96,0.63,0.72,2026-09-03,2144,N20,nominal,2.0NRT,283.78,1.27,N
23.19148,55.4541,317.04,0.55,0.42,2026-09-03,2144,N20,nominal,2.0NRT,294.97,4.84,N
23.19081,55.45943,319.86,0.55,0.42,2026-09-03,2144,N20,nominal,2.0NRT,296.35,5.8,N
23.31483,54.1759,307.59,0.43,0.46,2026-09-03,2144,N20,nominal,2.0NRT,294.95,1.56,N
23.31061,54.17531,332.8,0.43,0.46,2026-09-03,2144,N20,nominal,2.0NRT,295.38,6.56,N
23.3101,54.17954,335.93,0.43,0.46,2026-09-03,2144,N20,nominal,2.0NRT,296.74,6.56,N
22.87754,55.92564,330.65,0.51,0.41,2026-09-03,2144,N20,nominal,2.0NRT,297.91,3.05,N
22.78465,55.81265,309.33,0.52,0.41,2026-09-03,2144,N20,nominal,2.0NRT,296.4,0.9,N
22.48257,56.94379,311.11,0.45,0.39,2026-09-03,2144,N20,nominal,2.0NRT,281.59,1.12,N
22.40843,56.98742,321.68,0.45,0.39,2026-09-03,2144,N20,nominal,2.0NRT,294.15,3.78,N
22.44486,56.69928,308.67,0.46,0.39,2026-09-03,2144,N20,nominal,2.0NRT,293.52,2.83,N
22.44125,56.69869,330.63,0.46,0.39,2026-09-03,2144,N20,nominal,2.0NRT,293.93,2.83,N
22.32848,56.48802,331.47,0.47,0.4,2026-09-03,2144,N20,nominal,2.0NRT,291.97,3,N
22.61134,54.06029,308.81,0.43,0.46,2026-09-03,2144,N20,nominal,2.0NRT,297.49,1.6,N
22.60616,54.06792,311.63,0.43,0.46,2026-09-03,2144,N20,nominal,2.0NRT,298.08,1.74,N
22.52666,54.05003,309.7,0.43,0.46,2026-09-03,2144,N20,nominal,2.0NRT,298.53,0.99,N
21.93801,57.07272,333.56,0.44,0.39,2026-09-03,2144,N20,nominal,2.0NRT,292.78,4.58,N
21.89047,56.84609,324.06,0.45,0.39,2026-09-03,2144,N20,nominal,2.0NRT,295.43,1.92,N
21.83665,56.68042,311.57,0.46,0.39,2026-09-03,2144,N20,nominal,2.0NRT,295.86,0.7,N
21.83306,56.67986,312.88,0.46,0.39,2026-09-03,2144,N20,nominal,2.0NRT,295.75,1.28,N
21.68014,56.61843,314.75,0.46,0.39,2026-09-03,2144,N20,nominal,2.0NRT,295.38,0.69,N
21.33422,57.72462,315.25,0.41,0.37,2026-09-03,2144,N20,nominal,2.0NRT,295.45,0.87,N
21.32054,57.72234,315.9,0.41,0.37,2026-09-03,2144,N20,nominal,2.0NRT,295.61,1.44,N
21.31421,57.74165,323.75,0.41,0.37,2026-09-03,2144,N20,nominal,2.0NRT,295.23,1.74,N
21.31363,57.74561,331.31,0.41,0.37,2026-09-03,2144,N20,nominal,2.0NRT,295.45,3.71,N
21.30268,57.79651,308.59,0.41,0.37,2026-09-03,2144,N20,nominal,2.0NRT,295.11,0.63,N
21.30518,57.70754,313.43,0.42,0.37,2026-09-03,2144,N20,nominal,2.0NRT,295.1,0.92,N
21.29838,57.68195,312.7,0.42,0.37,2026-09-03,2144,N20,nominal,2.0NRT,295.1,0.75,N
21.33334,56.69946,330.21,0.45,0.39,2026-09-03,2144,N20,nominal,2.0NRT,300.76,7.27,N
21.33394,56.69511,311.27,0.45,0.39,2026-09-03,2144,N20,nominal,2.0NRT,295.61,3.84,N
21.40986,55.74413,311.99,0.5,0.41,2026-09-03,2144,N20,nominal,2.0NRT,293.26,2.11,N
21.40919,55.74161,308.33,0.5,0.41,2026-09-03,2144,N20,nominal,2.0NRT,291.36,2.07,N
20.98745,56.77228,306.48,0.45,0.39,2026-09-03,2144,N20,nominal,2.0NRT,294.92,0.63,N
20.55965,56.41999,311.83,0.46,0.39,2026-09-03,2146,N20,nominal,2.0NRT,294.69,0.97,N
20.37617,55.9325,329.57,0.48,0.4,2026-09-03,2146,N20,nominal,2.0NRT,296.18,4.5,N
20.39015,55.66427,323.04,0.49,0.41,2026-09-03,2146,N20,nominal,2.0NRT,295.33,1.51,N
20.39079,55.65953,304.55,0.49,0.41,2026-09-03,2146,N20,nominal,2.0NRT,294.47,1.51,N
20.38463,55.64891,312,0.49,0.41,2026-09-03,2146,N20,nominal,2.0NRT,295.32,1.28,N
20.22626,55.74164,325.47,0.49,0.4,2026-09-03,2146,N20,nominal,2.0NRT,295.79,1.46,N
20.21268,55.71357,314.8,0.49,0.4,2026-09-03,2146,N20,nominal,2.0NRT,295.16,1.18,N
18.32443,55.10349,329.27,0.5,0.41,2026-09-03,2146,N20,nominal,2.0NRT,293.73,2.6,N
18.01438,54.57025,332.19,0.53,0.42,2026-09-03,2146,N20,nominal,2.0NRT,300.42,13.28,N
18.01372,54.57524,308.53,0.53,0.42,2026-09-03,2146,N20,nominal,2.0NRT,297.16,4.72,N
39.8551,66.19914,306.44,0.39,0.36,2026-09-03,2140,N20,nominal,2.0NRT,286.39,1.47,N
39.90117,63.05959,296.68,0.4,0.37,2026-09-03,2140,N20,nominal,2.0NRT,285.29,0.56,N
39.80844,63.04476,328.25,0.4,0.37,2026-09-03,2140,N20,nominal,2.0NRT,286.78,2.84,N
39.97849,61.68165,296.58,0.44,0.38,2026-09-03,2140,N20,nominal,2.0NRT,284.7,0.26,N
39.50057,64.69516,306.86,0.38,0.36,2026-09-03,2140,N20,nominal,2.0NRT,286.18,0.75,N
39.18814,65.28666,301.33,0.38,0.36,2026-09-03,2140,N20,nominal,2.0NRT,289.75,0.8,N
39.18387,65.31305,297.8,0.39,0.36,2026-09-03,2140,N20,nominal,2.0NRT,282.92,0.66,N
39.97406,58.93753,326.97,0.57,0.43,2026-09-03,2140,N20,nominal,2.0NRT,285.98,3.61,N
39.97178,58.93651,322.62,0.57,0.43,2026-09-03,2140,N20,nominal,2.0NRT,285.51,2.92,N
39.43289,62.99583,314.89,0.4,0.37,2026-09-03,2140,N20,nominal,2.0NRT,285.09,1.11,N
39.30669,62.97359,299.04,0.4,0.37,2026-09-03,2140,N20,nominal,2.0NRT,286.18,0.67,N
39.27766,63.08108,300.07,0.4,0.37,2026-09-03,2140,N20,nominal,2.0NRT,284.87,0.82,N
39.25143,63.21693,300.21,0.4,0.37,2026-09-03,2140,N20,nominal,2.0NRT,286.72,0.36,N
39.24874,63.21156,316.33,0.4,0.37,2026-09-03,2140,N20,nominal,2.0NRT,287.41,1.82,N
39.25062,63.1742,302.87,0.4,0.37,2026-09-03,2140,N20,nominal,2.0NRT,287.05,0.79,N
39.20593,63.2561,298.33,0.4,0.37,2026-09-03,2140,N20,nominal,2.0NRT,286.13,0.37,N
39.18544,63.3499,301.04,0.39,0.37,2026-09-03,2140,N20,nominal,2.0NRT,285.16,0.49,N
39.18145,63.35364,299.95,0.39,0.37,2026-09-03,2140,N20,nominal,2.0NRT,285.47,0.38,N
39.17813,63.35284,301.35,0.39,0.37,2026-09-03,2140,N20,nominal,2.0NRT,285.22,0.38,N
39.19584,63.2066,298.2,0.4,0.37,2026-09-03,2140,N20,nominal,2.0NRT,285.09,0.41,N
39.18664,63.27034,297.56,0.4,0.37,2026-09-03,2140,N20,nominal,2.0NRT,284.34,0.53,N
39.15767,63.46957,307.9,0.39,0.36,2026-09-03,2140,N20,nominal,2.0NRT,286.44,0.75,N
39.17266,63.27171,304.34,0.4,0.37,2026-09-03,2140,N20,nominal,2.0NRT,285.89,0.49,N
39.17654,63.22087,303.68,0.4,0.37,2026-09-03,2140,N20,nominal,2.0NRT,286.14,0.8,N
39.16797,63.25648,308.26,0.4,0.37,2026-09-03,2140,N20,nominal,2.0NRT,287.17,0.89,N
39.16399,63.26023,300.43,0.4,0.37,2026-09-03,2140,N20,nominal,2.0NRT,286.11,0.89,N
39.15547,63.31928,308.77,0.39,0.37,2026-09-03,2140,N20,nominal,2.0NRT,286.79,1.05,N
39.12782,63.46238,297.38,0.39,0.36,2026-09-03,2140,N20,nominal,2.0NRT,284.87,0.32,N
39.13107,63.41645,299.27,0.39,0.36,2026-09-03,2140,N20,nominal,2.0NRT,284.89,0.69,N
39.13041,63.42097,303.36,0.39,0.36,2026-09-03,2140,N20,nominal,2.0NRT,286.72,0.69,N
39.12951,63.30839,300.2,0.4,0.37,2026-09-03,2140,N20,nominal,2.0NRT,284.77,0.37,N
39.11708,63.3944,298.17,0.39,0.36,2026-09-03,2140,N20,nominal,2.0NRT,284.81,0.34,N
39.11562,63.33319,312.7,0.39,0.37,2026-09-03,2140,N20,nominal,2.0NRT,284.86,1.08,N
39.11496,63.33772,300.93,0.39,0.37,2026-09-03,2140,N20,nominal,2.0NRT,287.46,1.11,N
39.05768,63.55018,301.89,0.39,0.36,2026-09-03,2140,N20,nominal,2.0NRT,285.77,0.85,N
38.94265,64.13455,296.16,0.39,0.36,2026-09-03,2140,N20,nominal,2.0NRT,285.96,0.29,N
38.98688,63.58872,297.57,0.39,0.36,2026-09-03,2140,N20,nominal,2.0NRT,286.36,0.23,N
38.97299,63.58998,301.81,0.39,0.36,2026-09-03,2140,N20,nominal,2.0NRT,286.47,0.49,N
38.96838,63.62127,302.69,0.39,0.36,2026-09-03,2140,N20,nominal,2.0NRT,285.88,0.7,N
38.93868,63.82165,300.36,0.39,0.36,2026-09-03,2140,N20,nominal,2.0NRT,286.33,0.72,N
38.97348,63.46946,306.35,0.39,0.36,2026-09-03,2140,N20,nominal,2.0NRT,287.86,1.11,N
38.90912,63.79316,302.56,0.39,0.36,2026-09-03,2140,N20,nominal,2.0NRT,284.66,0.62,N
38.87814,63.77178,296.56,0.39,0.36,2026-09-03,2140,N20,nominal,2.0NRT,285.02,0.32,N
38.87416,63.79839,302.48,0.39,0.36,2026-09-03,2140,N20,nominal,2.0NRT,285.4,0.53,N
38.84178,63.87766,296.29,0.39,0.36,2026-09-03,2140,N20,nominal,2.0NRT,284.93,0.38,N
38.7851,63.91628,300.45,0.39,0.36,2026-09-03,2140,N20,nominal,2.0NRT,285.02,0.58,N
38.65252,63.98122,303.73,0.39,0.36,2026-09-03,2140,N20,nominal,2.0NRT,287.26,0.53,N
39.68608,54.29973,303.45,0.32,0.55,2026-09-03,2140,N20,nominal,2.0NRT,290.96,0.81,N
38.0519,67.26297,329.78,0.42,0.38,2026-09-03,2140,N20,nominal,2.0NRT,291.86,7.19,N
38.05102,67.26772,309.46,0.42,0.38,2026-09-03,2140,N20,nominal,2.0NRT,290.15,7.19,N
39.51234,54.32751,308.32,0.32,0.55,2026-09-03,2140,N20,nominal,2.0NRT,292.51,0.6,N
39.50858,54.32731,308.07,0.32,0.55,2026-09-03,2140,N20,nominal,2.0NRT,291.81,0.57,N
38.06401,65.0964,298.54,0.39,0.36,2026-09-03,2140,N20,nominal,2.0NRT,282.67,0.92,N
37.99632,65.00798,297.9,0.39,0.36,2026-09-03,2140,N20,nominal,2.0NRT,287.5,0.37,N
37.96582,65.00655,314.11,0.39,0.36,2026-09-03,2140,N20,nominal,2.0NRT,289.58,1.49,N
37.90485,65.10815,313.1,0.39,0.36,2026-09-03,2140,N20,nominal,2.0NRT,288.9,1.29,N
37.88803,65.08569,309.03,0.39,0.36,2026-09-03,2140,N20,nominal,2.0NRT,287.31,0.53,N
37.83229,65.17514,302.04,0.39,0.36,2026-09-03,2140,N20,nominal,2.0NRT,282.66,0.29,N
37.82862,65.17645,299.68,0.39,0.36,2026-09-03,2140,N20,nominal,2.0NRT,281.45,0.33,N
37.82605,65.17126,308.59,0.39,0.36,2026-09-03,2140,N20,nominal,2.0NRT,286.83,1.43,N
37.78866,65.35633,301.6,0.39,0.36,2026-09-03,2140,N20,nominal,2.0NRT,281.91,0.96,N
37.76577,65.4321,301.75,0.39,0.36,2026-09-03,2140,N20,nominal,2.0NRT,284.05,0.48,N
37.8021,65.19212,297.66,0.39,0.36,2026-09-03,2140,N20,nominal,2.0NRT,280.45,0.89,N
37.67397,65.26462,300.32,0.39,0.36,2026-09-03,2140,N20,nominal,2.0NRT,285.5,1.09,N
37.66381,65.28459,308.96,0.39,0.36,2026-09-03,2140,N20,nominal,2.0NRT,287.14,1.06,N
38.85535,54.22888,304.61,0.32,0.55,2026-09-03,2140,N20,nominal,2.0NRT,288.27,0.5,N
38.85509,54.23264,300.75,0.32,0.55,2026-09-03,2140,N20,nominal,2.0NRT,289.2,0.5,N
37.96207,62.66655,302.89,0.4,0.37,2026-09-03,2140,N20,nominal,2.0NRT,288.2,0.83,N
37.99123,61.88166,306.85,0.42,0.37,2026-09-03,2140,N20,nominal,2.0NRT,288.13,1.11,N
38.68285,54.3168,316.28,0.63,0.54,2026-09-03,2140,N20,nominal,2.0NRT,290.49,1.44,N
37.90695,61.98429,295.62,0.41,0.37,2026-09-03,2140,N20,nominal,2.0NRT,284.35,0.42,N
37.88762,62.02337,316.27,0.41,0.37,2026-09-03,2140,N20,nominal,2.0NRT,287.54,1.58,N
37.79712,62.55227,324.68,0.4,0.37,2026-09-03,2140,N20,nominal,2.0NRT,290.68,1.53,N
37.79776,62.54775,299.81,0.4,0.37,2026-09-03,2140,N20,nominal,2.0NRT,285.59,1.53,N
37.79613,62.54933,309.39,0.4,0.37,2026-09-03,2140,N20,nominal,2.0NRT,285.72,1.45,N
37.79071,62.53878,303.53,0.4,0.37,2026-09-03,2140,N20,nominal,2.0NRT,286.37,1.25,N
37.78736,62.53802,316.9,0.4,0.37,2026-09-03,2140,N20,nominal,2.0NRT,287.81,1.25,N
37.7853,62.52822,309,0.4,0.37,2026-09-03,2140,N20,nominal,2.0NRT,285.87,0.74,N
38.65034,54.28148,342.62,0.32,0.54,2026-09-03,2140,N20,nominal,2.0NRT,292.6,2.59,N
38.25633,58.3894,305.22,0.38,0.43,2026-09-03,2140,N20,nominal,2.0NRT,290.68,1.66,N
37.8461,61.60344,297.42,0.42,0.38,2026-09-03,2140,N20,nominal,2.0NRT,287.19,0.51,N
37.77883,62.10228,300.76,0.41,0.37,2026-09-03,2140,N20,nominal,2.0NRT,287.57,0.56,N
37.77816,62.03045,305.16,0.41,0.37,2026-09-03,2140,N20,nominal,2.0NRT,286.67,0.81,N
37.74666,62.13191,302.91,0.41,0.37,2026-09-03,2140,N20,nominal,2.0NRT,285.57,0.7,N
37.74327,62.13116,299.98,0.41,0.37,2026-09-03,2140,N20,nominal,2.0NRT,286.63,0.7,N
37.74082,62.07349,300.24,0.41,0.37,2026-09-03,2140,N20,nominal,2.0NRT,285.16,0.57,N
37.72744,62.09436,324.29,0.41,0.37,2026-09-03,2140,N20,nominal,2.0NRT,287.75,2.69,N
38.2238,57.98625,300.09,0.4,0.44,2026-09-03,2140,N20,nominal,2.0NRT,285.72,0.51,N
38.25227,57.66381,307.64,0.42,0.45,2026-09-03,2140,N20,nominal,2.0NRT,291.43,0.98,N
38.21926,57.99017,306.82,0.4,0.44,2026-09-03,2140,N20,nominal,2.0NRT,287.53,0.87,N
37.74992,61.85467,306.48,0.42,0.37,2026-09-03,2140,N20,nominal,2.0NRT,286.34,1.01,N
38.19536,58.10202,303.73,0.4,0.44,2026-09-03,2140,N20,nominal,2.0NRT,285.74,0.38,N
37.79453,61.4976,311.99,0.43,0.38,2026-09-03,2140,N20,nominal,2.0NRT,289.42,0.86,N
37.74778,61.84454,298.52,0.42,0.37,2026-09-03,2140,N20,nominal,2.0NRT,287.4,0.61,N
38.19236,58.05087,304.04,0.4,0.44,2026-09-03,2140,N20,nominal,2.0NRT,287.06,1.34,N
37.67248,62.23871,300.85,0.41,0.37,2026-09-03,2140,N20,nominal,2.0NRT,284.47,0.29,N
37.66911,62.23797,312.19,0.41,0.37,2026-09-03,2140,N20,nominal,2.0NRT,286.19,1.47,N
37.66172,62.24105,313.05,0.41,0.37,2026-09-03,2140,N20,nominal,2.0NRT,287.66,0.96,N
37.6577,62.24489,304.67,0.41,0.37,2026-09-03,2140,N20,nominal,2.0NRT,285.84,0.96,N
37.65096,62.24339,295.29,0.41,0.37,2026-09-03,2140,N20,nominal,2.0NRT,284.53,0.22,N
37.68276,61.88354,297.57,0.41,0.37,2026-09-03,2140,N20,nominal,2.0NRT,285.88,0.49,N
37.63914,62.203,306.36,0.41,0.37,2026-09-03,2140,N20,nominal,2.0NRT,284.9,0.71,N
37.63851,62.20758,300.07,0.41,0.37,2026-09-03,2140,N20,nominal,2.0NRT,286.06,0.55,N
37.67971,61.85397,296.75,0.42,0.37,2026-09-03,2140,N20,nominal,2.0NRT,285.27,0.38,N
37.62774,62.20993,299.88,0.41,0.37,2026-09-03,2140,N20,nominal,2.0NRT,287.17,0.77,N
37.62711,62.21451,311.18,0.41,0.37,2026-09-03,2140,N20,nominal,2.0NRT,288.22,1.51,N
37.62681,62.21177,310.21,0.41,0.37,2026-09-03,2140,N20,nominal,2.0NRT,288.17,1.24,N
37.62584,62.16906,315.84,0.41,0.37,2026-09-03,2140,N20,nominal,2.0NRT,288.87,1.78,N
37.65506,61.90862,319.6,0.41,0.37,2026-09-03,2140,N20,nominal,2.0NRT,290.27,1.46,N
37.62486,62.12623,306.63,0.41,0.37,2026-09-03,2140,N20,nominal,2.0NRT,287.18,1.16,N
37.61955,62.13929,335.72,0.41,0.37,2026-09-03,2140,N20,nominal,2.0NRT,290.28,3.79,N
37.63088,61.72483,302.09,0.42,0.38,2026-09-03,2140,N20,nominal,2.0NRT,287.5,0.82,N
37.61176,61.60386,325.26,0.42,0.38,2026-09-03,2140,N20,nominal,2.0NRT,289.64,2.72,N
37.61554,61.5753,313.85,0.42,0.38,2026-09-03,2140,N20,nominal,2.0NRT,288.41,1.8,N
37.61113,61.60861,316.61,0.42,0.38,2026-09-03,2140,N20,nominal,2.0NRT,289.23,2.23,N
37.60866,61.57383,305.71,0.42,0.38,2026-09-03,2140,N20,nominal,2.0NRT,287.62,0.87,N
37.55677,61.93519,302.53,0.41,0.37,2026-09-03,2140,N20,nominal,2.0NRT,287.04,0.74,N
37.55729,61.93316,306.31,0.41,0.37,2026-09-03,2140,N20,nominal,2.0NRT,287.12,0.85,N
37.57191,61.80192,300.43,0.42,0.37,2026-09-03,2140,N20,nominal,2.0NRT,288.11,0.8,N
37.59788,61.55975,323.36,0.42,0.38,2026-09-03,2140,N20,nominal,2.0NRT,288.89,1.76,N
37.59485,61.5297,309.31,0.42,0.38,2026-09-03,2140,N20,nominal,2.0NRT,288.09,1.09,N
37.59035,61.56305,315.85,0.42,0.38,2026-09-03,2140,N20,nominal,2.0NRT,288.2,1.95,N
37.5914,61.52896,310.65,0.42,0.38,2026-09-03,2140,N20,nominal,2.0NRT,286.74,1.1,N
37.59012,61.5385,297.87,0.42,0.38,2026-09-03,2140,N20,nominal,2.0NRT,286.48,0.51,N
37.94,58.56572,297.73,0.56,0.43,2026-09-03,2140,N20,nominal,2.0NRT,287,1.7,N
37.50074,61.98765,303.59,0.41,0.37,2026-09-03,2140,N20,nominal,2.0NRT,286.71,0.7,N
37.48504,61.9747,298.01,0.41,0.37,2026-09-03,2140,N20,nominal,2.0NRT,286.8,0.43,N
37.47996,62.01163,298.11,0.41,0.37,2026-09-03,2140,N20,nominal,2.0NRT,286.57,1.08,N
37.49877,61.84866,326.79,0.41,0.37,2026-09-03,2140,N20,nominal,2.0NRT,290.38,3.28,N
37.4994,61.84399,315.73,0.41,0.37,2026-09-03,2140,N20,nominal,2.0NRT,288.58,1.74,N
37.44673,62.07549,298.68,0.41,0.37,2026-09-03,2140,N20,nominal,2.0NRT,285.6,0.54,N
37.39573,62.31792,305.91,0.4,0.37,2026-09-03,2140,N20,nominal,2.0NRT,286.27,0.55,N
37.395,62.31505,308.24,0.4,0.37,2026-09-03,2140,N20,nominal,2.0NRT,287.27,0.68,N
37.6334,60.34134,305.82,0.46,0.39,2026-09-03,2140,N20,nominal,2.0NRT,287.08,1.03,N
37.51682,61.0579,299.9,0.44,0.38,2026-09-03,2140,N20,nominal,2.0NRT,286.87,0.58,N
37.8278,58.38457,302.7,0.57,0.43,2026-09-03,2140,N20,nominal,2.0NRT,286.23,1.23,N
37.51141,61.01627,311.51,0.44,0.38,2026-09-03,2140,N20,nominal,2.0NRT,289.27,1.15,N
37.50312,61.02471,311.95,0.44,0.38,2026-09-03,2140,N20,nominal,2.0NRT,288.83,1.54,N
37.40681,61.34295,302.77,0.43,0.38,2026-09-03,2140,N20,nominal,2.0NRT,286.56,0.89,N
37.4885,60.46078,302.58,0.46,0.39,2026-09-03,2140,N20,nominal,2.0NRT,285.64,0.77,N
37.34698,61.36495,314.87,0.43,0.38,2026-09-03,2140,N20,nominal,2.0NRT,287.56,1.04,N
37.32767,61.09623,312.56,0.43,0.38,2026-09-03,2140,N20,nominal,2.0NRT,287.3,1.51,N
37.11927,62.36098,328.39,0.4,0.37,2026-09-03,2140,N20,nominal,2.0NRT,289.27,4.9,N
37.11528,62.36473,308.6,0.4,0.37,2026-09-03,2140,N20,nominal,2.0NRT,288.88,1.17,N
37.35783,60.46547,295.47,0.46,0.39,2026-09-03,2140,N20,nominal,2.0NRT,285.27,0.56,N
37.45468,57.68476,300.74,0.41,0.45,2026-09-03,2140,N20,nominal,2.0NRT,287.16,0.88,N
36.75257,62.47819,296.87,0.4,0.37,2026-09-03,2140,N20,nominal,2.0NRT,285.65,0.43,N
36.4771,61.62222,301.69,0.41,0.37,2026-09-03,2140,N20,nominal,2.0NRT,287.1,1.43,N
36.58404,60.71716,314.23,0.44,0.38,2026-09-03,2140,N20,nominal,2.0NRT,286.78,0.98,N
36.57489,60.75994,328.33,0.44,0.38,2026-09-03,2140,N20,nominal,2.0NRT,290.07,3.28,N
36.56025,60.76189,327.93,0.44,0.38,2026-09-03,2140,N20,nominal,2.0NRT,288.98,2.04,N
36.564,60.73279,319.31,0.44,0.38,2026-09-03,2140,N20,nominal,2.0NRT,289.6,2.01,N
36.53518,60.8168,297.17,0.44,0.38,2026-09-03,2140,N20,nominal,2.0NRT,285.47,0.12,N
36.43762,61.22033,311.12,0.42,0.38,2026-09-03,2140,N20,nominal,2.0NRT,287.59,1.11,N
36.99154,56.22901,302.38,0.48,0.48,2026-09-03,2140,N20,nominal,2.0NRT,286.83,0.47,N
36.46558,60.85028,338.54,0.43,0.38,2026-09-03,2140,N20,nominal,2.0NRT,290.15,7.16,N
36.4621,60.84956,316.52,0.43,0.38,2026-09-03,2140,N20,nominal,2.0NRT,288.58,2.13,N
36.49738,59.3348,299.69,0.5,0.41,2026-09-03,2140,N20,nominal,2.0NRT,286.29,0.88,N
35.9469,62.91938,298.07,0.39,0.36,2026-09-03,2140,N20,nominal,2.0NRT,287.78,0.59,N
35.89132,63.01688,296.62,0.39,0.36,2026-09-03,2140,N20,nominal,2.0NRT,286.51,0.43,N
36.27101,59.6497,305.79,0.48,0.4,2026-09-03,2140,N20,nominal,2.0NRT,288.33,0.85,N
36.23889,59.73034,302.67,0.48,0.4,2026-09-03,2140,N20,nominal,2.0NRT,286.77,1.38,N
36.29904,54.78418,300.15,0.57,0.52,2026-09-03,2140,N20,nominal,2.0NRT,288.03,1.02,N
35.36866,59.30432,301.2,0.49,0.4,2026-09-03,2140,N20,nominal,2.0NRT,286.24,1.15,N
33.29866,71.1848,308.47,0.51,0.49,2026-09-03,2140,N20,nominal,2.0NRT,290.62,1,N
32.72236,72.92319,303.06,0.33,0.55,2026-09-03,2140,N20,nominal,2.0NRT,290.92,0.9,N
32.64611,72.97604,305,0.33,0.55,2026-09-03,2140,N20,nominal,2.0NRT,291.71,1.06,N
32.88735,71.617,307.21,0.55,0.51,2026-09-03,2140,N20,nominal,2.0NRT,292.08,3.17,N
34.01476,59.79715,297.65,0.45,0.39,2026-09-03,2142,N20,nominal,2.0NRT,286.29,0.28,N
33.75507,59.14791,303.38,0.47,0.4,2026-09-03,2142,N20,nominal,2.0NRT,281.64,1.53,N
33.62941,59.17059,300,0.47,0.4,2026-09-03,2142,N20,nominal,2.0NRT,286.97,0.93,N
29.47733,76.8575,334.66,0.66,0.73,2026-09-03,2142,N20,nominal,2.0NRT,288.13,5.4,N
29.47375,76.85448,316.52,0.66,0.73,2026-09-03,2142,N20,nominal,2.0NRT,287.5,3.16,N
29.47193,76.86103,313.99,0.66,0.73,2026-09-03,2142,N20,nominal,2.0NRT,287.4,3.16,N
29.90804,74.94972,304.42,0.5,0.66,2026-09-03,2142,N20,nominal,2.0NRT,290.39,0.96,N
33.04111,56.84919,304.51,0.4,0.44,2026-09-03,2142,N20,nominal,2.0NRT,293.42,0.92,N
39.51163,54.3293,301.2,0.5,0.66,2026-09-03,2320,N20,nominal,2.0NRT,291.19,0.74,N
38.85548,54.23004,308.14,0.52,0.67,2026-09-03,2320,N20,nominal,2.0NRT,286.96,0.73,N
38.85328,54.23287,298.85,0.52,0.67,2026-09-03,2320,N20,nominal,2.0NRT,287.42,0.79,N
38.68331,54.31315,312.9,0.53,0.67,2026-09-03,2320,N20,nominal,2.0NRT,288.28,1.67,N
38.68265,54.31527,322.33,0.53,0.67,2026-09-03,2320,N20,nominal,2.0NRT,289.3,1.88,N
38.64708,54.27828,320.81,0.53,0.67,2026-09-03,2320,N20,nominal,2.0NRT,288.18,3.46,N
36.94533,54.88531,297.95,0.64,0.72,2026-09-03,2320,N20,nominal,2.0NRT,286.3,0.92,N
36.94654,54.8859,297.4,0.64,0.72,2026-09-03,2320,N20,nominal,2.0NRT,286.48,0.64,N
32.33333,54.08458,297.72,0.78,0.78,2026-09-03,2322,N20,nominal,2.0NRT,287.04,1.28,N
32.33575,54.08466,298.98,0.78,0.78,2026-09-03,2322,N20,nominal,2.0NRT,287.18,1.21,N
25.78553,101.82788,325.5,0.54,0.68,2026-09-04,0536,N20,nominal,2.0NRT,295.36,6.35,D
7.4607,81.24904,333.01,0.62,0.71,2026-09-04,0712,N20,nominal,2.0NRT,289.91,3.69,D
7.70815,81.10244,330.64,0.63,0.72,2026-09-04,0712,N20,nominal,2.0NRT,290.08,3.81,D
36.67607,101.63814,335.38,0.64,0.72,2026-09-04,0720,N20,nominal,2.0NRT,298.14,6.13,D
7.707,81.09916,334.77,0.63,0.72,2026-09-04,0712,N20,nominal,2.0NRT,289.09,4.47,D
8.01449,81.27029,338.06,0.6,0.71,2026-09-04,0712,N20,nominal,2.0NRT,291.8,8.57,D
39.84081,98.27791,334.44,0.44,0.62,2026-09-04,0720,N20,low,2.0NRT,305.89,2.84,D
8.20375,81.32036,343.82,0.6,0.7,2026-09-04,0712,N20,nominal,2.0NRT,292.64,10.19,D
8.20534,81.31903,340.42,0.59,0.7,2026-09-04,0712,N20,nominal,2.0NRT,292.37,16.61,D
8.39582,81.08801,331.14,0.61,0.71,2026-09-04,0712,N20,nominal,2.0NRT,289.84,8.45,D
8.40456,81.06378,334.76,0.61,0.71,2026-09-04,0712,N20,nominal,2.0NRT,290.03,7.44,D
8.40722,80.73176,337.36,0.65,0.73,2026-09-04,0712,N20,nominal,2.0NRT,289.44,7.11,D
8.54552,80.85181,330.25,0.63,0.72,2026-09-04,0712,N20,nominal,2.0NRT,286.27,7.65,D
8.54235,80.3744,337.36,0.68,0.74,2026-09-04,0712,N20,nominal,2.0NRT,285.99,4.67,D
8.54459,80.37231,347.07,0.68,0.74,2026-09-04,0712,N20,nominal,2.0NRT,288.58,6.86,D
14.11321,100.45365,330.88,0.64,0.54,2026-09-04,0712,N20,nominal,2.0NRT,283.76,4.94,D
14.14139,100.47578,341.61,0.32,0.54,2026-09-04,0712,N20,nominal,2.0NRT,281.28,2.94,D
14.12804,100.36867,332.51,0.63,0.54,2026-09-04,0712,N20,nominal,2.0NRT,286.92,3.07,D
14.22818,100.39562,334.27,0.63,0.54,2026-09-04,0712,N20,nominal,2.0NRT,287.49,4.13,D
14.24744,100.38738,341.36,0.63,0.54,2026-09-04,0712,N20,nominal,2.0NRT,288.61,9.62,D
14.22855,100.39407,333.58,0.63,0.54,2026-09-04,0712,N20,nominal,2.0NRT,287.54,5.13,D
14.24854,100.39164,337.14,0.63,0.54,2026-09-04,0712,N20,nominal,2.0NRT,288.72,6.13,D
14.23861,100.22234,334.64,0.62,0.54,2026-09-04,0712,N20,nominal,2.0NRT,287.99,3.93,D
14.23387,100.18244,340.74,0.61,0.54,2026-09-04,0712,N20,nominal,2.0NRT,288.67,9.69,D
14.23223,100.0854,332.7,0.6,0.53,2026-09-04,0712,N20,nominal,2.0NRT,286.1,8.63,D
14.27353,100.3886,338.95,0.63,0.54,2026-09-04,0712,N20,nominal,2.0NRT,286.88,7.3,D
14.29858,100.26164,332.16,0.62,0.54,2026-09-04,0712,N20,nominal,2.0NRT,286.09,3.15,D
14.29015,100.1929,331.52,0.61,0.54,2026-09-04,0712,N20,nominal,2.0NRT,288.43,5.68,D
14.46924,100.49561,351.69,0.32,0.55,2026-09-04,0714,N20,nominal,2.0NRT,288.33,4.52,D
14.51533,100.24303,332.13,0.62,0.54,2026-09-04,0714,N20,nominal,2.0NRT,290.03,3.61,D
14.59763,100.70712,331.48,0.34,0.56,2026-09-04,0714,N20,nominal,2.0NRT,285.68,1.42,D
14.6662,100.95998,350.95,0.35,0.57,2026-09-04,0714,N20,nominal,2.0NRT,286.73,4.72,D
14.72556,100.21227,338.33,0.62,0.54,2026-09-04,0714,N20,nominal,2.0NRT,288.81,6.5,D
15.13807,101.1674,332.31,0.37,0.58,2026-09-04,0714,N20,nominal,2.0NRT,286.18,2,D
15.10661,100.55841,331.71,0.33,0.56,2026-09-04,0714,N20,nominal,2.0NRT,289.15,1.94,D
15.15236,100.68613,347.71,0.34,0.56,2026-09-04,0714,N20,nominal,2.0NRT,288.67,3.08,D
15.1292,100.09517,336.75,0.62,0.54,2026-09-04,0714,N20,nominal,2.0NRT,289.19,5.84,D
15.18708,100.32279,349.22,0.32,0.55,2026-09-04,0714,N20,nominal,2.0NRT,289.61,3.33,D
15.18664,100.32359,346.87,0.32,0.55,2026-09-04,0714,N20,nominal,2.0NRT,288.64,4.48,D
15.26089,100.70327,330.44,0.34,0.56,2026-09-04,0714,N20,nominal,2.0NRT,288.09,1.96,D
15.22744,100.2792,341.15,0.32,0.55,2026-09-04,0714,N20,nominal,2.0NRT,289.02,4.25,D
15.22709,100.27621,350.57,0.32,0.55,2026-09-04,0714,N20,nominal,2.0NRT,288.94,4.25,D
15.23682,100.18632,340.18,0.63,0.54,2026-09-04,0714,N20,nominal,2.0NRT,289.46,14.11,D
15.35203,100.56593,367,0.34,0.56,2026-09-04,0714,N20,high,2.0NRT,290.12,5.01,D
15.35168,100.56288,339.19,0.34,0.56,2026-09-04,0714,N20,nominal,2.0NRT,289.35,5.01,D
15.42405,100.39857,337.1,0.33,0.55,2026-09-04,0714,N20,nominal,2.0NRT,289.58,2.52,D
15.45348,100.38586,334.9,0.33,0.55,2026-09-04,0714,N20,nominal,2.0NRT,290.26,5.43,D
15.45313,100.38282,343.17,0.33,0.55,2026-09-04,0714,N20,nominal,2.0NRT,290.25,4.77,D
15.71851,100.30623,334.48,0.33,0.55,2026-09-04,0714,N20,nominal,2.0NRT,289.55,2.28,D
15.73382,100.35104,331.6,0.33,0.55,2026-09-04,0714,N20,nominal,2.0NRT,289.14,1.9,D
15.83245,100.18915,367,0.32,0.55,2026-09-04,0714,N20,high,2.0NRT,292.23,9.73,D
15.87883,100.1928,346.44,0.32,0.55,2026-09-04,0714,N20,nominal,2.0NRT,291.1,4.77,D
15.96242,100.21231,339.18,0.32,0.55,2026-09-04,0714,N20,nominal,2.0NRT,290.62,2.62,D
16.00763,99.94904,339.85,0.62,0.54,2026-09-04,0714,N20,nominal,2.0NRT,288.03,7.39,D
16.0478,100.16016,330.67,0.32,0.55,2026-09-04,0714,N20,nominal,2.0NRT,289.19,2.17,D
16.04643,100.14808,330.11,0.32,0.55,2026-09-04,0714,N20,nominal,2.0NRT,290.99,4.12,D
16.07296,100.33726,335.93,0.33,0.55,2026-09-04,0714,N20,nominal,2.0NRT,290.16,2.22,D
16.07191,100.32795,334.84,0.33,0.55,2026-09-04,0714,N20,nominal,2.0NRT,290.09,2.12,D
16.04565,100.09637,330.55,0.32,0.55,2026-09-04,0714,N20,nominal,2.0NRT,290.32,3.39,D
16.05101,100.09877,345.47,0.32,0.55,2026-09-04,0714,N20,nominal,2.0NRT,290.73,5.87,D
16.05638,100.10117,331.48,0.32,0.55,2026-09-04,0714,N20,nominal,2.0NRT,288.54,5.47,D
16.08757,100.32925,344.69,0.33,0.55,2026-09-04,0714,N20,nominal,2.0NRT,290.11,3.36,D
16.06002,100.08861,333.89,0.32,0.54,2026-09-04,0714,N20,nominal,2.0NRT,289.71,1.87,D
16.0854,100.22036,338.58,0.33,0.55,2026-09-04,0714,N20,nominal,2.0NRT,290.59,3.62,D
16.06902,100.03474,333.78,0.63,0.54,2026-09-04,0714,N20,nominal,2.0NRT,288.79,6.05,D
16.09517,100.21613,337.47,0.33,0.55,2026-09-04,0714,N20,nominal,2.0NRT,290.47,5.88,D
16.10059,100.2186,331.66,0.33,0.55,2026-09-04,0714,N20,nominal,2.0NRT,288.53,2.38,D
16.13968,100.33268,330.27,0.33,0.55,2026-09-04,0714,N20,nominal,2.0NRT,289.91,3.37,D
16.11802,100.1488,334.98,0.32,0.55,2026-09-04,0714,N20,nominal,2.0NRT,290.28,2.63,D
16.14989,100.3315,333.66,0.33,0.55,2026-09-04,0714,N20,nominal,2.0NRT,290.02,2.1,D
16.15324,100.33153,336.9,0.33,0.55,2026-09-04,0714,N20,nominal,2.0NRT,289.87,2.3,D
16.15111,100.26583,330.32,0.33,0.55,2026-09-04,0714,N20,nominal,2.0NRT,289.64,1.67,D
16.1667,100.26711,333.79,0.33,0.55,2026-09-04,0714,N20,nominal,2.0NRT,290.24,5.8,D
16.1711,100.26035,334.17,0.33,0.55,2026-09-04,0714,N20,nominal,2.0NRT,290.14,3.07,D
16.17814,100.05359,330.67,0.32,0.54,2026-09-04,0714,N20,nominal,2.0NRT,290.44,2.06,D
16.2042,100.23466,351.19,0.33,0.55,2026-09-04,0714,N20,nominal,2.0NRT,290.86,4.07,D
16.23574,100.24033,346.92,0.33,0.55,2026-09-04,0714,N20,nominal,2.0NRT,288.7,2,D
16.25629,100.16132,334.72,0.32,0.55,2026-09-04,0714,N20,nominal,2.0NRT,290.11,2.34,D
16.43974,99.6751,331.27,0.61,0.53,2026-09-04,0714,N20,nominal,2.0NRT,287.27,4.18,D
16.43611,99.60104,331.12,0.6,0.53,2026-09-04,0714,N20,nominal,2.0NRT,291.06,4.56,D
16.54833,99.6031,336.62,0.6,0.53,2026-09-04,0714,N20,nominal,2.0NRT,289.92,6.86,D
16.54797,99.55754,330.43,0.6,0.53,2026-09-04,0714,N20,nominal,2.0NRT,290.78,4.29,D
17.60935,82.68137,336.49,0.32,0.55,2026-09-04,0714,N20,nominal,2.0NRT,292.41,4,D
20.88834,84.98114,329.15,0.4,0.44,2026-09-04,0716,N20,nominal,2.0NRT,289.91,2.35,D
21.74705,83.8432,333.02,0.45,0.47,2026-09-04,0716,N20,nominal,2.0NRT,290.19,7.19,D
23.69273,87.12243,331.45,0.43,0.38,2026-09-04,0716,N20,low,2.0NRT,296.84,5.66,D
25.45356,100.70755,326.88,0.46,0.63,2026-09-04,0716,N20,nominal,2.0NRT,289.46,4.38,D
23.71243,86.45306,334.05,0.46,0.39,2026-09-04,0716,N20,low,2.0NRT,295.19,6,D
26.57415,101.6709,333.59,0.54,0.68,2026-09-04,0716,N20,nominal,2.0NRT,293.69,18.15,D
26.57385,101.66634,355.36,0.54,0.68,2026-09-04,0716,N20,nominal,2.0NRT,296.37,23.72,D
26.99477,87.50374,337.89,0.4,0.37,2026-09-04,0716,N20,nominal,2.0NRT,292.42,2.81,D
28.49755,97.02412,338.75,0.58,0.52,2026-09-04,0716,N20,nominal,2.0NRT,295.59,7.47,D
28.49703,97.02219,341.2,0.58,0.52,2026-09-04,0716,N20,nominal,2.0NRT,295.59,7.02,D
6.82742,81.33201,333.12,0.63,0.72,2026-09-04,0712,N20,nominal,2.0NRT,286.83,0.98,D
6.82668,81.33308,341.49,0.63,0.72,2026-09-04,0712,N20,nominal,2.0NRT,286.42,2.93,D
6.896,81.67058,332.33,0.59,0.7,2026-09-04,0712,N20,nominal,2.0NRT,290.92,9.7,D
6.89503,81.66534,333.26,0.59,0.7,2026-09-04,0712,N20,nominal,2.0NRT,292.05,15.69,D
7.16258,81.81094,334.7,0.57,0.69,2026-09-04,0712,N20,nominal,2.0NRT,291.93,5.04,D
7.29266,81.82796,344.67,0.57,0.69,2026-09-04,0712,N20,nominal,2.0NRT,292.85,5.6,D
7.29266,81.13496,333.31,0.64,0.72,2026-09-04,0712,N20,nominal,2.0NRT,287.45,7.34,D
7.43091,81.71309,329.71,0.58,0.7,2026-09-04,0712,N20,nominal,2.0NRT,291.99,6.07,D
7.43366,81.71141,333.44,0.58,0.69,2026-09-04,0712,N20,nominal,2.0NRT,292.03,6.1,D
7.49698,81.7366,332.32,0.57,0.69,2026-09-04,0712,N20,nominal,2.0NRT,291.19,3.05,D
13.90252,78.07291,330.71,0.5,0.66,2026-09-04,0854,N20,nominal,2.0NRT,292.87,2.74,D
18.32188,55.10624,352.78,0.43,0.62,2026-09-04,0856,N20,nominal,2.0NRT,312.97,2.42,D
20.21368,55.7126,336.49,0.36,0.58,2026-09-04,0856,N20,low,2.0NRT,307.51,0.8,D
20.22537,55.7418,346.53,0.36,0.57,2026-09-04,0856,N20,nominal,2.0NRT,308.11,1.35,D
6.79195,81.54296,336.55,0.7,0.75,2026-09-04,0852,N20,nominal,2.0NRT,290.25,8.57,D
6.79202,81.54022,340.2,0.7,0.75,2026-09-04,0852,N20,nominal,2.0NRT,291.05,8.68,D
20.38843,55.66336,342.78,0.36,0.58,2026-09-04,0856,N20,nominal,2.0NRT,308.78,2.03,D
7.44237,81.24368,367,0.68,0.74,2026-09-04,0852,N20,high,2.0NRT,290.17,39.68,D
20.38556,55.6497,336.74,0.36,0.58,2026-09-04,0856,N20,low,2.0NRT,307.07,0.82,D
7.70602,81.09903,330.59,0.67,0.74,2026-09-04,0852,N20,nominal,2.0NRT,290.42,8.43,D
22.92564,70.10651,330.89,0.4,0.44,2026-09-04,0856,N20,low,2.0NRT,303.22,6.03,D
7.71155,79.86526,331.96,0.55,0.68,2026-09-04,0852,N20,nominal,2.0NRT,289.18,3.33,D
21.30311,57.8003,342.5,0.51,0.49,2026-09-04,0858,N20,nominal,2.0NRT,307.95,0.67,D
7.70872,79.86331,330.47,0.55,0.68,2026-09-04,0852,N20,nominal,2.0NRT,289.36,3.61,D
21.31136,57.74841,340.79,0.51,0.49,2026-09-04,0858,N20,nominal,2.0NRT,307.99,2.52,D
7.90929,80.56167,348.28,0.62,0.71,2026-09-04,0852,N20,nominal,2.0NRT,288.83,14.95,D
23.32104,68.85722,336.7,0.51,0.41,2026-09-04,0858,N20,nominal,2.0NRT,299.01,9.54,D
7.91409,80.55795,353.42,0.62,0.71,2026-09-04,0852,N20,nominal,2.0NRT,288.99,13.66,D
21.3315,56.69743,344.58,0.59,0.53,2026-09-04,0858,N20,nominal,2.0NRT,309.59,17.14,D
8.23217,80.60614,334.29,0.63,0.72,2026-09-04,0852,N20,nominal,2.0NRT,288.06,3.61,D
8.2301,80.60484,344.58,0.63,0.72,2026-09-04,0852,N20,nominal,2.0NRT,288.6,7.86,D
21.93634,57.07593,344.73,0.55,0.51,2026-09-04,0858,N20,nominal,2.0NRT,308.69,4.3,D
8.4311,80.50901,344.77,0.62,0.72,2026-09-04,0852,N20,nominal,2.0NRT,290.2,11.13,D
22.40441,56.98929,340.52,0.54,0.51,2026-09-04,0858,N20,nominal,2.0NRT,307.73,2.82,D
8.43013,80.51373,335.6,0.62,0.72,2026-09-04,0852,N20,nominal,2.0NRT,287.16,8.06,D
22.32771,56.49071,340.85,0.59,0.53,2026-09-04,0858,N20,nominal,2.0NRT,307.8,5.14,D
8.42943,80.50793,335.1,0.62,0.72,2026-09-04,0852,N20,nominal,2.0NRT,290.47,8.06,D
22.32777,56.48925,342.2,0.59,0.52,2026-09-04,0858,N20,nominal,2.0NRT,307.36,6.03,D
8.55636,80.87636,348.62,0.66,0.73,2026-09-04,0852,N20,nominal,2.0NRT,290.02,11.72,D
22.44117,56.70295,344.27,0.56,0.52,2026-09-04,0858,N20,nominal,2.0NRT,307.12,10.23,D
8.56839,80.39928,336.02,0.62,0.71,2026-09-04,0852,N20,nominal,2.0NRT,289.67,6.46,D
24.46648,68.4707,332.04,0.51,0.41,2026-09-04,0858,N20,nominal,2.0NRT,297.77,2.73,D
8.69493,80.86718,335.13,0.66,0.73,2026-09-04,0852,N20,nominal,2.0NRT,289.98,7.3,D
24.67282,67.68916,335.17,0.47,0.4,2026-09-04,0858,N20,nominal,2.0NRT,298.78,2.77,D
8.69732,80.86606,339,0.67,0.73,2026-09-04,0852,N20,nominal,2.0NRT,290.71,11.01,D
22.879,55.93153,344.23,0.62,0.54,2026-09-04,0858,N20,nominal,2.0NRT,309.14,3.17,D
8.42327,77.67912,342.48,0.4,0.6,2026-09-04,0852,N20,nominal,2.0NRT,292.17,3.6,D
22.87778,55.92563,349.43,0.62,0.54,2026-09-04,0858,N20,nominal,2.0NRT,310.99,6.43,D
8.53726,77.82267,367,0.41,0.61,2026-09-04,0852,N20,high,2.0NRT,296.22,5.15,D
22.87654,55.93115,345.16,0.62,0.54,2026-09-04,0858,N20,nominal,2.0NRT,309.07,4.01,D
8.53678,77.81892,339.01,0.41,0.61,2026-09-04,0852,N20,nominal,2.0NRT,295.86,5.15,D
22.87527,55.92527,344.22,0.62,0.54,2026-09-04,0858,N20,nominal,2.0NRT,310.06,4.01,D
8.73432,77.86235,336.58,0.42,0.61,2026-09-04,0852,N20,nominal,2.0NRT,294.95,1.87,D
22.87117,55.61689,347.62,0.32,0.55,2026-09-04,0858,N20,nominal,2.0NRT,309.86,1.65,D
8.83588,77.99625,330.84,0.43,0.62,2026-09-04,0852,N20,nominal,2.0NRT,295.53,2.09,D
8.84148,77.70094,352.84,0.41,0.6,2026-09-04,0852,N20,nominal,2.0NRT,300.24,8.48,D
8.84704,77.70026,350.85,0.41,0.6,2026-09-04,0852,N20,nominal,2.0NRT,299.87,10.59,D
9.40713,80.29379,340.05,0.62,0.72,2026-09-04,0852,N20,nominal,2.0NRT,288.59,5.73,D
23.1914,55.45683,349.95,0.33,0.55,2026-09-04,0858,N20,nominal,2.0NRT,310.36,4.31,D
9.45251,80.50063,331.41,0.64,0.72,2026-09-04,0852,N20,nominal,2.0NRT,281.02,4.9,D
25.80554,72.25489,332.06,0.58,0.52,2026-09-04,0858,N20,nominal,2.0NRT,299.27,2.74,D
9.227,77.50995,333.23,0.4,0.6,2026-09-04,0852,N20,nominal,2.0NRT,295.71,5.08,D
25.80458,72.25359,333.21,0.58,0.52,2026-09-04,0858,N20,nominal,2.0NRT,299.16,3.59,D
9.32813,77.77109,344.38,0.42,0.61,2026-09-04,0852,N20,nominal,2.0NRT,296.84,2.23,D
25.60187,68.655,334.98,0.53,0.42,2026-09-04,0858,N20,nominal,2.0NRT,300.64,5.99,D
25.69429,68.37287,346.32,0.52,0.41,2026-09-04,0858,N20,nominal,2.0NRT,304.52,9.16,D
9.84708,78.08351,330.17,0.45,0.63,2026-09-04,0852,N20,nominal,2.0NRT,295.5,2.27,D
26.22089,68.72581,347.03,0.55,0.42,2026-09-04,0858,N20,nominal,2.0NRT,302.44,7.33,D
26.26703,68.71362,344.71,0.55,0.42,2026-09-04,0858,N20,nominal,2.0NRT,301.56,6.71,D
24.502,56.60735,342.35,0.52,0.5,2026-09-04,0858,N20,nominal,2.0NRT,301.35,6.68,D
24.51092,54.01986,332.7,0.38,0.59,2026-09-04,0858,N20,nominal,2.0NRT,299.27,2.99,D
28.45271,68.15234,338.37,0.54,0.42,2026-09-04,0858,N20,nominal,2.0NRT,304.2,7.33,D
28.45206,68.1468,334.78,0.54,0.42,2026-09-04,0858,N20,nominal,2.0NRT,302.85,7.33,D
27.15898,56.1021,335.83,0.49,0.49,2026-09-04,0858,N20,low,2.0NRT,305.88,4.05,D
27.16747,56.05361,351.5,0.5,0.49,2026-09-04,0858,N20,nominal,2.0NRT,306.46,7.18,D
27.16547,56.05136,342.96,0.5,0.49,2026-09-04,0858,N20,nominal,2.0NRT,306.04,5.61,D
27.17091,56.05513,340.88,0.5,0.49,2026-09-04,0858,N20,nominal,2.0NRT,305.47,5.27,D
29.33545,69.01601,350.1,0.41,0.45,2026-09-04,0858,N20,nominal,2.0NRT,308.66,4.74,D
29.90779,74.95393,334.59,0.48,0.64,2026-09-04,0858,N20,nominal,2.0NRT,293.52,3.63,D
32.43343,71.37107,340.84,0.61,0.54,2026-09-04,0900,N20,nominal,2.0NRT,293.38,7.83,D
32.4346,71.36937,338.7,0.61,0.54,2026-09-04,0900,N20,nominal,2.0NRT,293.88,4.95,D
35.92723,58.84369,338.58,0.41,0.37,2026-09-04,0902,N20,nominal,2.0NRT,311.48,1.89,D
36.43842,61.21874,338.65,0.38,0.36,2026-09-04,0902,N20,low,2.0NRT,313.47,3.2,D
36.53782,60.79714,343.17,0.38,0.36,2026-09-04,0902,N20,nominal,2.0NRT,316.97,2.77,D
36.54109,60.79637,345.12,0.38,0.36,2026-09-04,0902,N20,nominal,2.0NRT,315.17,5.34,D
37.03014,62.42002,341.35,0.4,0.37,2026-09-04,0902,N20,low,2.0NRT,315.78,6.57,D
37.03349,62.4193,342.3,0.4,0.37,2026-09-04,0902,N20,low,2.0NRT,314.92,6.57,D
37.11717,62.36509,347.06,0.4,0.37,2026-09-04,0902,N20,low,2.0NRT,317.51,12.85,D
38.05019,67.26635,341.93,0.42,0.45,2026-09-04,0902,N20,nominal,2.0NRT,308.7,2.91,D
37.54709,62.25978,336.75,0.4,0.37,2026-09-04,0902,N20,low,2.0NRT,309,3.9,D
37.49614,61.84937,345.91,0.39,0.36,2026-09-04,0902,N20,nominal,2.0NRT,311.55,3.55,D
36.72286,57.08005,343.98,0.45,0.39,2026-09-04,0902,N20,nominal,2.0NRT,316.27,4.62,D
37.25795,60.21093,344.15,0.38,0.36,2026-09-04,0902,N20,nominal,2.0NRT,312.35,5.09,D
37.36723,60.76321,334.29,0.38,0.36,2026-09-04,0902,N20,low,2.0NRT,309.22,1.99,D
37.61826,62.13906,345.83,0.4,0.37,2026-09-04,0902,N20,nominal,2.0NRT,312.92,4.34,D
37.50197,61.02644,341.41,0.39,0.36,2026-09-04,0902,N20,low,2.0NRT,315.11,4.04,D
38.08387,65.49969,346.82,0.52,0.41,2026-09-04,0902,N20,nominal,2.0NRT,308.71,5.18,D
37.51054,61.0155,342.98,0.39,0.36,2026-09-04,0902,N20,low,2.0NRT,317.91,5.23,D
37.61062,61.60787,345.57,0.39,0.36,2026-09-04,0902,N20,nominal,2.0NRT,313.39,5.75,D
37.72761,61.8836,338.75,0.39,0.37,2026-09-04,0902,N20,nominal,2.0NRT,312.74,2.95,D
37.42669,59.87302,340.72,0.39,0.36,2026-09-04,0902,N20,low,2.0NRT,314.92,4.23,D
37.73093,61.88286,340.45,0.39,0.37,2026-09-04,0902,N20,nominal,2.0NRT,313.32,2.95,D
37.42996,59.8722,345.3,0.39,0.36,2026-09-04,0902,N20,nominal,2.0NRT,309.85,4.23,D
37.82429,61.79917,342.12,0.39,0.36,2026-09-04,0902,N20,nominal,2.0NRT,313.1,4.07,D
37.63309,60.34159,338.13,0.38,0.36,2026-09-04,0902,N20,low,2.0NRT,311.86,2.02,D
37.88661,62.02435,335.4,0.4,0.37,2026-09-04,0902,N20,low,2.0NRT,310.03,3.02,D
39.09703,75.83799,335.43,0.63,0.72,2026-09-04,0902,N20,nominal,2.0NRT,299.03,7.49,D
36.89341,54.32017,334.79,0.39,0.44,2026-09-04,0902,N20,low,2.0NRT,305.07,1.59,D
37.92148,58.53603,338.39,0.4,0.37,2026-09-04,0902,N20,low,2.0NRT,313.16,2.33,D
38.64948,54.28381,346.07,0.55,0.43,2026-09-04,0902,N20,nominal,2.0NRT,316.4,12.1,D
39.22316,56.26091,343.41,0.45,0.39,2026-09-04,0902,N20,nominal,2.0NRT,310.8,6.04,D
39.22221,56.25584,336.31,0.45,0.39,2026-09-04,0902,N20,low,2.0NRT,308.74,3.79,D
39.24058,56.25553,346.97,0.45,0.39,2026-09-04,0902,N20,nominal,2.0NRT,313.09,6.12,D
39.24406,56.25444,338.03,0.45,0.39,2026-09-04,0902,N20,nominal,2.0NRT,310.73,6.12,D
10.12954,77.52656,311.78,0.4,0.6,2026-09-04,1947,N20,nominal,2.0NRT,287.65,1.47,N
9.62249,80.28364,349.07,0.52,0.5,2026-09-04,1947,N20,nominal,2.0NRT,287.74,9.9,N
9.80491,77.56216,312.16,0.4,0.6,2026-09-04,1947,N20,nominal,2.0NRT,289,0.97,N
6.55411,80.76434,309.34,0.43,0.46,2026-09-04,1947,N20,nominal,2.0NRT,290.19,0.99,N
25.07391,99.28292,307.06,0.58,0.52,2026-09-04,1942,N20,nominal,2.0NRT,285.76,1.54,N
23.68371,90.52704,306.18,0.38,0.36,2026-09-04,1945,N20,nominal,2.0NRT,290.18,2.26,N
23.80306,86.33125,321.78,0.51,0.41,2026-09-04,1945,N20,nominal,2.0NRT,288.12,5.45,N
23.79674,86.35042,316.46,0.51,0.41,2026-09-04,1945,N20,nominal,2.0NRT,288.69,3.37,N
23.66457,87.15292,306.12,0.46,0.39,2026-09-04,1945,N20,nominal,2.0NRT,285.22,1.98,N
23.77746,85.9965,303.75,0.53,0.42,2026-09-04,1945,N20,nominal,2.0NRT,288.25,0.87,N
23.71379,86.45164,302.36,0.5,0.41,2026-09-04,1945,N20,nominal,2.0NRT,281.46,1.5,N
23.82189,85.4938,302.75,0.56,0.43,2026-09-04,1945,N20,nominal,2.0NRT,289.53,3,N
23.76024,85.85598,305.19,0.54,0.42,2026-09-04,1945,N20,nominal,2.0NRT,290.07,1.81,N
23.75705,85.85013,306.07,0.54,0.42,2026-09-04,1945,N20,nominal,2.0NRT,289.81,1.55,N
23.75638,85.85539,315.1,0.54,0.42,2026-09-04,1945,N20,nominal,2.0NRT,290.88,1.81,N
23.68725,86.39246,298.55,0.5,0.41,2026-09-04,1945,N20,nominal,2.0NRT,280.08,0.85,N
23.67913,86.39618,305.87,0.5,0.41,2026-09-04,1945,N20,nominal,2.0NRT,285.63,2.46,N
23.70133,86.07359,325.08,0.52,0.42,2026-09-04,1945,N20,nominal,2.0NRT,289.49,3.04,N
23.68351,86.09167,308.79,0.52,0.42,2026-09-04,1945,N20,nominal,2.0NRT,289.58,1.78,N
23.68287,86.09675,314.7,0.52,0.41,2026-09-04,1945,N20,nominal,2.0NRT,289.87,2.29,N
23.6797,86.09111,306.36,0.52,0.42,2026-09-04,1945,N20,nominal,2.0NRT,289.81,1.78,N
23.67653,86.08544,332.99,0.52,0.42,2026-09-04,1945,N20,nominal,2.0NRT,290.38,5.49,N
23.6727,86.11592,307.65,0.52,0.41,2026-09-04,1945,N20,nominal,2.0NRT,289.63,1.43,N
23.66828,86.08938,304.82,0.52,0.42,2026-09-04,1945,N20,nominal,2.0NRT,289.58,0.7,N
23.58349,86.72443,310.74,0.48,0.4,2026-09-04,1945,N20,nominal,2.0NRT,289.96,3.5,N
23.6769,86.08849,329.24,0.52,0.41,2026-09-04,1945,N20,nominal,2.0NRT,289.77,3.8,N
23.67757,86.0834,312.11,0.52,0.42,2026-09-04,1945,N20,nominal,2.0NRT,290.05,2.98,N
23.67355,86.11382,306.79,0.52,0.41,2026-09-04,1945,N20,nominal,2.0NRT,289.38,1.2,N
23.66861,86.09241,304.6,0.52,0.41,2026-09-04,1945,N20,nominal,2.0NRT,289.39,1.1,N
23.63086,86.29086,304.85,0.51,0.41,2026-09-04,1945,N20,nominal,2.0NRT,288.46,1.98,N
23.6271,86.29028,316.74,0.51,0.41,2026-09-04,1945,N20,nominal,2.0NRT,287.85,2.62,N
23.82713,84.57284,305.57,0.42,0.45,2026-09-04,1945,N20,nominal,2.0NRT,288.62,1.64,N
23.74095,85.01152,301.76,0.4,0.44,2026-09-04,1945,N20,nominal,2.0NRT,286.04,1.02,N
23.61143,85.67391,299.32,0.55,0.42,2026-09-04,1945,N20,nominal,2.0NRT,285.78,0.67,N
22.7957,86.19765,309.13,0.5,0.41,2026-09-04,1945,N20,nominal,2.0NRT,282.16,2.39,N
22.79195,86.19707,302.5,0.5,0.41,2026-09-04,1945,N20,nominal,2.0NRT,283.82,1.52,N
22.78821,86.19647,300.73,0.5,0.41,2026-09-04,1945,N20,nominal,2.0NRT,284.59,1.52,N
22.79802,86.20056,307.02,0.5,0.41,2026-09-04,1945,N20,nominal,2.0NRT,283.16,2.58,N
22.79119,86.19455,301.64,0.5,0.41,2026-09-04,1945,N20,nominal,2.0NRT,284.17,1.28,N
22.79053,86.19944,301.18,0.5,0.41,2026-09-04,1945,N20,nominal,2.0NRT,286.04,1.55,N
22.78679,86.19888,302.33,0.5,0.41,2026-09-04,1945,N20,nominal,2.0NRT,285.6,1.55,N
22.21227,84.86139,322.69,0.39,0.44,2026-09-04,1945,N20,nominal,2.0NRT,290.81,1.72,N
22.2256,84.75111,306.1,0.39,0.44,2026-09-04,1945,N20,nominal,2.0NRT,290.53,0.84,N
22.20825,84.86081,307.17,0.39,0.44,2026-09-04,1945,N20,nominal,2.0NRT,290.62,1.72,N
22.21096,84.862,323.3,0.39,0.44,2026-09-04,1945,N20,nominal,2.0NRT,290.84,2.77,N
22.22502,84.75196,306.08,0.39,0.44,2026-09-04,1945,N20,nominal,2.0NRT,290.33,0.79,N
22.22404,84.75963,304.25,0.39,0.44,2026-09-04,1945,N20,nominal,2.0NRT,290.23,1.29,N
22.21387,84.83931,303.66,0.39,0.44,2026-09-04,1945,N20,nominal,2.0NRT,290.17,0.71,N
22.20486,84.84573,311.23,0.39,0.44,2026-09-04,1945,N20,nominal,2.0NRT,290.26,1.05,N
22.20911,84.5486,304.1,0.41,0.45,2026-09-04,1945,N20,nominal,2.0NRT,290.19,1,N
22.05358,85.46653,303.4,0.54,0.42,2026-09-04,1945,N20,nominal,2.0NRT,289.87,0.57,N
22.32974,82.60709,313.55,0.54,0.51,2026-09-04,1945,N20,nominal,2.0NRT,288.71,1.69,N
22.35858,82.30212,306.68,0.56,0.52,2026-09-04,1945,N20,nominal,2.0NRT,288.32,1.72,N
22.32217,82.59026,309.99,0.54,0.51,2026-09-04,1945,N20,nominal,2.0NRT,288.49,1.83,N
22.3204,82.56351,312.32,0.54,0.51,2026-09-04,1945,N20,nominal,2.0NRT,288.91,2.95,N
21.9245,85.22453,309.84,0.55,0.43,2026-09-04,1945,N20,nominal,2.0NRT,290.6,2.47,N
21.80177,85.56622,303.26,0.53,0.42,2026-09-04,1945,N20,nominal,2.0NRT,290.29,0.77,N
21.76627,85.57944,303.93,0.53,0.42,2026-09-04,1945,N20,nominal,2.0NRT,290.72,0.84,N
21.98605,83.23032,306.78,0.49,0.48,2026-09-04,1945,N20,nominal,2.0NRT,288.47,1.53,N
22.00649,82.67026,310.55,0.53,0.5,2026-09-04,1945,N20,nominal,2.0NRT,289.28,1.58,N
21.80338,83.88976,304.01,0.44,0.46,2026-09-04,1945,N20,nominal,2.0NRT,285.71,3.25,N
21.98718,82.01293,302.84,0.58,0.52,2026-09-04,1945,N20,nominal,2.0NRT,287.69,1.66,N
21.67433,82.0772,305.67,0.57,0.52,2026-09-04,1945,N20,nominal,2.0NRT,288.67,1.64,N
21.00192,86.02525,307.05,0.49,0.4,2026-09-04,1945,N20,nominal,2.0NRT,291.38,1.34,N
21.48853,81.76635,306.61,0.59,0.53,2026-09-04,1945,N20,nominal,2.0NRT,288.09,1.58,N
20.97234,86.00415,319.52,0.49,0.4,2026-09-04,1945,N20,nominal,2.0NRT,292.37,3.98,N
20.96592,86.0509,311.63,0.49,0.4,2026-09-04,1945,N20,nominal,2.0NRT,291.46,2.15,N
20.96736,86.01295,308,0.49,0.4,2026-09-04,1945,N20,nominal,2.0NRT,291.76,2.65,N
20.9643,86.00772,330.58,0.49,0.4,2026-09-04,1945,N20,nominal,2.0NRT,291.99,3.71,N
20.96366,86.01239,313.49,0.49,0.4,2026-09-04,1945,N20,nominal,2.0NRT,291.22,2.1,N
20.95179,86.04398,324.77,0.49,0.4,2026-09-04,1945,N20,nominal,2.0NRT,291.43,4.11,N
20.95116,86.04861,332.74,0.49,0.4,2026-09-04,1945,N20,nominal,2.0NRT,292.2,5.36,N
21.07859,85.03478,308.23,0.55,0.43,2026-09-04,1945,N20,nominal,2.0NRT,292.05,1.72,N
21.0779,85.04008,307.91,0.55,0.43,2026-09-04,1945,N20,nominal,2.0NRT,291.62,1.72,N
21.07721,85.04541,308.77,0.55,0.43,2026-09-04,1945,N20,nominal,2.0NRT,291.34,1.64,N
21.07651,85.05077,304.98,0.55,0.43,2026-09-04,1945,N20,nominal,2.0NRT,291.01,1.64,N
20.94188,86.06137,306.31,0.49,0.4,2026-09-04,1945,N20,nominal,2.0NRT,291.96,1.95,N
21.07399,85.03953,310.03,0.55,0.43,2026-09-04,1945,N20,nominal,2.0NRT,291.36,1.72,N
20.97789,85.16972,317.03,0.54,0.42,2026-09-04,1945,N20,nominal,2.0NRT,290.96,2.91,N
20.97705,85.16749,307.31,0.54,0.42,2026-09-04,1945,N20,nominal,2.0NRT,290.62,1.92,N
20.97636,85.1727,312.88,0.54,0.42,2026-09-04,1945,N20,nominal,2.0NRT,290.97,2.26,N
20.97179,85.17737,313.35,0.54,0.42,2026-09-04,1945,N20,nominal,2.0NRT,291.08,2.26,N
20.96791,85.1768,322.99,0.54,0.42,2026-09-04,1945,N20,nominal,2.0NRT,291.23,2.3,N
20.97066,85.15594,308.38,0.54,0.42,2026-09-04,1945,N20,nominal,2.0NRT,290.93,1.76,N
20.9686,85.17159,315.88,0.54,0.42,2026-09-04,1945,N20,nominal,2.0NRT,291.21,2.3,N
20.96266,85.18659,326.48,0.54,0.42,2026-09-04,1945,N20,nominal,2.0NRT,291.44,5.54,N
20.96678,85.15539,305.04,0.54,0.42,2026-09-04,1945,N20,nominal,2.0NRT,290.62,1.76,N
20.96609,85.16059,309.4,0.54,0.42,2026-09-04,1945,N20,nominal,2.0NRT,290.98,2.21,N
20.9654,85.16582,312.97,0.54,0.42,2026-09-04,1945,N20,nominal,2.0NRT,291.2,2.21,N
20.96471,85.17104,316.58,0.54,0.42,2026-09-04,1945,N20,nominal,2.0NRT,291.65,2.3,N
20.96403,85.17625,307.09,0.54,0.42,2026-09-04,1945,N20,nominal,2.0NRT,291.54,2.3,N
20.95728,85.01494,305.05,0.55,0.43,2026-09-04,1945,N20,nominal,2.0NRT,290.78,2.65,N
21.31351,81.58866,300.4,0.61,0.53,2026-09-04,1945,N20,nominal,2.0NRT,286.7,2.88,N
20.88974,84.98213,306.9,0.55,0.43,2026-09-04,1945,N20,nominal,2.0NRT,290.82,1.59,N
20.88582,84.98159,307.64,0.55,0.43,2026-09-04,1945,N20,nominal,2.0NRT,291.13,2.05,N
20.872,84.9957,305.34,0.55,0.43,2026-09-04,1945,N20,nominal,2.0NRT,290.71,1.46,N
20.86484,84.98934,323.11,0.55,0.43,2026-09-04,1945,N20,nominal,2.0NRT,291.81,2.92,N
20.86552,84.9841,305.95,0.55,0.43,2026-09-04,1945,N20,nominal,2.0NRT,290.19,0.94,N
20.86416,84.99455,306.71,0.55,0.43,2026-09-04,1945,N20,nominal,2.0NRT,291.36,2.92,N
20.81025,85.25641,303.44,0.53,0.42,2026-09-04,1945,N20,nominal,2.0NRT,285.19,1.39,N
20.80639,85.25585,312.76,0.53,0.42,2026-09-04,1945,N20,nominal,2.0NRT,285.5,1.39,N
20.79802,85.25985,309.64,0.53,0.42,2026-09-04,1945,N20,nominal,2.0NRT,286.98,1.69,N
20.79482,85.25418,336.09,0.53,0.42,2026-09-04,1945,N20,nominal,2.0NRT,288.01,3.83,N
20.79032,85.25867,304.98,0.53,0.42,2026-09-04,1945,N20,nominal,2.0NRT,284.65,3.83,N
20.78966,85.26375,300.47,0.53,0.42,2026-09-04,1945,N20,nominal,2.0NRT,283.23,0.48,N
20.78581,85.26316,304.97,0.53,0.42,2026-09-04,1945,N20,nominal,2.0NRT,284.95,0.74,N
20.76198,85.29599,315.32,0.53,0.42,2026-09-04,1945,N20,nominal,2.0NRT,290.69,3.06,N
20.76009,85.29348,311.28,0.53,0.42,2026-09-04,1945,N20,nominal,2.0NRT,290.06,1.49,N
20.75939,85.29863,308.31,0.53,0.42,2026-09-04,1945,N20,nominal,2.0NRT,290.16,1.49,N
21.19856,81.41629,304.65,0.62,0.54,2026-09-04,1945,N20,nominal,2.0NRT,284.76,2.49,N
20.52115,85.7233,306.01,0.5,0.41,2026-09-04,1945,N20,nominal,2.0NRT,290.54,0.8,N
19.10354,82.16685,305.84,0.52,0.5,2026-09-04,1947,N20,nominal,2.0NRT,290.14,1.37,N
19.09895,82.16625,310.93,0.52,0.5,2026-09-04,1947,N20,nominal,2.0NRT,289.45,1.37,N
19.10384,82.16526,302.63,0.52,0.5,2026-09-04,1947,N20,nominal,2.0NRT,289.75,1.53,N
19.09925,82.16467,310.06,0.52,0.5,2026-09-04,1947,N20,nominal,2.0NRT,289.21,2.96,N
19.09347,82.17397,303.72,0.52,0.5,2026-09-04,1947,N20,nominal,2.0NRT,289.7,1.55,N
17.69568,83.24305,303.24,0.43,0.46,2026-09-04,1947,N20,nominal,2.0NRT,283.8,1.39,N
17.95983,80.79558,304.9,0.62,0.54,2026-09-04,1947,N20,nominal,2.0NRT,289.34,1.29,N
17.95862,80.79625,305.51,0.62,0.54,2026-09-04,1947,N20,nominal,2.0NRT,289.73,2.32,N
17.60224,83.1994,307.87,0.43,0.46,2026-09-04,1947,N20,nominal,2.0NRT,288.87,2.41,N
17.46647,80.65131,304.12,0.62,0.54,2026-09-04,1947,N20,nominal,2.0NRT,289.24,0.92,N
17.14758,78.22211,302.44,0.45,0.63,2026-09-04,1947,N20,nominal,2.0NRT,286.05,1.68,N
16.87649,80.11887,306.51,0.33,0.55,2026-09-04,1947,N20,nominal,2.0NRT,291.59,0.89,N
16.87441,80.02161,305.42,0.34,0.56,2026-09-04,1947,N20,nominal,2.0NRT,291.09,0.95,N
15.55391,79.64561,367,0.34,0.56,2026-09-04,1947,N20,high,2.0NRT,290.49,4.15,N
15.55355,79.64883,306.53,0.34,0.56,2026-09-04,1947,N20,nominal,2.0NRT,290.09,4.15,N
15.54873,79.64497,326.96,0.34,0.56,2026-09-04,1947,N20,nominal,2.0NRT,289.97,4.15,N
15.54836,79.64817,316.16,0.34,0.56,2026-09-04,1947,N20,nominal,2.0NRT,290.33,4.15,N
15.55236,79.64706,354.8,0.34,0.56,2026-09-04,1947,N20,nominal,2.0NRT,291.67,14.79,N
15.55275,79.64386,307.83,0.34,0.56,2026-09-04,1947,N20,nominal,2.0NRT,289.81,8.43,N
15.52532,79.6533,307.48,0.34,0.56,2026-09-04,1947,N20,nominal,2.0NRT,289.95,1.91,N
15.17453,77.09926,303.72,0.5,0.66,2026-09-04,1947,N20,nominal,2.0NRT,286.09,0.74,N
15.18375,76.66516,317.98,0.54,0.68,2026-09-04,1947,N20,nominal,2.0NRT,290.41,4.16,N
15.18323,76.6702,308.2,0.54,0.68,2026-09-04,1947,N20,nominal,2.0NRT,289.93,1.85,N
15.18269,76.67524,311.05,0.54,0.68,2026-09-04,1947,N20,nominal,2.0NRT,290.06,1.85,N
15.17856,76.65443,308.14,0.54,0.68,2026-09-04,1947,N20,nominal,2.0NRT,290.38,2.77,N
15.17644,76.67462,307.18,0.54,0.68,2026-09-04,1947,N20,nominal,2.0NRT,289.89,1.85,N
15.16905,76.37527,300.28,0.56,0.69,2026-09-04,1947,N20,nominal,2.0NRT,287.84,1.53,N
15.17254,76.37836,300.32,0.56,0.69,2026-09-04,1947,N20,nominal,2.0NRT,287.79,2.1,N
15.13655,76.70815,302.65,0.53,0.67,2026-09-04,1947,N20,nominal,2.0NRT,289.77,1.34,N
14.99631,76.8468,303.2,0.52,0.67,2026-09-04,1947,N20,nominal,2.0NRT,289.58,0.57,N
13.7129,79.61954,305.32,0.33,0.55,2026-09-04,1947,N20,nominal,2.0NRT,289.35,1.35,N
11.19646,79.05567,300.86,0.33,0.55,2026-09-04,1949,N20,nominal,2.0NRT,286.76,1.55,N
11.17693,79.08677,307.96,0.33,0.55,2026-09-04,1949,N20,nominal,2.0NRT,288.59,2.11,N
39.86305,98.2536,317.98,0.43,0.38,2026-09-04,1938,N20,nominal,2.0NRT,292.25,2.75,N
39.84154,98.27266,338.06,0.43,0.38,2026-09-04,1938,N20,nominal,2.0NRT,287.96,4.85,N
39.81227,98.29456,313.27,0.43,0.38,2026-09-04,1938,N20,nominal,2.0NRT,292.24,1.91,N
39.81136,98.29948,309.03,0.43,0.38,2026-09-04,1938,N20,nominal,2.0NRT,291.73,1.64,N
39.81044,98.30439,309.66,0.43,0.38,2026-09-04,1938,N20,nominal,2.0NRT,290.15,1.64,N
39.79,98.29793,300.59,0.43,0.38,2026-09-04,1938,N20,nominal,2.0NRT,289.21,0.46,N
39.79144,97.88669,303.71,0.42,0.38,2026-09-04,1938,N20,nominal,2.0NRT,288.04,0.74,N
39.79057,97.89148,299.42,0.42,0.38,2026-09-04,1938,N20,nominal,2.0NRT,286.37,0.74,N
39.31594,100.04227,297.65,0.5,0.41,2026-09-04,1938,N20,nominal,2.0NRT,286.9,0.48,N
36.89126,101.74896,296.64,0.45,0.47,2026-09-04,1940,N20,nominal,2.0NRT,284.76,0.47,N
28.90963,58.90789,314.82,0.51,0.49,2026-09-04,2123,N20,nominal,2.0NRT,294.77,3.36,N
26.09432,68.88023,314.25,0.44,0.39,2026-09-04,2123,N20,nominal,2.0NRT,296.3,1.57,N
27.2304,60.48779,313.56,0.39,0.44,2026-09-04,2123,N20,nominal,2.0NRT,298.68,2.53,N
27.42158,56.49807,312.27,0.34,0.56,2026-09-04,2123,N20,nominal,2.0NRT,297.39,1.16,N
27.42545,56.4981,307.42,0.34,0.56,2026-09-04,2123,N20,nominal,2.0NRT,297.1,2.45,N
27.30542,56.3029,307.65,0.35,0.57,2026-09-04,2123,N20,nominal,2.0NRT,297.59,1.13,N
27.17316,56.05009,322.65,0.36,0.58,2026-09-04,2123,N20,nominal,2.0NRT,297.02,1.8,N
27.17285,56.05375,315.15,0.36,0.58,2026-09-04,2123,N20,nominal,2.0NRT,297.89,1.8,N
27.16784,56.04945,320.26,0.36,0.58,2026-09-04,2123,N20,nominal,2.0NRT,297.3,2.36,N
27.16352,56.10088,320.21,0.36,0.57,2026-09-04,2123,N20,nominal,2.0NRT,297.93,1.69,N
27.14671,56.10991,312.65,0.36,0.57,2026-09-04,2123,N20,nominal,2.0NRT,297.18,1.06,N
25.38969,68.58154,322.72,0.44,0.38,2026-09-04,2123,N20,nominal,2.0NRT,295.31,1.75,N
26.95931,55.54175,312.1,0.39,0.59,2026-09-04,2123,N20,nominal,2.0NRT,297.6,2.42,N
24.99185,66.93065,308.17,0.4,0.37,2026-09-04,2123,N20,nominal,2.0NRT,294.67,0.92,N
25.97408,56.06678,310.03,0.35,0.57,2026-09-04,2123,N20,nominal,2.0NRT,298.05,0.72,N
25.96884,56.06616,316.1,0.35,0.57,2026-09-04,2123,N20,nominal,2.0NRT,299.45,0.96,N
25.96864,56.06588,316.91,0.35,0.57,2026-09-04,2123,N20,nominal,2.0NRT,299.18,1.2,N
25.5728,55.98741,310.43,0.35,0.57,2026-09-04,2123,N20,nominal,2.0NRT,299.46,0.66,N
25.55735,55.98225,313.72,0.35,0.57,2026-09-04,2125,N20,nominal,2.0NRT,299.01,1.3,N
25.55719,55.98185,310.53,0.35,0.57,2026-09-04,2125,N20,nominal,2.0NRT,298.44,1.19,N
23.31587,70.48626,307.31,0.39,0.44,2026-09-04,2125,N20,nominal,2.0NRT,293.87,0.85,N
23.30543,70.47614,304.73,0.39,0.44,2026-09-04,2125,N20,nominal,2.0NRT,293.76,0.81,N
25.31037,56.37045,312.81,0.33,0.55,2026-09-04,2125,N20,nominal,2.0NRT,295.59,2.78,N
23.12135,70.08555,317.95,0.56,0.43,2026-09-04,2125,N20,nominal,2.0NRT,293.71,3.21,N
23.12136,70.08435,318.21,0.56,0.43,2026-09-04,2125,N20,nominal,2.0NRT,293.79,2.74,N
24.99027,55.62423,338.37,0.37,0.58,2026-09-04,2125,N20,nominal,2.0NRT,299.02,2.59,N
22.93045,70.10779,305.4,0.56,0.43,2026-09-04,2125,N20,nominal,2.0NRT,293.7,3.36,N
22.93466,69.69984,313.25,0.54,0.42,2026-09-04,2125,N20,nominal,2.0NRT,294.09,3.11,N
24.51097,54.01299,328.81,0.46,0.63,2026-09-04,2125,N20,nominal,2.0NRT,297.12,3.12,N
24.32484,54.46649,318.44,0.43,0.62,2026-09-04,2125,N20,nominal,2.0NRT,299.28,2.3,N
20.91111,71.4613,304.79,0.49,0.49,2026-09-04,2125,N20,nominal,2.0NRT,291.61,1.05,N
23.31275,54.17456,313.4,0.43,0.62,2026-09-04,2125,N20,nominal,2.0NRT,295.43,2.23,N
23.19136,55.45539,307.16,0.36,0.57,2026-09-04,2125,N20,nominal,2.0NRT,282.33,1.42,N
23.27944,54.22661,307.81,0.43,0.62,2026-09-04,2125,N20,nominal,2.0NRT,294.93,1.05,N
22.87916,55.92188,312.06,0.33,0.55,2026-09-04,2125,N20,nominal,2.0NRT,295.78,0.72,N
22.87362,55.61206,321.49,0.35,0.56,2026-09-04,2125,N20,nominal,2.0NRT,294.92,2.79,N
22.7837,55.81335,307.23,0.33,0.56,2026-09-04,2125,N20,nominal,2.0NRT,296.03,0.63,N
22.40766,56.987,316.41,0.56,0.51,2026-09-04,2125,N20,nominal,2.0NRT,294.52,2,N
22.3295,56.48547,322.24,0.6,0.53,2026-09-04,2125,N20,nominal,2.0NRT,294.18,2.44,N
22.3289,56.49133,310.07,0.6,0.53,2026-09-04,2125,N20,nominal,2.0NRT,294.44,2.12,N
22.32621,56.48945,310.94,0.6,0.53,2026-09-04,2125,N20,nominal,2.0NRT,294.4,1.12,N
22.52457,54.04836,309.21,0.43,0.62,2026-09-04,2125,N20,nominal,2.0NRT,295.25,0.92,N
22.08223,55.97425,303.7,0.32,0.55,2026-09-04,2125,N20,nominal,2.0NRT,286.72,1.53,N
21.93779,57.07189,331.86,0.54,0.51,2026-09-04,2125,N20,nominal,2.0NRT,289.19,4.75,N
21.94016,57.07097,330.07,0.54,0.51,2026-09-04,2125,N20,nominal,2.0NRT,289.17,2.89,N
21.89352,56.84716,308.46,0.56,0.52,2026-09-04,2125,N20,nominal,2.0NRT,290.31,1.12,N
21.83364,56.68213,305.88,0.57,0.52,2026-09-04,2125,N20,nominal,2.0NRT,293.22,0.85,N
19.02249,72.89153,334,0.33,0.55,2026-09-04,2125,N20,nominal,2.0NRT,290.05,3.86,N
19.02186,72.89457,332.93,0.33,0.55,2026-09-04,2125,N20,nominal,2.0NRT,290.4,4.03,N
21.33549,57.72335,310,0.49,0.48,2026-09-04,2125,N20,nominal,2.0NRT,293.56,0.95,N
21.32215,57.72147,312.35,0.49,0.48,2026-09-04,2125,N20,nominal,2.0NRT,293.04,1.34,N
21.31507,57.7443,318.92,0.48,0.48,2026-09-04,2125,N20,nominal,2.0NRT,293.7,1.76,N
21.31063,57.74369,311.18,0.48,0.48,2026-09-04,2125,N20,nominal,2.0NRT,293.53,1.76,N
21.30488,57.79479,308.53,0.48,0.48,2026-09-04,2125,N20,nominal,2.0NRT,293.44,1.01,N
21.30436,57.79945,307.52,0.48,0.48,2026-09-04,2125,N20,nominal,2.0NRT,293.84,1.01,N
21.31851,57.72301,303.57,0.48,0.48,2026-09-04,2125,N20,nominal,2.0NRT,293.41,0.45,N
21.31626,57.74175,312.65,0.48,0.48,2026-09-04,2125,N20,nominal,2.0NRT,293.96,1.9,N
21.31127,57.7458,320.6,0.48,0.48,2026-09-04,2125,N20,nominal,2.0NRT,293.36,1.9,N
21.30515,57.79679,315.85,0.48,0.48,2026-09-04,2125,N20,nominal,2.0NRT,293.78,1.62,N
21.30686,57.70709,315.34,0.49,0.48,2026-09-04,2125,N20,nominal,2.0NRT,293.41,1.37,N
21.33715,56.69554,317.36,0.56,0.52,2026-09-04,2125,N20,nominal,2.0NRT,294.36,1.33,N
21.33239,56.69493,339.4,0.56,0.52,2026-09-04,2125,N20,nominal,2.0NRT,295.04,8.88,N
21.3365,56.69567,338.5,0.56,0.52,2026-09-04,2125,N20,nominal,2.0NRT,295.47,12.84,N
21.33174,56.69506,304.47,0.56,0.52,2026-09-04,2125,N20,nominal,2.0NRT,293.45,1.19,N
18.69118,73.03957,303.11,0.34,0.56,2026-09-04,2125,N20,nominal,2.0NRT,289.73,0.96,N
18.68741,73.03207,306.38,0.34,0.56,2026-09-04,2125,N20,nominal,2.0NRT,290.44,2.08,N
18.6861,73.0384,301.8,0.34,0.56,2026-09-04,2125,N20,nominal,2.0NRT,290.11,0.96,N
18.68169,73.03407,301.62,0.34,0.56,2026-09-04,2125,N20,nominal,2.0NRT,290.29,1.48,N
20.56125,56.41822,311.63,0.57,0.52,2026-09-04,2125,N20,nominal,2.0NRT,294.2,0.92,N
20.37605,55.93364,304.18,0.61,0.54,2026-09-04,2125,N20,nominal,2.0NRT,293.78,0.78,N
20.38978,55.66123,330.08,0.32,0.55,2026-09-04,2125,N20,nominal,2.0NRT,294.2,1.93,N
20.38637,55.64506,323.3,0.32,0.55,2026-09-04,2125,N20,nominal,2.0NRT,294.07,1.55,N
20.2119,55.71152,311.39,0.63,0.54,2026-09-04,2125,N20,nominal,2.0NRT,293.19,1.37,N
15.17813,77.10228,303.75,0.74,0.76,2026-09-04,2125,N20,nominal,2.0NRT,287.15,2.86,N
15.18306,76.66953,303.1,0.7,0.75,2026-09-04,2125,N20,nominal,2.0NRT,287.56,3.27,N
15.17927,76.65517,309.6,0.69,0.75,2026-09-04,2125,N20,nominal,2.0NRT,287.34,4.31,N
15.18014,76.6731,303.04,0.7,0.75,2026-09-04,2125,N20,nominal,2.0NRT,287.38,3.38,N
15.17767,76.65236,304.58,0.7,0.75,2026-09-04,2125,N20,nominal,2.0NRT,287.09,2.23,N
15.17627,76.65868,301.35,0.7,0.75,2026-09-04,2125,N20,nominal,2.0NRT,287.48,2.5,N
15.13675,76.70895,301.39,0.7,0.75,2026-09-04,2125,N20,nominal,2.0NRT,287.8,1.44,N
15.07344,76.86353,302.69,0.72,0.76,2026-09-04,2125,N20,nominal,2.0NRT,288.8,1.65,N
15.07322,76.86325,302.44,0.72,0.76,2026-09-04,2125,N20,nominal,2.0NRT,288.4,1.44,N
18.32304,55.10382,332.22,0.33,0.55,2026-09-04,2125,N20,nominal,2.0NRT,288.88,1.24,N
18.32338,55.1007,302.62,0.33,0.55,2026-09-04,2125,N20,nominal,2.0NRT,287.71,1.24,N
18.01341,54.56857,346.93,0.35,0.57,2026-09-04,2127,N20,nominal,2.0NRT,284.48,5.45,N
18.01304,54.57191,327.58,0.35,0.57,2026-09-04,2127,N20,nominal,2.0NRT,287.38,5.45,N
39.85478,66.19936,303.11,0.45,0.39,2026-09-04,2121,N20,nominal,2.0NRT,289.04,1.44,N
39.64019,66.85728,300.66,0.42,0.38,2026-09-04,2121,N20,nominal,2.0NRT,287.5,0.39,N
39.90217,63.05969,325.06,0.4,0.45,2026-09-04,2121,N20,nominal,2.0NRT,285.3,1.61,N
39.80883,63.04632,324.11,0.4,0.44,2026-09-04,2121,N20,nominal,2.0NRT,285.57,1.46,N
39.80931,63.04159,297.06,0.4,0.44,2026-09-04,2121,N20,nominal,2.0NRT,283.13,1.46,N
39.50039,64.69453,303.54,0.5,0.41,2026-09-04,2121,N20,nominal,2.0NRT,287.86,0.99,N
39.97557,58.93454,335.26,0.33,0.55,2026-09-04,2121,N20,nominal,2.0NRT,288.37,2.24,N
39.18925,65.28613,301.78,0.47,0.4,2026-09-04,2121,N20,nominal,2.0NRT,290.76,1.02,N
38.71383,68.78959,298.38,0.39,0.36,2026-09-04,2121,N20,nominal,2.0NRT,287.69,0.54,N
39.43488,62.99282,304.9,0.4,0.44,2026-09-04,2121,N20,nominal,2.0NRT,287.48,0.54,N
39.18234,65.31276,312.05,0.47,0.4,2026-09-04,2121,N20,nominal,2.0NRT,288.31,1.17,N
39.27769,63.08184,301.57,0.4,0.44,2026-09-04,2121,N20,nominal,2.0NRT,286.62,0.58,N
39.27765,63.08459,299.53,0.4,0.44,2026-09-04,2121,N20,nominal,2.0NRT,286.04,0.86,N
39.25229,63.21053,311.67,0.39,0.44,2026-09-04,2121,N20,nominal,2.0NRT,288.53,1.07,N
39.25202,63.17347,301.45,0.39,0.44,2026-09-04,2121,N20,nominal,2.0NRT,286.15,0.49,N
39.20697,63.25338,301.21,0.39,0.44,2026-09-04,2121,N20,nominal,2.0NRT,286.4,0.73,N
39.19573,63.28351,297.07,0.39,0.44,2026-09-04,2121,N20,nominal,2.0NRT,285.86,0.53,N
39.18088,63.34925,299.39,0.38,0.43,2026-09-04,2121,N20,nominal,2.0NRT,285.36,0.82,N
39.16035,63.47067,298.38,0.57,0.43,2026-09-04,2121,N20,nominal,2.0NRT,286.8,0.97,N
39.17754,63.22076,304.28,0.39,0.44,2026-09-04,2121,N20,nominal,2.0NRT,286.31,0.81,N
39.17257,63.27039,297.82,0.39,0.44,2026-09-04,2121,N20,nominal,2.0NRT,285.33,0.53,N
39.17212,63.27489,297.57,0.39,0.44,2026-09-04,2121,N20,nominal,2.0NRT,286.79,0.59,N
39.16991,63.2562,306.52,0.39,0.44,2026-09-04,2121,N20,nominal,2.0NRT,287.83,0.69,N
39.16946,63.2607,300.37,0.39,0.44,2026-09-04,2121,N20,nominal,2.0NRT,286.75,0.69,N
39.16545,63.25999,300.81,0.39,0.44,2026-09-04,2121,N20,nominal,2.0NRT,287.06,0.62,N
39.15561,63.31762,304.95,0.39,0.44,2026-09-04,2121,N20,nominal,2.0NRT,287.21,0.92,N
39.12928,63.41815,308.21,0.57,0.43,2026-09-04,2121,N20,nominal,2.0NRT,286.12,1.75,N
38.39756,69.11551,303.06,0.38,0.36,2026-09-04,2121,N20,nominal,2.0NRT,288.28,0.57,N
39.13121,63.41904,305.77,0.57,0.43,2026-09-04,2121,N20,nominal,2.0NRT,286.24,1.77,N
39.12682,63.30648,299.62,0.39,0.44,2026-09-04,2121,N20,nominal,2.0NRT,286.15,0.72,N
39.11557,63.33629,320,0.38,0.43,2026-09-04,2121,N20,nominal,2.0NRT,288.66,1.99,N
39.00632,64.09646,308.37,0.53,0.42,2026-09-04,2121,N20,nominal,2.0NRT,286.34,1.66,N
38.32607,68.98454,302.25,0.38,0.36,2026-09-04,2121,N20,nominal,2.0NRT,280.67,0.42,N
38.94168,64.13393,299.08,0.53,0.42,2026-09-04,2121,N20,nominal,2.0NRT,286.06,1.28,N
38.98596,63.58669,300.34,0.56,0.43,2026-09-04,2121,N20,nominal,2.0NRT,288.49,0.86,N
38.68537,65.98675,306.47,0.44,0.39,2026-09-04,2121,N20,nominal,2.0NRT,285.93,0.82,N
38.97465,63.46558,300.74,0.57,0.43,2026-09-04,2121,N20,nominal,2.0NRT,287.41,0.97,N
38.91195,63.79439,296,0.55,0.42,2026-09-04,2121,N20,nominal,2.0NRT,285.23,0.46,N
38.83755,63.81851,300.11,0.54,0.42,2026-09-04,2121,N20,nominal,2.0NRT,286.19,0.83,N
38.669,64.77428,296.7,0.49,0.4,2026-09-04,2121,N20,nominal,2.0NRT,284.75,0.52,N
38.66836,64.77991,302.36,0.49,0.4,2026-09-04,2121,N20,nominal,2.0NRT,285.67,0.65,N
38.66683,64.7786,304.81,0.49,0.4,2026-09-04,2121,N20,nominal,2.0NRT,286.4,0.67,N
38.60521,64.75548,300.57,0.49,0.4,2026-09-04,2121,N20,nominal,2.0NRT,287.6,0.68,N
38.456,65.80502,301.35,0.45,0.39,2026-09-04,2123,N20,nominal,2.0NRT,288.7,0.63,N
38.6521,63.97892,296.48,0.53,0.42,2026-09-04,2123,N20,nominal,2.0NRT,286.36,0.6,N
38.05244,67.26592,333.9,0.4,0.37,2026-09-04,2123,N20,nominal,2.0NRT,293.28,13.27,N
38.28674,64.38297,296.14,0.5,0.41,2026-09-04,2123,N20,nominal,2.0NRT,286.12,0.68,N
38.28664,64.3821,296.78,0.5,0.41,2026-09-04,2123,N20,nominal,2.0NRT,285.9,0.61,N
38.24925,64.43966,298.05,0.5,0.41,2026-09-04,2123,N20,nominal,2.0NRT,285.63,0.81,N
38.12879,64.6749,308.42,0.49,0.4,2026-09-04,2123,N20,nominal,2.0NRT,286.45,1.49,N
38.12078,64.74145,297.71,0.49,0.4,2026-09-04,2123,N20,nominal,2.0NRT,286.08,0.81,N
38.12043,64.71308,299.8,0.49,0.4,2026-09-04,2123,N20,nominal,2.0NRT,285.7,0.83,N
38.05463,64.88586,313.26,0.48,0.4,2026-09-04,2123,N20,nominal,2.0NRT,287.71,2.13,N
38.67684,57.06296,304.28,0.41,0.61,2026-09-04,2123,N20,nominal,2.0NRT,288.95,0.67,N
37.96593,65.00557,296.5,0.47,0.4,2026-09-04,2123,N20,nominal,2.0NRT,286.36,0.5,N
37.90515,65.10831,299.94,0.47,0.4,2026-09-04,2123,N20,nominal,2.0NRT,286.12,0.54,N
38.68478,54.31021,321.85,0.58,0.7,2026-09-04,2123,N20,nominal,2.0NRT,289.14,3.47,N
38.54038,57.47318,308.45,0.39,0.59,2026-09-04,2123,N20,nominal,2.0NRT,284.16,0.59,N
37.88899,65.08884,299.5,0.47,0.4,2026-09-04,2123,N20,nominal,2.0NRT,286.18,0.72,N
38.65311,54.28117,314.95,0.58,0.7,2026-09-04,2123,N20,nominal,2.0NRT,289.84,1.41,N
38.5349,57.47268,298.63,0.39,0.59,2026-09-04,2123,N20,nominal,2.0NRT,283.93,0.59,N
38.6841,54.31277,329.21,0.58,0.69,2026-09-04,2123,N20,nominal,2.0NRT,290.86,2.64,N
38.53974,57.47272,310.84,0.39,0.59,2026-09-04,2123,N20,nominal,2.0NRT,284.13,0.94,N
38.65279,54.27708,331.74,0.58,0.7,2026-09-04,2123,N20,nominal,2.0NRT,289.55,4.01,N
37.82619,65.17287,306.6,0.46,0.39,2026-09-04,2123,N20,nominal,2.0NRT,286.7,0.97,N
37.78852,65.35753,301.38,0.46,0.39,2026-09-04,2123,N20,nominal,2.0NRT,285.97,0.7,N
37.7646,65.43188,299.47,0.45,0.39,2026-09-04,2123,N20,nominal,2.0NRT,286.33,0.4,N
37.7295,65.50855,298.22,0.45,0.39,2026-09-04,2123,N20,nominal,2.0NRT,288,0.42,N
38.14804,61.22843,336.39,0.48,0.48,2026-09-04,2123,N20,nominal,2.0NRT,285.37,2.99,N
38.14755,61.23393,300.74,0.48,0.48,2026-09-04,2123,N20,nominal,2.0NRT,286.02,2.05,N
37.66415,65.28352,302.56,0.46,0.39,2026-09-04,2123,N20,nominal,2.0NRT,286.02,1,N
37.98941,61.88007,296.66,0.44,0.46,2026-09-04,2123,N20,nominal,2.0NRT,285.45,0.77,N
37.98466,61.88446,298.46,0.44,0.46,2026-09-04,2123,N20,nominal,2.0NRT,286.31,0.71,N
38.25699,58.3856,301.38,0.34,0.56,2026-09-04,2123,N20,nominal,2.0NRT,289.33,0.64,N
38.25673,58.38955,304.36,0.34,0.56,2026-09-04,2123,N20,nominal,2.0NRT,292.54,0.64,N
38.26399,57.65727,308.31,0.38,0.58,2026-09-04,2123,N20,nominal,2.0NRT,293.8,1.44,N
38.19554,58.09975,298.37,0.36,0.57,2026-09-04,2123,N20,nominal,2.0NRT,286.76,0.49,N
38.19311,58.04993,301.37,0.36,0.57,2026-09-04,2123,N20,nominal,2.0NRT,288.86,0.75,N
37.88572,62.02097,303,0.43,0.46,2026-09-04,2123,N20,nominal,2.0NRT,284.73,1.1,N
37.8862,62.01954,303.42,0.43,0.46,2026-09-04,2123,N20,nominal,2.0NRT,283.59,0.75,N
37.79942,62.5485,316.2,0.41,0.45,2026-09-04,2123,N20,nominal,2.0NRT,284.31,1.26,N
37.78806,62.53726,314.31,0.41,0.45,2026-09-04,2123,N20,nominal,2.0NRT,285.78,1.37,N
37.78489,62.52734,300.12,0.41,0.45,2026-09-04,2123,N20,nominal,2.0NRT,284.18,0.54,N
37.77837,62.02771,297.85,0.43,0.46,2026-09-04,2123,N20,nominal,2.0NRT,284.91,0.63,N
37.77807,62.03036,296.68,0.43,0.46,2026-09-04,2123,N20,nominal,2.0NRT,284.44,0.48,N
37.74693,62.12944,300.11,0.42,0.46,2026-09-04,2123,N20,nominal,2.0NRT,284.11,0.92,N
37.7438,62.07468,295.46,0.43,0.46,2026-09-04,2123,N20,nominal,2.0NRT,283.56,0.33,N
37.75214,61.85526,300.86,0.44,0.46,2026-09-04,2123,N20,nominal,2.0NRT,283.98,0.56,N
37.72929,62.09216,308.59,0.43,0.46,2026-09-04,2123,N20,nominal,2.0NRT,284.32,1.15,N
37.72882,62.09703,297.99,0.43,0.46,2026-09-04,2123,N20,nominal,2.0NRT,285.07,1.15,N
37.67302,62.23487,307.06,0.42,0.45,2026-09-04,2123,N20,nominal,2.0NRT,283.08,0.56,N
37.66008,62.23765,299.8,0.42,0.45,2026-09-04,2123,N20,nominal,2.0NRT,283.39,1.34,N
37.9475,58.58582,296.33,0.33,0.55,2026-09-04,2123,N20,nominal,2.0NRT,285.94,0.29,N
37.64096,62.20502,302.49,0.42,0.45,2026-09-04,2123,N20,nominal,2.0NRT,284.86,1.05,N
37.94395,58.56233,305.92,0.33,0.55,2026-09-04,2123,N20,nominal,2.0NRT,288.72,0.83,N
37.65767,61.9062,303.49,0.44,0.46,2026-09-04,2123,N20,nominal,2.0NRT,285.6,0.91,N
37.62751,62.21262,308.14,0.42,0.45,2026-09-04,2123,N20,nominal,2.0NRT,286.57,1.63,N
37.62761,62.16893,305.25,0.42,0.45,2026-09-04,2123,N20,nominal,2.0NRT,286.14,1.38,N
37.62772,62.12496,298.3,0.42,0.45,2026-09-04,2123,N20,nominal,2.0NRT,284.19,0.49,N
37.62211,62.13877,320.5,0.42,0.45,2026-09-04,2123,N20,nominal,2.0NRT,288.12,1.51,N
37.61793,62.13812,300.85,0.42,0.45,2026-09-04,2123,N20,nominal,2.0NRT,285.16,1.51,N
37.63177,61.72427,298.36,0.44,0.46,2026-09-04,2123,N20,nominal,2.0NRT,284.65,0.66,N
37.61482,61.57648,305.95,0.45,0.47,2026-09-04,2123,N20,nominal,2.0NRT,288.78,2.07,N
37.61203,61.60741,316.11,0.45,0.47,2026-09-04,2123,N20,nominal,2.0NRT,288.77,2.78,N
37.61314,61.57415,303.24,0.45,0.47,2026-09-04,2123,N20,nominal,2.0NRT,286.83,0.94,N
37.61016,61.60503,319.31,0.45,0.47,2026-09-04,2123,N20,nominal,2.0NRT,291.21,2.6,N
37.60882,61.57352,298.78,0.45,0.47,2026-09-04,2123,N20,nominal,2.0NRT,286.09,0.94,N
37.59735,61.5561,297.83,0.45,0.47,2026-09-04,2123,N20,nominal,2.0NRT,285.18,0.5,N
37.59549,61.52959,295.98,0.45,0.47,2026-09-04,2123,N20,nominal,2.0NRT,285.06,0.53,N
37.55657,61.93338,299.8,0.43,0.46,2026-09-04,2123,N20,nominal,2.0NRT,285.3,0.77,N
37.58823,61.55996,301.97,0.45,0.47,2026-09-04,2123,N20,nominal,2.0NRT,286.33,1.52,N
37.82946,58.3834,301.91,0.34,0.56,2026-09-04,2123,N20,nominal,2.0NRT,288.15,0.53,N
37.50399,61.98987,299.67,0.43,0.46,2026-09-04,2123,N20,nominal,2.0NRT,284.46,0.74,N
37.50065,61.84443,316.13,0.44,0.46,2026-09-04,2123,N20,nominal,2.0NRT,289.33,1.95,N
37.49594,61.84873,309.37,0.44,0.46,2026-09-04,2123,N20,nominal,2.0NRT,288.57,1.95,N
37.48387,61.97678,299.36,0.43,0.46,2026-09-04,2123,N20,nominal,2.0NRT,284.61,0.63,N
37.42455,62.31035,306.68,0.41,0.45,2026-09-04,2123,N20,nominal,2.0NRT,284.85,1.13,N
37.39468,62.31507,298.74,0.41,0.45,2026-09-04,2123,N20,nominal,2.0NRT,285.98,0.49,N
37.51412,61.01334,297.95,0.48,0.48,2026-09-04,2123,N20,nominal,2.0NRT,284.2,1.02,N
37.50425,61.02307,296.36,0.48,0.48,2026-09-04,2123,N20,nominal,2.0NRT,285.18,1.33,N
37.5198,60.5787,296.39,0.51,0.49,2026-09-04,2123,N20,nominal,2.0NRT,282.48,0.56,N
37.51524,60.57808,315.98,0.51,0.49,2026-09-04,2123,N20,nominal,2.0NRT,283.5,2.34,N
37.48825,60.45573,297.77,0.52,0.5,2026-09-04,2123,N20,nominal,2.0NRT,281.71,0.95,N
37.4881,60.46032,297.3,0.52,0.5,2026-09-04,2123,N20,nominal,2.0NRT,284.2,0.78,N
37.40378,61.34416,297.02,0.46,0.47,2026-09-04,2123,N20,nominal,2.0NRT,283.17,0.68,N
37.34909,61.3627,302.96,0.46,0.47,2026-09-04,2123,N20,nominal,2.0NRT,284.82,1.12,N
37.22075,62.39747,295.31,0.41,0.45,2026-09-04,2123,N20,nominal,2.0NRT,282.76,0.38,N
37.32841,61.09539,301.83,0.48,0.48,2026-09-04,2123,N20,nominal,2.0NRT,285.11,1.31,N
37.32934,61.09452,303.25,0.48,0.48,2026-09-04,2123,N20,nominal,2.0NRT,285.2,1.15,N
37.12158,62.36107,325.34,0.41,0.45,2026-09-04,2123,N20,nominal,2.0NRT,286.36,3.1,N
37.11748,62.36042,297.9,0.41,0.45,2026-09-04,2123,N20,nominal,2.0NRT,286.73,3.1,N
37.11702,62.36502,312.71,0.41,0.45,2026-09-04,2123,N20,nominal,2.0NRT,287.18,2.06,N
37.45199,57.68596,305.4,0.37,0.58,2026-09-04,2123,N20,nominal,2.0NRT,287.7,1.2,N
37.03397,62.41526,331.27,0.4,0.44,2026-09-04,2123,N20,nominal,2.0NRT,290.4,3.56,N
37.0104,60.63179,322.58,0.5,0.49,2026-09-04,2123,N20,nominal,2.0NRT,285.01,3.29,N
37.00587,60.63118,321.38,0.5,0.49,2026-09-04,2123,N20,nominal,2.0NRT,286.07,2.21,N
37.00637,60.62552,310.73,0.5,0.49,2026-09-04,2123,N20,nominal,2.0NRT,283.09,2.21,N
37.00185,60.62489,308.05,0.5,0.49,2026-09-04,2123,N20,nominal,2.0NRT,283.98,2.21,N
36.99733,60.62428,329.25,0.5,0.49,2026-09-04,2123,N20,nominal,2.0NRT,284.8,4.44,N
36.61882,61.59518,305.4,0.44,0.46,2026-09-04,2123,N20,nominal,2.0NRT,284.27,0.71,N
36.99125,56.22708,297.57,0.44,0.62,2026-09-04,2123,N20,nominal,2.0NRT,283.92,0.38,N
36.47905,61.6217,300.51,0.44,0.46,2026-09-04,2123,N20,nominal,2.0NRT,285.82,1.95,N
36.54261,60.79444,337.05,0.49,0.48,2026-09-04,2123,N20,nominal,2.0NRT,287.26,7.17,N
36.53175,60.81536,296.71,0.48,0.48,2026-09-04,2123,N20,nominal,2.0NRT,284.85,0.41,N
36.44158,61.21747,302.5,0.46,0.47,2026-09-04,2123,N20,nominal,2.0NRT,286.75,0.85,N
36.46266,60.84897,309.36,0.48,0.48,2026-09-04,2123,N20,nominal,2.0NRT,287.41,1.24,N
36.27233,59.64774,298.06,0.56,0.51,2026-09-04,2123,N20,nominal,2.0NRT,287.89,0.87,N
36.27129,59.64814,297.31,0.56,0.51,2026-09-04,2123,N20,nominal,2.0NRT,287.15,0.3,N
36.33917,58.66426,296.27,0.64,0.54,2026-09-04,2123,N20,nominal,2.0NRT,284.67,1.14,N
35.35667,60.21394,296.29,0.51,0.49,2026-09-04,2123,N20,nominal,2.0NRT,284.85,0.94,N
35.36789,59.30189,298.08,0.57,0.52,2026-09-04,2123,N20,nominal,2.0NRT,285.35,1.01,N
35.36809,59.3019,297.55,0.57,0.52,2026-09-04,2123,N20,nominal,2.0NRT,284.97,0.69,N
34.6414,60.68629,295.88,0.47,0.48,2026-09-04,2123,N20,nominal,2.0NRT,284.69,0.33,N
31.25863,76.92339,299.65,0.32,0.55,2026-09-04,2123,N20,nominal,2.0NRT,286.47,0.74,N
31.25797,76.92616,299.97,0.32,0.55,2026-09-04,2123,N20,nominal,2.0NRT,287.19,1,N
32.28931,70.7398,307.04,0.44,0.39,2026-09-04,2123,N20,nominal,2.0NRT,294.16,1.64,N
33.75307,59.1433,300.44,0.56,0.51,2026-09-04,2123,N20,nominal,2.0NRT,282.83,1.68,N
33.27002,57.54018,304.12,0.34,0.56,2026-09-04,2123,N20,nominal,2.0NRT,288.42,0.62,N
33.2687,57.54021,302.29,0.34,0.56,2026-09-04,2123,N20,nominal,2.0NRT,287.38,0.72,N
33.04435,56.8451,307.88,0.37,0.58,2026-09-04,2123,N20,nominal,2.0NRT,293.33,1.17,N
32.33644,54.08457,300.21,0.54,0.68,2026-09-04,2123,N20,nominal,2.0NRT,289.83,1,N
32.33882,54.08468,300.73,0.54,0.68,2026-09-04,2123,N20,nominal,2.0NRT,289.46,1.01,N
30.66862,56.61837,301.11,0.37,0.58,2026-09-04,2125,N20,nominal,2.0NRT,283.2,0.81,N
30.39306,55.77365,301.5,0.41,0.61,2026-09-04,2125,N20,nominal,2.0NRT,288.81,1.03,N
28.42326,69.70197,316.8,0.45,0.39,2026-09-04,2125,N20,nominal,2.0NRT,296.94,1.47,N
30.08084,55.39467,311.34,0.43,0.62,2026-09-04,2125,N20,nominal,2.0NRT,286.95,2.62,N
29.99338,55.85033,324.52,0.4,0.6,2026-09-04,2125,N20,nominal,2.0NRT,287.36,2.8,N
29.47786,60.80644,306.9,0.4,0.44,2026-09-04,2125,N20,nominal,2.0NRT,290.34,0.96,N
27.94094,69.72205,310.66,0.46,0.39,2026-09-04,2125,N20,nominal,2.0NRT,296.64,0.94,N
29.51383,55.79609,309.12,0.4,0.6,2026-09-04,2125,N20,nominal,2.0NRT,289.97,1.33,N
29.43702,55.55753,297.54,0.41,0.61,2026-09-04,2125,N20,nominal,2.0NRT,287.15,0.57,N
22.52593,54.049,300.62,0.72,0.76,2026-09-04,2305,N20,nominal,2.0NRT,287.37,0.76,N
22.52562,54.04895,300.85,0.72,0.76,2026-09-04,2305,N20,nominal,2.0NRT,288.4,0.73,N
39.90083,63.05895,316.89,0.77,0.77,2026-09-04,2259,N20,nominal,2.0NRT,283.56,1.95,N
39.81368,63.03889,296.36,0.77,0.77,2026-09-04,2259,N20,nominal,2.0NRT,282.43,1.35,N
39.81083,63.04718,304.79,0.77,0.77,2026-09-04,2259,N20,nominal,2.0NRT,283.32,1.35,N
39.80608,63.04459,304.83,0.77,0.78,2026-09-04,2259,N20,nominal,2.0NRT,283.54,1.59,N
39.97274,58.93647,308.86,0.48,0.65,2026-09-04,2301,N20,nominal,2.0NRT,285.67,1.24,N
38.14778,61.23045,329.55,0.71,0.75,2026-09-04,2301,N20,nominal,2.0NRT,285.43,2.62,N
38.14656,61.22907,331.64,0.71,0.75,2026-09-04,2301,N20,nominal,2.0NRT,285.29,3.82,N
37.49709,61.84259,300.61,0.79,0.78,2026-09-04,2301,N20,nominal,2.0NRT,285.78,2.27,N
37.50008,61.84386,299.42,0.8,0.78,2026-09-04,2301,N20,nominal,2.0NRT,286.06,1.88,N
38.67703,57.06424,298.56,0.42,0.61,2026-09-04,2301,N20,nominal,2.0NRT,287.16,0.44,N
38.25378,58.39017,301.06,0.5,0.66,2026-09-04,2301,N20,nominal,2.0NRT,288.66,1.17,N
38.13164,58.42085,295.67,0.51,0.66,2026-09-04,2301,N20,nominal,2.0NRT,284.26,1.03,N
38.22213,57.98643,296.82,0.48,0.65,2026-09-04,2301,N20,nominal,2.0NRT,285.52,0.55,N
38.26548,57.65813,304.14,0.46,0.64,2026-09-04,2301,N20,nominal,2.0NRT,290.55,1.31,N
37.94324,58.5623,297.82,0.53,0.67,2026-09-04,2301,N20,nominal,2.0NRT,286.24,0.85,N
37.82925,58.3832,299.13,0.52,0.67,2026-09-04,2301,N20,nominal,2.0NRT,286.82,0.54,N
37.01338,60.62895,298.36,0.71,0.75,2026-09-04,2301,N20,nominal,2.0NRT,280.91,1.4,N
37.00692,60.62572,300.88,0.71,0.75,2026-09-04,2301,N20,nominal,2.0NRT,280.99,1.4,N
37.00477,60.62843,295.66,0.71,0.75,2026-09-04,2301,N20,nominal,2.0NRT,281.84,1.28,N
38.68268,54.31188,305.27,0.6,0.53,2026-09-04,2301,N20,nominal,2.0NRT,289.19,1.66,N
38.68099,54.31852,311.87,0.6,0.53,2026-09-04,2301,N20,nominal,2.0NRT,290.82,1.66,N
38.65018,54.28376,337.74,0.6,0.53,2026-09-04,2301,N20,nominal,2.0NRT,291.46,7.47,N
36.54372,60.79686,330.34,0.75,0.77,2026-09-04,2301,N20,nominal,2.0NRT,284.04,5.54,N
36.46642,60.84686,297.86,0.76,0.77,2026-09-04,2301,N20,nominal,2.0NRT,286.44,2.52,N
36.46778,60.84697,298.63,0.76,0.77,2026-09-04,2301,N20,nominal,2.0NRT,288.12,2.07,N
37.29502,55.48079,303.83,0.38,0.59,2026-09-04,2301,N20,nominal,2.0NRT,291.87,0.56,N
36.99229,56.2323,299.29,0.42,0.61,2026-09-04,2301,N20,nominal,2.0NRT,284.78,0.45,N
36.94656,54.88818,318.27,0.36,0.57,2026-09-04,2301,N20,nominal,2.0NRT,291.67,1.57,N
36.94641,54.88711,307.62,0.36,0.57,2026-09-04,2301,N20,nominal,2.0NRT,291.47,0.89,N
36.94543,54.89091,303.17,0.36,0.57,2026-09-04,2301,N20,nominal,2.0NRT,291.87,0.89,N
36.4834,54.90054,296.73,0.37,0.58,2026-09-04,2301,N20,nominal,2.0NRT,286.64,0.69,N
36.35729,54.11935,296.04,0.34,0.56,2026-09-04,2301,N20,nominal,2.0NRT,284.55,0.45,N
36.35376,54.11842,295.34,0.34,0.56,2026-09-04,2301,N20,nominal,2.0NRT,284.83,0.14,N
36.3206,54.1855,295.29,0.34,0.56,2026-09-04,2301,N20,nominal,2.0NRT,283.94,0.34,N
32.33471,54.08804,300.82,0.42,0.61,2026-09-04,2303,N20,nominal,2.0NRT,288.83,1.42,N
32.14339,54.32925,308.75,0.44,0.63,2026-09-04,2303,N20,nominal,2.0NRT,290.11,0.86,N
30.75343,56.65541,298.6,0.65,0.73,2026-09-04,2303,N20,nominal,2.0NRT,288.56,2.41,N
30.49825,56.81786,302.13,0.68,0.74,2026-09-04,2303,N20,nominal,2.0NRT,288.98,1.98,N
30.50165,56.81757,307.03,0.68,0.74,2026-09-04,2303,N20,nominal,2.0NRT,288.87,2.11,N
30.36859,56.12624,298.66,0.62,0.72,2026-09-04,2303,N20,nominal,2.0NRT,287.26,0.82,N
30.36878,56.12569,299.26,0.62,0.72,2026-09-04,2303,N20,nominal,2.0NRT,287.23,1.03,N
29.9279,56.7329,300.04,0.69,0.75,2026-09-04,2303,N20,nominal,2.0NRT,282.99,1.58,N
29.99402,55.85259,312.77,0.62,0.71,2026-09-04,2303,N20,nominal,2.0NRT,285.55,2.22,N
29.99369,55.85151,316.47,0.62,0.71,2026-09-04,2303,N20,nominal,2.0NRT,284.74,2.49,N
27.16487,56.09646,308.02,0.74,0.76,2026-09-04,2303,N20,nominal,2.0NRT,293.97,3.49,N
27.17024,56.05095,312.12,0.74,0.76,2026-09-04,2303,N20,nominal,2.0NRT,294.06,3.88,N
27.1682,56.05823,316.12,0.74,0.76,2026-09-04,2303,N20,nominal,2.0NRT,293.87,3.88,N
27.16881,56.05682,324.78,0.74,0.76,2026-09-04,2303,N20,nominal,2.0NRT,294.47,8.04,N
24.99157,55.62254,312.51,0.79,0.78,2026-09-04,2305,N20,nominal,2.0NRT,292.99,2.13,N
24.99437,55.62473,312.96,0.79,0.78,2026-09-04,2305,N20,nominal,2.0NRT,293.34,3.75,N
36.86064,101.76055,348.04,0.53,0.67,2026-09-05,0521,N20,nominal,2.0NRT,293.61,6.25,D
5.55771,100.41006,327.28,0.4,0.37,2026-09-05,0652,N20,nominal,2.0NRT,287.82,1.88,D
35.4636,101.96143,333.58,0.35,0.57,2026-09-05,0659,N20,nominal,2.0NRT,300.2,2.52,D
36.8315,101.80833,330.97,0.36,0.57,2026-09-05,0659,N20,nominal,2.0NRT,297.1,2.05,D
13.50837,99.38946,332.36,0.43,0.38,2026-09-05,0654,N20,nominal,2.0NRT,296.47,2.48,D
13.49219,99.27608,330.96,0.42,0.38,2026-09-05,0654,N20,nominal,2.0NRT,296.66,2.39,D
13.49165,99.27225,331.07,0.42,0.38,2026-09-05,0654,N20,nominal,2.0NRT,298.05,3.57,D
13.87064,100.91347,334.27,0.51,0.41,2026-09-05,0654,N20,nominal,2.0NRT,295.42,4.06,D
13.94502,100.10667,332.77,0.46,0.39,2026-09-05,0654,N20,nominal,2.0NRT,296.34,2.31,D
14.14349,100.76104,335.49,0.5,0.41,2026-09-05,0654,N20,nominal,2.0NRT,294.97,5.19,D
14.11831,100.36028,346.93,0.48,0.4,2026-09-05,0654,N20,nominal,2.0NRT,297.22,9.13,D
14.12814,100.40387,334.89,0.48,0.4,2026-09-05,0654,N20,nominal,2.0NRT,296.3,4.85,D
14.14205,100.34341,335.8,0.48,0.4,2026-09-05,0654,N20,nominal,2.0NRT,294.62,4.01,D
14.16575,100.05838,344.25,0.46,0.39,2026-09-05,0654,N20,nominal,2.0NRT,295.61,4.22,D
14.19641,100.1721,336.6,0.47,0.4,2026-09-05,0654,N20,nominal,2.0NRT,292.12,5.14,D
14.20003,100.17157,338.58,0.47,0.4,2026-09-05,0654,N20,nominal,2.0NRT,289.35,5.14,D
14.2508,100.40086,334.99,0.48,0.4,2026-09-05,0654,N20,nominal,2.0NRT,296.71,2.36,D
14.23588,100.26829,343.45,0.47,0.4,2026-09-05,0654,N20,nominal,2.0NRT,297.43,5.28,D
14.19572,99.95884,338.56,0.46,0.39,2026-09-05,0654,N20,nominal,2.0NRT,296.43,4.29,D
14.25959,100.27521,330.35,0.47,0.4,2026-09-05,0654,N20,nominal,2.0NRT,296.23,5.27,D
14.25899,100.27083,334.76,0.47,0.4,2026-09-05,0654,N20,nominal,2.0NRT,296.74,4.79,D
14.26868,100.2873,334.65,0.48,0.4,2026-09-05,0654,N20,nominal,2.0NRT,296.97,4.67,D
14.24547,100.11792,330.08,0.47,0.39,2026-09-05,0654,N20,nominal,2.0NRT,288.86,2.13,D
14.29178,100.29292,337.11,0.48,0.4,2026-09-05,0654,N20,nominal,2.0NRT,296.46,7.24,D
14.29057,100.28413,333.73,0.48,0.4,2026-09-05,0654,N20,nominal,2.0NRT,295.9,2.83,D
14.26559,99.94545,334.07,0.46,0.39,2026-09-05,0654,N20,nominal,2.0NRT,295.63,3.82,D
14.265,99.94122,334.01,0.46,0.39,2026-09-05,0654,N20,nominal,2.0NRT,296.13,3.82,D
14.31368,100.26294,331.25,0.47,0.4,2026-09-05,0654,N20,nominal,2.0NRT,294.17,1.4,D
14.30577,100.20624,336.21,0.47,0.4,2026-09-05,0654,N20,nominal,2.0NRT,296.11,2.79,D
14.33325,100.34986,336.53,0.48,0.4,2026-09-05,0654,N20,nominal,2.0NRT,297.28,3.13,D
14.33938,100.36705,338.66,0.48,0.4,2026-09-05,0654,N20,nominal,2.0NRT,295.53,4.45,D
14.35486,100.45114,331.15,0.48,0.4,2026-09-05,0654,N20,nominal,2.0NRT,296.88,2.26,D
14.33749,100.32674,340.93,0.48,0.4,2026-09-05,0654,N20,nominal,2.0NRT,297.92,4.29,D
14.35101,100.3699,340.59,0.48,0.4,2026-09-05,0654,N20,nominal,2.0NRT,296.67,4.39,D
14.3227,100.16837,331.47,0.47,0.4,2026-09-05,0654,N20,nominal,2.0NRT,292.54,2.11,D
14.3553,100.37381,335.62,0.48,0.4,2026-09-05,0654,N20,nominal,2.0NRT,296.52,3.08,D
14.32873,100.15868,335.8,0.47,0.4,2026-09-05,0654,N20,nominal,2.0NRT,297.12,4.81,D
14.31293,100.04691,330.54,0.46,0.39,2026-09-05,0654,N20,nominal,2.0NRT,296.44,4.33,D
14.31232,100.04264,331.25,0.46,0.39,2026-09-05,0654,N20,nominal,2.0NRT,297.54,4.16,D
14.31592,100.04212,333.08,0.46,0.39,2026-09-05,0654,N20,nominal,2.0NRT,298.88,4.83,D
14.32682,100.09298,330.57,0.47,0.39,2026-09-05,0654,N20,nominal,2.0NRT,293.97,3.3,D
14.3656,100.34072,338.17,0.48,0.4,2026-09-05,0654,N20,nominal,2.0NRT,297.28,3.98,D
14.33716,100.13982,339.79,0.47,0.4,2026-09-05,0654,N20,nominal,2.0NRT,294.77,6.24,D
14.36546,100.34177,332.55,0.48,0.4,2026-09-05,0654,N20,nominal,2.0NRT,297.69,3.66,D
14.36486,100.33735,337.85,0.48,0.4,2026-09-05,0654,N20,nominal,2.0NRT,295.77,3.02,D
14.33816,100.14051,332.05,0.47,0.4,2026-09-05,0654,N20,nominal,2.0NRT,295.24,3.45,D
14.33757,100.13618,335.1,0.47,0.4,2026-09-05,0654,N20,nominal,2.0NRT,295.52,5.7,D
14.37399,100.34958,331.06,0.48,0.4,2026-09-05,0654,N20,nominal,2.0NRT,297.23,2.77,D
14.36985,100.29163,342.25,0.48,0.4,2026-09-05,0654,N20,nominal,2.0NRT,294.54,4.95,D
14.34549,100.11303,330.42,0.47,0.39,2026-09-05,0654,N20,nominal,2.0NRT,296.13,3.04,D
14.36633,100.23845,331.93,0.47,0.4,2026-09-05,0654,N20,nominal,2.0NRT,292.08,2.39,D
14.25537,99.36008,337.16,0.43,0.38,2026-09-05,0654,N20,nominal,2.0NRT,299.74,6.92,D
14.36003,100.08458,330.04,0.47,0.39,2026-09-05,0654,N20,nominal,2.0NRT,294.42,1.97,D
14.40148,100.35919,335.77,0.48,0.4,2026-09-05,0654,N20,nominal,2.0NRT,296.23,3.16,D
14.38937,100.27087,331.29,0.48,0.4,2026-09-05,0654,N20,nominal,2.0NRT,296.17,3.99,D
14.40396,100.29569,331.67,0.48,0.4,2026-09-05,0654,N20,nominal,2.0NRT,296.8,3.22,D
14.40579,100.28196,335.27,0.48,0.4,2026-09-05,0654,N20,nominal,2.0NRT,294.46,6.28,D
14.42226,100.34715,330.02,0.48,0.4,2026-09-05,0654,N20,nominal,2.0NRT,295.05,3.04,D
14.45844,100.39185,334.98,0.48,0.4,2026-09-05,0654,N20,nominal,2.0NRT,291.66,3.65,D
14.47571,100.21957,345.44,0.47,0.4,2026-09-05,0654,N20,nominal,2.0NRT,298.22,9.72,D
14.48475,100.25857,332.05,0.48,0.4,2026-09-05,0654,N20,nominal,2.0NRT,295.06,4.11,D
14.46974,99.80547,337.68,0.45,0.39,2026-09-05,0654,N20,nominal,2.0NRT,299.72,5.71,D
14.51933,99.97526,332.08,0.46,0.39,2026-09-05,0654,N20,nominal,2.0NRT,296.82,3.02,D
14.52354,99.979,333.68,0.46,0.39,2026-09-05,0654,N20,nominal,2.0NRT,296.21,4.04,D
14.57865,100.29003,332.72,0.48,0.4,2026-09-05,0654,N20,nominal,2.0NRT,296.71,3.87,D
14.57803,100.28561,334.95,0.48,0.4,2026-09-05,0654,N20,nominal,2.0NRT,296.93,3.87,D
14.57786,100.28593,335.12,0.48,0.4,2026-09-05,0654,N20,nominal,2.0NRT,296.76,7.23,D
14.63958,100.60374,330.24,0.5,0.41,2026-09-05,0654,N20,nominal,2.0NRT,294.64,3,D
14.70745,100.62701,336.23,0.5,0.41,2026-09-05,0654,N20,nominal,2.0NRT,295.06,6.4,D
14.73532,100.71779,342.8,0.51,0.41,2026-09-05,0654,N20,nominal,2.0NRT,298.01,8.43,D
14.74657,100.42755,332,0.49,0.4,2026-09-05,0654,N20,nominal,2.0NRT,295.65,2.74,D
14.82624,100.5932,331.69,0.5,0.41,2026-09-05,0654,N20,nominal,2.0NRT,295.55,3.38,D
14.82366,100.45013,334.67,0.49,0.4,2026-09-05,0654,N20,nominal,2.0NRT,295.7,3.68,D
15.11195,101.92625,330.23,0.4,0.44,2026-09-05,0654,N20,nominal,2.0NRT,295.07,2.82,D
15.00607,100.43981,330.14,0.49,0.4,2026-09-05,0654,N20,nominal,2.0NRT,294.8,2.83,D
14.9533,100.0078,334.39,0.47,0.4,2026-09-05,0654,N20,nominal,2.0NRT,296.07,5.3,D
15.01385,100.36002,336.4,0.49,0.4,2026-09-05,0654,N20,nominal,2.0NRT,295.46,6.37,D
14.96775,99.97923,335.37,0.47,0.39,2026-09-05,0654,N20,nominal,2.0NRT,296.09,3.07,D
15.01649,100.36086,333.14,0.49,0.4,2026-09-05,0654,N20,nominal,2.0NRT,294.81,5.28,D
14.96887,99.9799,334.53,0.47,0.4,2026-09-05,0654,N20,nominal,2.0NRT,296.18,3.98,D
14.96828,99.97559,331.4,0.47,0.39,2026-09-05,0654,N20,nominal,2.0NRT,297.05,3.98,D
14.99897,100.01093,337.6,0.47,0.4,2026-09-05,0654,N20,nominal,2.0NRT,298,3.92,D
15.04979,100.27344,330.35,0.48,0.4,2026-09-05,0654,N20,nominal,2.0NRT,296.19,2.95,D
15.13753,100.75006,335.91,0.51,0.41,2026-09-05,0654,N20,nominal,2.0NRT,289.75,5.56,D
15.1144,100.55234,333.8,0.5,0.41,2026-09-05,0654,N20,nominal,2.0NRT,294.24,2.94,D
15.18259,100.65306,334.83,0.51,0.41,2026-09-05,0654,N20,nominal,2.0NRT,294.87,2.58,D
15.15237,100.12337,334.45,0.48,0.4,2026-09-05,0654,N20,nominal,2.0NRT,297.63,19.78,D
15.26762,100.57421,340.95,0.5,0.41,2026-09-05,0654,N20,nominal,2.0NRT,296.26,15.12,D
15.2687,100.57557,342.86,0.5,0.41,2026-09-05,0654,N20,nominal,2.0NRT,295.41,10.57,D
15.33735,100.5182,334.33,0.5,0.41,2026-09-05,0654,N20,nominal,2.0NRT,294.23,6.76,D
15.41736,100.42369,335.22,0.5,0.41,2026-09-05,0654,N20,nominal,2.0NRT,296.07,4.25,D
15.61263,101.07023,337.44,0.54,0.42,2026-09-05,0654,N20,nominal,2.0NRT,292.85,3.86,D
15.78831,100.25043,332.34,0.49,0.4,2026-09-05,0654,N20,nominal,2.0NRT,290.47,2.32,D
15.85057,100.18118,335.82,0.49,0.4,2026-09-05,0654,N20,nominal,2.0NRT,295.77,4.15,D
15.89389,99.84881,331.43,0.47,0.4,2026-09-05,0654,N20,nominal,2.0NRT,296.26,0.93,D
15.89753,99.84829,340.82,0.47,0.4,2026-09-05,0654,N20,nominal,2.0NRT,296.08,3.92,D
15.97426,100.19434,343.83,0.49,0.4,2026-09-05,0654,N20,nominal,2.0NRT,296.32,4.17,D
15.96717,100.05677,334.9,0.48,0.4,2026-09-05,0654,N20,nominal,2.0NRT,296.02,3.72,D
15.97715,99.90991,331.47,0.47,0.4,2026-09-05,0654,N20,nominal,2.0NRT,296.35,3.19,D
15.98809,99.93542,332.45,0.48,0.4,2026-09-05,0654,N20,nominal,2.0NRT,294.65,3.38,D
16.02056,100.14587,338.89,0.49,0.4,2026-09-05,0654,N20,nominal,2.0NRT,295.13,6.16,D
16.00946,100.06444,342.56,0.48,0.4,2026-09-05,0654,N20,nominal,2.0NRT,295.84,5.55,D
16.01618,100.0314,337.2,0.48,0.4,2026-09-05,0654,N20,nominal,2.0NRT,295.86,3.77,D
16.04513,100.10535,333.93,0.49,0.4,2026-09-05,0654,N20,nominal,2.0NRT,294.53,3.24,D
16.0445,100.10082,332.51,0.49,0.4,2026-09-05,0654,N20,nominal,2.0NRT,295.07,3.24,D
16.02401,99.9257,336.26,0.48,0.4,2026-09-05,0654,N20,nominal,2.0NRT,295.85,5.47,D
16.02766,99.92519,342.59,0.48,0.4,2026-09-05,0654,N20,nominal,2.0NRT,295.17,5.47,D
16.19468,100.32429,336,0.5,0.41,2026-09-05,0654,N20,nominal,2.0NRT,292.25,4.57,D
16.19618,100.32528,336.2,0.5,0.41,2026-09-05,0654,N20,nominal,2.0NRT,291.78,3.87,D
16.18469,99.81861,330.95,0.47,0.4,2026-09-05,0654,N20,nominal,2.0NRT,294.52,2.68,D
16.18183,99.61043,332.97,0.46,0.39,2026-09-05,0654,N20,nominal,2.0NRT,294.74,3.02,D
16.26238,99.75905,331.49,0.47,0.4,2026-09-05,0654,N20,nominal,2.0NRT,291.97,2.41,D
16.2763,99.75255,331.88,0.47,0.4,2026-09-05,0654,N20,nominal,2.0NRT,293.82,2.59,D
16.31872,100.00944,338.18,0.48,0.4,2026-09-05,0654,N20,nominal,2.0NRT,293.89,4,D
16.34786,99.81395,331.99,0.47,0.4,2026-09-05,0654,N20,nominal,2.0NRT,294.58,4.8,D
16.34846,99.81533,334.36,0.47,0.4,2026-09-05,0654,N20,nominal,2.0NRT,294.55,3.12,D
16.31096,99.40189,330.96,0.45,0.39,2026-09-05,0654,N20,nominal,2.0NRT,294.99,2.44,D
16.39946,99.86223,334.35,0.48,0.4,2026-09-05,0654,N20,nominal,2.0NRT,294.26,3.32,D
16.40312,99.86169,333.35,0.48,0.4,2026-09-05,0654,N20,nominal,2.0NRT,295.69,3.03,D
16.39183,99.5906,336.18,0.46,0.39,2026-09-05,0654,N20,nominal,2.0NRT,296.17,3.65,D
16.57335,99.65951,333.88,0.47,0.4,2026-09-05,0654,N20,nominal,2.0NRT,295.96,3.53,D
16.76949,100.08997,337.43,0.49,0.41,2026-09-05,0654,N20,nominal,2.0NRT,294.06,3.97,D
16.98736,99.52277,332.37,0.47,0.39,2026-09-05,0654,N20,nominal,2.0NRT,291.39,4.23,D
17.1501,99.10294,341.6,0.45,0.39,2026-09-05,0657,N20,nominal,2.0NRT,299.6,8.73,D
17.16132,99.10553,335.97,0.45,0.39,2026-09-05,0657,N20,nominal,2.0NRT,299.23,4.56,D
17.16908,99.08301,335.08,0.45,0.39,2026-09-05,0657,N20,nominal,2.0NRT,299.08,5.81,D
17.18735,99.11027,339.44,0.45,0.39,2026-09-05,0657,N20,nominal,2.0NRT,298.8,5.18,D
19.29666,101.71416,340.48,0.44,0.46,2026-09-05,0657,N20,nominal,2.0NRT,294.57,4.15,D
20.75933,85.29932,331.12,0.38,0.59,2026-09-05,0657,N20,nominal,2.0NRT,293.52,4.79,D
20.96386,86.00793,349.45,0.34,0.56,2026-09-05,0657,N20,nominal,2.0NRT,292.29,4.4,D
20.96189,86.00809,343.96,0.34,0.56,2026-09-05,0657,N20,nominal,2.0NRT,292.03,5.75,D
20.86409,84.99059,331.74,0.4,0.6,2026-09-05,0657,N20,nominal,2.0NRT,292.61,4.32,D
23.69259,87.12342,328.11,0.51,0.49,2026-09-05,0659,N20,nominal,2.0NRT,292.48,5.48,D
23.6451,85.44025,336.59,0.33,0.55,2026-09-05,0659,N20,nominal,2.0NRT,292.04,3.74,D
26.57428,101.67021,329.67,0.54,0.51,2026-09-05,0659,N20,nominal,2.0NRT,299.24,6.95,D
29.30879,88.86539,328.51,0.49,0.4,2026-09-05,0659,N20,nominal,2.0NRT,292.95,2.99,D
37.03331,62.41824,350.39,0.43,0.38,2026-09-05,0841,N20,low,2.0NRT,321.79,11.69,D
37.14141,60.42675,344.22,0.51,0.41,2026-09-05,0841,N20,low,2.0NRT,314.78,4.75,D
37.1462,60.43118,341.52,0.51,0.41,2026-09-05,0841,N20,low,2.0NRT,314.29,5.92,D
38.56808,69.11082,332.16,0.47,0.4,2026-09-05,0841,N20,nominal,2.0NRT,306.27,2.57,D
37.34196,60.68922,347.15,0.49,0.4,2026-09-05,0841,N20,nominal,2.0NRT,320.49,9.16,D
37.49475,60.5981,347.77,0.49,0.4,2026-09-05,0841,N20,nominal,2.0NRT,318.4,12.61,D
37.45314,59.91739,347.28,0.53,0.42,2026-09-05,0841,N20,nominal,2.0NRT,319.02,11.82,D
37.06635,54.64599,330.08,0.33,0.55,2026-09-05,0841,N20,low,2.0NRT,303.97,1.3,D
39.63984,66.85854,337.43,0.41,0.37,2026-09-05,0841,N20,low,2.0NRT,312.15,8.95,D
38.40947,57.42965,342.29,0.44,0.46,2026-09-05,0843,N20,low,2.0NRT,313.37,3.03,D
38.5815,57.24414,343.11,0.45,0.47,2026-09-05,0843,N20,nominal,2.0NRT,312.16,4,D
39.90006,63.0638,348.87,0.39,0.36,2026-09-05,0843,N20,nominal,2.0NRT,321.03,2.58,D
38.65027,54.28555,344.83,0.63,0.54,2026-09-05,0843,N20,nominal,2.0NRT,315.63,10.45,D
38.67995,54.31947,343.6,0.63,0.54,2026-09-05,0843,N20,low,2.0NRT,316.01,8.65,D
39.9738,58.93712,344.33,0.53,0.42,2026-09-05,0843,N20,low,2.0NRT,318.96,3.84,D
6.18278,81.01041,330.74,0.59,0.53,2026-09-05,0835,N20,nominal,2.0NRT,296.31,5.97,D
6.1891,81.02039,334.44,0.59,0.53,2026-09-05,0835,N20,nominal,2.0NRT,295.61,8.23,D
6.18836,81.01508,344.66,0.59,0.53,2026-09-05,0835,N20,nominal,2.0NRT,296.98,8.23,D
6.19321,81.01443,338.92,0.59,0.53,2026-09-05,0835,N20,nominal,2.0NRT,296.41,5.9,D
6.35687,80.85714,340.91,0.58,0.52,2026-09-05,0835,N20,nominal,2.0NRT,293.69,5.29,D
7.30252,81.83919,336.53,0.35,0.57,2026-09-05,0835,N20,nominal,2.0NRT,293.43,2.92,D
7.57166,81.37946,331.56,0.33,0.55,2026-09-05,0835,N20,nominal,2.0NRT,294.46,3.12,D
7.58904,80.83503,331.56,0.6,0.53,2026-09-05,0835,N20,nominal,2.0NRT,295.74,2.9,D
7.69826,81.59924,330.38,0.34,0.56,2026-09-05,0835,N20,nominal,2.0NRT,295.57,2.98,D
7.70901,81.60101,336.01,0.34,0.56,2026-09-05,0835,N20,nominal,2.0NRT,294.54,1.76,D
7.6666,81.17891,367,0.32,0.54,2026-09-05,0835,N20,high,2.0NRT,298.25,14.13,D
7.61915,80.83672,331.58,0.6,0.53,2026-09-05,0835,N20,nominal,2.0NRT,297.03,4.13,D
7.688,80.99461,330.29,0.62,0.54,2026-09-05,0835,N20,nominal,2.0NRT,297.57,5.31,D
7.75175,81.20334,335.14,0.32,0.55,2026-09-05,0835,N20,nominal,2.0NRT,286.1,3.47,D
7.75135,81.20041,354.41,0.32,0.55,2026-09-05,0835,N20,nominal,2.0NRT,295.12,3.47,D
7.76541,81.22837,353.31,0.32,0.55,2026-09-05,0835,N20,nominal,2.0NRT,299.41,7.87,D
7.7859,81.04527,352.85,0.63,0.54,2026-09-05,0835,N20,nominal,2.0NRT,298.7,20.16,D
7.79826,81.06105,345.2,0.63,0.54,2026-09-05,0835,N20,nominal,2.0NRT,297.32,15.18,D
7.78141,81.04338,342.47,0.63,0.54,2026-09-05,0835,N20,nominal,2.0NRT,298.37,6.12,D
7.78638,81.04273,342.97,0.63,0.54,2026-09-05,0835,N20,nominal,2.0NRT,298.86,11.49,D
7.79363,81.05916,336.71,0.63,0.54,2026-09-05,0835,N20,nominal,2.0NRT,297.08,6.6,D
7.84678,81.38197,340.93,0.33,0.55,2026-09-05,0835,N20,nominal,2.0NRT,289.99,2.91,D
7.86078,81.44814,331.14,0.34,0.56,2026-09-05,0835,N20,nominal,2.0NRT,295.24,2.09,D
7.92275,81.40601,331.37,0.33,0.56,2026-09-05,0835,N20,nominal,2.0NRT,294.32,1.94,D
7.92954,81.27548,339.87,0.33,0.55,2026-09-05,0835,N20,nominal,2.0NRT,296.3,3.06,D
7.87594,80.61301,337.36,0.59,0.53,2026-09-05,0835,N20,nominal,2.0NRT,295.61,9.43,D
7.87521,80.60765,334.17,0.59,0.53,2026-09-05,0835,N20,nominal,2.0NRT,296.17,7.43,D
7.96009,81.19627,335.78,0.32,0.55,2026-09-05,0835,N20,nominal,2.0NRT,297.5,2.59,D
7.95969,81.19335,333.27,0.32,0.55,2026-09-05,0835,N20,nominal,2.0NRT,297.56,2.59,D
7.9593,81.19045,334.72,0.32,0.55,2026-09-05,0835,N20,nominal,2.0NRT,297.1,2.91,D
7.96513,81.19561,355.66,0.32,0.55,2026-09-05,0835,N20,nominal,2.0NRT,295.67,5.28,D
7.89703,80.65909,330.6,0.59,0.53,2026-09-05,0835,N20,nominal,2.0NRT,294.55,7.61,D
7.85522,80.04656,342,0.54,0.51,2026-09-05,0835,N20,nominal,2.0NRT,294.22,9.01,D
7.82685,79.84628,332.4,0.52,0.5,2026-09-05,0835,N20,nominal,2.0NRT,296.57,4.42,D
7.85405,80.04834,348.94,0.54,0.51,2026-09-05,0835,N20,nominal,2.0NRT,295.4,9.92,D
7.8272,79.84754,334.18,0.52,0.5,2026-09-05,0835,N20,nominal,2.0NRT,296.24,4.26,D
8.02543,81.19125,336.15,0.32,0.55,2026-09-05,0835,N20,nominal,2.0NRT,297.24,3.13,D
7.85981,79.88152,335.29,0.52,0.5,2026-09-05,0835,N20,nominal,2.0NRT,294.35,0.98,D
7.96991,80.47933,339.87,0.58,0.52,2026-09-05,0835,N20,nominal,2.0NRT,295.35,7.53,D
8.01838,80.68953,340.82,0.6,0.53,2026-09-05,0835,N20,nominal,2.0NRT,294.29,13.6,D
8.01511,80.62984,334.61,0.59,0.53,2026-09-05,0835,N20,nominal,2.0NRT,295.76,11.4,D
7.99603,80.38634,341.24,0.57,0.52,2026-09-05,0835,N20,nominal,2.0NRT,295.55,6.18,D
7.97826,80.25906,342.92,0.56,0.51,2026-09-05,0835,N20,nominal,2.0NRT,295.15,10.84,D
7.97756,80.25401,349.93,0.56,0.51,2026-09-05,0835,N20,nominal,2.0NRT,296.56,10.84,D
8.03712,80.61059,332.49,0.59,0.53,2026-09-05,0835,N20,nominal,2.0NRT,295.39,5.14,D
8.03651,80.61398,331.48,0.59,0.53,2026-09-05,0835,N20,nominal,2.0NRT,295.65,8.08,D
8.05333,80.66654,330.01,0.6,0.53,2026-09-05,0835,N20,nominal,2.0NRT,297.5,9.18,D
8.08862,80.63449,340.5,0.59,0.53,2026-09-05,0835,N20,nominal,2.0NRT,296.68,9.97,D
8.02606,80.17345,335.39,0.55,0.51,2026-09-05,0835,N20,nominal,2.0NRT,295.2,6.06,D
8.11792,80.81448,330.15,0.61,0.54,2026-09-05,0835,N20,nominal,2.0NRT,296.38,7.02,D
8.12283,80.81379,349.02,0.61,0.54,2026-09-05,0835,N20,nominal,2.0NRT,296.44,7.02,D
8.12208,80.80826,335.26,0.61,0.53,2026-09-05,0835,N20,nominal,2.0NRT,296.26,7.02,D
8.18007,81.08625,331.33,0.32,0.55,2026-09-05,0835,N20,nominal,2.0NRT,297.41,4.7,D
8.07874,80.34695,332.9,0.57,0.52,2026-09-05,0835,N20,nominal,2.0NRT,295.9,5.55,D
8.21037,81.01023,330.85,0.63,0.54,2026-09-05,0835,N20,nominal,2.0NRT,296.37,3.83,D
8.06046,79.87606,341.99,0.53,0.5,2026-09-05,0835,N20,nominal,2.0NRT,294.43,7.5,D
8.21099,81.01199,331.25,0.63,0.54,2026-09-05,0835,N20,nominal,2.0NRT,296.57,3.7,D
8.06007,79.87634,340.56,0.53,0.5,2026-09-05,0835,N20,nominal,2.0NRT,294.55,4.68,D
8.23654,81.05126,367,0.32,0.54,2026-09-05,0835,N20,high,2.0NRT,295.84,5.97,D
8.1586,80.18225,332.2,0.55,0.51,2026-09-05,0835,N20,nominal,2.0NRT,296.21,4.52,D
8.25692,80.32709,333.24,0.57,0.52,2026-09-05,0835,N20,nominal,2.0NRT,294,2.29,D
8.24379,80.22986,336.5,0.56,0.51,2026-09-05,0835,N20,nominal,2.0NRT,295.53,6.52,D
8.36763,81.03859,332.21,0.32,0.55,2026-09-05,0835,N20,nominal,2.0NRT,296.17,2.82,D
8.3869,81.03013,344.32,0.32,0.54,2026-09-05,0835,N20,nominal,2.0NRT,296.73,3.42,D
8.3865,81.02721,338.89,0.32,0.54,2026-09-05,0835,N20,nominal,2.0NRT,295.66,3.42,D
8.35752,80.77731,341.62,0.61,0.54,2026-09-05,0835,N20,nominal,2.0NRT,293.9,4.6,D
8.34808,80.59987,345.13,0.6,0.53,2026-09-05,0835,N20,nominal,2.0NRT,294.82,5.28,D
8.37276,80.28262,333.91,0.57,0.52,2026-09-05,0835,N20,nominal,2.0NRT,295.18,5.07,D
8.43571,80.67415,336.76,0.6,0.53,2026-09-05,0835,N20,nominal,2.0NRT,296.11,5.65,D
8.47743,80.8335,330.31,0.62,0.54,2026-09-05,0835,N20,nominal,2.0NRT,293.46,4.65,D
8.50194,80.86491,345.48,0.62,0.54,2026-09-05,0835,N20,nominal,2.0NRT,295.62,15.29,D
8.47975,80.66825,339.84,0.6,0.53,2026-09-05,0835,N20,nominal,2.0NRT,293.67,5.46,D
8.47898,80.66276,331.71,0.6,0.53,2026-09-05,0835,N20,nominal,2.0NRT,296.66,9.8,D
8.51187,80.86365,337.69,0.62,0.54,2026-09-05,0835,N20,nominal,2.0NRT,296.08,9.06,D
8.49545,80.74538,334.12,0.61,0.54,2026-09-05,0835,N20,nominal,2.0NRT,296.58,7.66,D
8.47105,80.49921,339.91,0.59,0.53,2026-09-05,0835,N20,nominal,2.0NRT,295.53,10.13,D
8.44498,80.49495,333.2,0.59,0.53,2026-09-05,0835,N20,nominal,2.0NRT,294.39,5.86,D
8.49795,80.86361,335.1,0.62,0.54,2026-09-05,0835,N20,nominal,2.0NRT,295.65,10.57,D
8.50292,80.86298,333.45,0.62,0.54,2026-09-05,0835,N20,nominal,2.0NRT,295.26,12.66,D
8.4773,80.66657,345.53,0.6,0.53,2026-09-05,0835,N20,nominal,2.0NRT,294.65,13.75,D
8.4924,80.74388,335.69,0.61,0.54,2026-09-05,0835,N20,nominal,2.0NRT,297.03,10.84,D
8.51285,80.86169,338.32,0.62,0.54,2026-09-05,0835,N20,nominal,2.0NRT,296.48,14.14,D
8.46988,80.49715,338.93,0.59,0.53,2026-09-05,0835,N20,nominal,2.0NRT,296.48,6.12,D
8.5488,80.75332,331.78,0.61,0.54,2026-09-05,0835,N20,nominal,2.0NRT,297.29,3.76,D
8.55488,80.72415,335.38,0.61,0.54,2026-09-05,0835,N20,nominal,2.0NRT,297.28,6.61,D
8.56359,80.7514,342.17,0.61,0.54,2026-09-05,0835,N20,nominal,2.0NRT,295.07,10.34,D
8.56928,80.75635,331.35,0.61,0.54,2026-09-05,0835,N20,nominal,2.0NRT,295.5,5.21,D
8.61873,81.00755,340.59,0.32,0.55,2026-09-05,0835,N20,nominal,2.0NRT,293.15,3.73,D
8.62456,81.01276,336.04,0.32,0.55,2026-09-05,0835,N20,nominal,2.0NRT,295.42,3.66,D
8.63039,81.018,332,0.32,0.55,2026-09-05,0835,N20,nominal,2.0NRT,295.67,3.35,D
8.62999,81.01508,335.73,0.32,0.55,2026-09-05,0835,N20,nominal,2.0NRT,296.32,3.35,D
8.63422,81.0086,343.41,0.32,0.55,2026-09-05,0835,N20,nominal,2.0NRT,295.43,4.06,D
8.62976,81.01569,345.75,0.32,0.55,2026-09-05,0835,N20,nominal,2.0NRT,296.31,3.19,D
8.63365,81.00626,343.6,0.32,0.55,2026-09-05,0835,N20,nominal,2.0NRT,296.05,4.27,D
8.57936,80.36658,343.55,0.58,0.52,2026-09-05,0835,N20,nominal,2.0NRT,297.47,6.4,D
8.58346,80.36069,333.8,0.58,0.52,2026-09-05,0835,N20,nominal,2.0NRT,298.05,7.66,D
8.61087,80.49184,349.67,0.59,0.53,2026-09-05,0835,N20,nominal,2.0NRT,294.22,12.99,D
8.66824,80.84473,355.54,0.63,0.54,2026-09-05,0835,N20,nominal,2.0NRT,296.18,17.98,D
8.66348,80.47971,339.79,0.59,0.53,2026-09-05,0835,N20,nominal,2.0NRT,293.95,7,D
8.66199,80.4765,342.36,0.59,0.53,2026-09-05,0835,N20,nominal,2.0NRT,296.29,8.83,D
8.68592,80.36002,337.27,0.58,0.52,2026-09-05,0835,N20,nominal,2.0NRT,293.95,9.79,D
8.69003,80.35413,342.94,0.58,0.52,2026-09-05,0835,N20,nominal,2.0NRT,296.4,15.68,D
8.80683,81.00191,344.27,0.32,0.55,2026-09-05,0835,N20,nominal,2.0NRT,295.43,3.6,D
8.80643,80.99896,336.19,0.32,0.55,2026-09-05,0835,N20,nominal,2.0NRT,295.53,3.6,D
8.83359,80.86121,332.29,0.63,0.54,2026-09-05,0835,N20,nominal,2.0NRT,296.83,3.43,D
8.84869,80.74088,336.45,0.62,0.54,2026-09-05,0835,N20,nominal,2.0NRT,291.64,5.08,D
8.44955,77.58025,343.95,0.57,0.43,2026-09-05,0835,N20,nominal,2.0NRT,300.87,6.76,D
8.91334,80.88364,351.33,0.63,0.54,2026-09-05,0835,N20,nominal,2.0NRT,294.18,17.17,D
8.89092,80.71809,338.86,0.62,0.54,2026-09-05,0835,N20,nominal,2.0NRT,293.99,3.67,D
8.91756,80.87724,340.5,0.63,0.54,2026-09-05,0835,N20,nominal,2.0NRT,294.91,5.71,D
8.90312,80.73378,331.49,0.62,0.54,2026-09-05,0835,N20,nominal,2.0NRT,294.29,4.77,D
8.84791,80.33019,333.77,0.58,0.52,2026-09-05,0835,N20,nominal,2.0NRT,296.83,4.99,D
8.9399,80.78111,350.17,0.62,0.54,2026-09-05,0835,N20,nominal,2.0NRT,297.57,17.64,D
8.94159,80.78485,341.84,0.63,0.54,2026-09-05,0835,N20,nominal,2.0NRT,296.34,10.25,D
8.94084,80.77914,339.96,0.63,0.54,2026-09-05,0835,N20,nominal,2.0NRT,296.68,4.25,D
8.96491,80.88564,331.14,0.32,0.54,2026-09-05,0835,N20,nominal,2.0NRT,295.8,2.26,D
8.95679,80.82365,341.32,0.63,0.54,2026-09-05,0835,N20,nominal,2.0NRT,295.65,7.96,D
8.97607,80.89304,334.57,0.32,0.54,2026-09-05,0835,N20,nominal,2.0NRT,296.07,2.28,D
8.95618,80.33566,334.48,0.58,0.52,2026-09-05,0835,N20,nominal,2.0NRT,297.39,4.56,D
8.62201,77.91603,344.29,0.4,0.44,2026-09-05,0835,N20,nominal,2.0NRT,297.36,3.42,D
9.0214,80.73956,336.91,0.62,0.54,2026-09-05,0835,N20,nominal,2.0NRT,295.36,8.72,D
8.62524,77.79489,345.46,0.39,0.44,2026-09-05,0835,N20,nominal,2.0NRT,303.16,9.68,D
8.62617,77.79392,344.77,0.39,0.44,2026-09-05,0835,N20,nominal,2.0NRT,303.53,11.19,D
9.02295,80.74258,330.2,0.62,0.54,2026-09-05,0835,N20,nominal,2.0NRT,294.9,6.04,D
8.66335,77.85443,342.19,0.4,0.44,2026-09-05,0835,N20,nominal,2.0NRT,300.85,6.18,D
9.07003,80.67902,335.15,0.62,0.54,2026-09-05,0835,N20,nominal,2.0NRT,294.85,10.16,D
9.07684,80.46976,330.48,0.6,0.53,2026-09-05,0835,N20,nominal,2.0NRT,294.92,5.58,D
9.06405,80.12766,340.56,0.57,0.52,2026-09-05,0835,N20,nominal,2.0NRT,295.41,7.68,D
9.0654,80.13042,341.89,0.57,0.52,2026-09-05,0835,N20,nominal,2.0NRT,295.44,13,D
9.0026,77.52624,337.58,0.57,0.43,2026-09-05,0835,N20,nominal,2.0NRT,303.15,5.89,D
9.06088,77.72623,352.02,0.39,0.44,2026-09-05,0835,N20,nominal,2.0NRT,304.68,12.33,D
9.3083,78.79848,334.36,0.46,0.47,2026-09-05,0835,N20,nominal,2.0NRT,296.31,2.19,D
9.30978,78.79932,335.84,0.46,0.47,2026-09-05,0835,N20,nominal,2.0NRT,296.63,2.44,D
9.1435,77.5413,342.79,0.38,0.44,2026-09-05,0835,N20,nominal,2.0NRT,304.2,13.91,D
9.33417,77.69457,342.44,0.39,0.44,2026-09-05,0835,N20,nominal,2.0NRT,304.48,7.78,D
9.76065,80.18707,344.71,0.58,0.52,2026-09-05,0835,N20,nominal,2.0NRT,293.5,8.76,D
9.94851,78.64626,336.3,0.46,0.47,2026-09-05,0835,N20,nominal,2.0NRT,300.88,5.68,D
9.81357,77.32077,333.04,0.57,0.43,2026-09-05,0835,N20,low,2.0NRT,303.53,4.39,D
10.02841,78.05846,335.35,0.43,0.46,2026-09-05,0835,N20,nominal,2.0NRT,300.7,8.53,D
10.10579,77.83781,336.52,0.41,0.45,2026-09-05,0835,N20,nominal,2.0NRT,302.21,4.29,D
10.85424,78.68019,351.58,0.48,0.48,2026-09-05,0835,N20,nominal,2.0NRT,298.37,20.51,D
10.87593,77.97946,344.35,0.43,0.46,2026-09-05,0835,N20,nominal,2.0NRT,302.68,10.19,D
10.93433,77.19016,340.17,0.39,0.44,2026-09-05,0835,N20,nominal,2.0NRT,305.95,6.53,D
10.9785,76.98156,335.4,0.56,0.43,2026-09-05,0835,N20,nominal,2.0NRT,298.12,3.11,D
11.00253,77.12383,346.08,0.38,0.43,2026-09-05,0835,N20,nominal,2.0NRT,306.55,10.19,D
11.95854,78.75902,332.21,0.5,0.49,2026-09-05,0835,N20,nominal,2.0NRT,297.02,4.19,D
12.17388,78.93881,342.31,0.52,0.5,2026-09-05,0835,N20,nominal,2.0NRT,299.54,6.41,D
12.06562,77.03265,340.18,0.39,0.44,2026-09-05,0835,N20,nominal,2.0NRT,305.58,3.69,D
12.00694,76.52467,335.43,0.55,0.42,2026-09-05,0835,N20,nominal,2.0NRT,304.71,6.58,D
12.08199,76.8081,337.54,0.57,0.43,2026-09-05,0835,N20,low,2.0NRT,308.2,6.82,D
12.09133,76.81746,339.62,0.57,0.43,2026-09-05,0835,N20,nominal,2.0NRT,306.51,5.82,D
12.10958,76.89243,330.14,0.38,0.43,2026-09-05,0835,N20,low,2.0NRT,303.45,0.64,D
12.48486,77.34094,334.62,0.41,0.45,2026-09-05,0835,N20,low,2.0NRT,305.56,4.6,D
12.91732,76.07881,339.05,0.53,0.42,2026-09-05,0835,N20,nominal,2.0NRT,303.88,11.8,D
12.91621,76.08082,335.2,0.53,0.42,2026-09-05,0835,N20,nominal,2.0NRT,301.48,12.58,D
13.97459,80.08726,332.92,0.33,0.55,2026-09-05,0837,N20,nominal,2.0NRT,294.68,1.05,D
14.21385,79.22749,331.31,0.58,0.52,2026-09-05,0837,N20,nominal,2.0NRT,296.92,2.16,D
14.30583,77.72722,344.62,0.46,0.47,2026-09-05,0837,N20,nominal,2.0NRT,304.58,12.16,D
14.61918,79.51504,331.84,0.61,0.54,2026-09-05,0837,N20,nominal,2.0NRT,297.9,2.49,D
14.68688,79.73868,351.12,0.32,0.54,2026-09-05,0837,N20,nominal,2.0NRT,299.83,5.85,D
14.43309,77.70782,345.74,0.46,0.47,2026-09-05,0837,N20,nominal,2.0NRT,300.74,5.09,D
14.43444,77.70826,342.64,0.46,0.47,2026-09-05,0837,N20,nominal,2.0NRT,301.6,10.4,D
14.68694,79.73945,339.5,0.32,0.54,2026-09-05,0837,N20,nominal,2.0NRT,299.13,2.39,D
14.6866,79.73649,332.88,0.32,0.54,2026-09-05,0837,N20,nominal,2.0NRT,299.25,2.21,D
14.77551,79.7985,336.79,0.32,0.55,2026-09-05,0837,N20,nominal,2.0NRT,293.93,3.53,D
14.90556,80.03411,331.57,0.34,0.56,2026-09-05,0837,N20,nominal,2.0NRT,295.05,3.66,D
14.6912,77.86673,332.75,0.48,0.48,2026-09-05,0837,N20,nominal,2.0NRT,301.16,3.67,D
14.58984,76.70616,342.71,0.4,0.44,2026-09-05,0837,N20,nominal,2.0NRT,300.07,1.09,D
14.82764,78.13876,334.05,0.5,0.49,2026-09-05,0837,N20,nominal,2.0NRT,299.55,6.95,D
15.08348,77.32135,348.9,0.45,0.47,2026-09-05,0837,N20,nominal,2.0NRT,301.12,8.48,D
15.59282,79.31487,335.87,0.61,0.54,2026-09-05,0837,N20,nominal,2.0NRT,298.05,4.19,D
15.975,78.41002,330.59,0.54,0.51,2026-09-05,0835,N20,nominal,2.0NRT,297.04,3.64,D
16.44525,77.82963,341.96,0.5,0.49,2026-09-05,0835,N20,nominal,2.0NRT,298.94,8.84,D
16.17167,74.87211,335.74,0.5,0.41,2026-09-05,0835,N20,nominal,2.0NRT,300.34,3.47,D
18.5752,74.46596,332.15,0.5,0.41,2026-09-05,0835,N20,nominal,2.0NRT,297.06,1.68,D
18.69589,74.44584,334.58,0.5,0.41,2026-09-05,0835,N20,nominal,2.0NRT,296.48,3.78,D
22.41711,69.04068,332.95,0.39,0.36,2026-09-05,0837,N20,nominal,2.0NRT,302.11,3.14,D
22.7807,69.45878,347.66,0.38,0.36,2026-09-05,0837,N20,nominal,2.0NRT,304.55,5.93,D
22.93241,69.69872,333.68,0.38,0.36,2026-09-05,0837,N20,nominal,2.0NRT,297.33,4.1,D
21.3127,57.74844,335.92,0.51,0.66,2026-09-05,0837,N20,nominal,2.0NRT,301.32,3.83,D
21.33426,56.70378,337.43,0.6,0.7,2026-09-05,0837,N20,nominal,2.0NRT,299.16,4.54,D
21.33296,56.69821,345.61,0.6,0.7,2026-09-05,0837,N20,nominal,2.0NRT,300.2,4.54,D
21.33599,56.70247,336.75,0.6,0.7,2026-09-05,0837,N20,nominal,2.0NRT,299.05,5.94,D
21.33466,56.69691,343.16,0.6,0.7,2026-09-05,0837,N20,nominal,2.0NRT,299.74,6.64,D
21.93888,57.07529,344.43,0.55,0.68,2026-09-05,0837,N20,nominal,2.0NRT,301.51,3.53,D
22.88112,55.9295,340.82,0.62,0.71,2026-09-05,0837,N20,nominal,2.0NRT,301.21,5.07,D
25.38611,68.58273,335.75,0.38,0.36,2026-09-05,0837,N20,nominal,2.0NRT,303.33,3.23,D
22.88165,55.92894,336.56,0.62,0.71,2026-09-05,0837,N20,nominal,2.0NRT,300.96,2.69,D
22.92573,55.80362,344.99,0.63,0.72,2026-09-05,0837,N20,nominal,2.0NRT,301.25,7.35,D
22.92638,55.80761,342.89,0.63,0.72,2026-09-05,0837,N20,nominal,2.0NRT,300.65,4.46,D
23.18993,55.4624,337.13,0.65,0.73,2026-09-05,0837,N20,nominal,2.0NRT,300.04,4.2,D
24.50556,56.60691,336.17,0.51,0.66,2026-09-05,0839,N20,nominal,2.0NRT,299.17,3.62,D
27.4251,70.81876,340.09,0.43,0.38,2026-09-05,0839,N20,low,2.0NRT,310.94,4.51,D
27.43381,70.85704,345.35,0.43,0.38,2026-09-05,0839,N20,nominal,2.0NRT,309.37,7.71,D
27.43322,70.85271,339.12,0.43,0.38,2026-09-05,0839,N20,nominal,2.0NRT,307.31,7.71,D
24.75743,55.4988,339.83,0.59,0.7,2026-09-05,0839,N20,nominal,2.0NRT,299.07,3.5,D
24.75327,55.49971,336.63,0.59,0.7,2026-09-05,0839,N20,nominal,2.0NRT,299.2,4.52,D
27.60247,68.69715,330.57,0.39,0.36,2026-09-05,0839,N20,low,2.0NRT,304.83,1.54,D
24.9922,55.62851,339.15,0.57,0.69,2026-09-05,0839,N20,nominal,2.0NRT,304.61,9.65,D
28.42537,69.70226,335.99,0.4,0.37,2026-09-05,0839,N20,low,2.0NRT,307.29,3.05,D
28.16024,67.75859,338.34,0.38,0.36,2026-09-05,0839,N20,low,2.0NRT,310.83,6.68,D
28.27718,68.16656,335.54,0.38,0.36,2026-09-05,0839,N20,low,2.0NRT,309.4,4.9,D
28.28216,67.82201,341.1,0.38,0.36,2026-09-05,0839,N20,low,2.0NRT,311.43,3.76,D
27.16809,56.05586,337.27,0.48,0.65,2026-09-05,0839,N20,nominal,2.0NRT,300.79,3.47,D
27.16694,56.05118,334.88,0.48,0.65,2026-09-05,0839,N20,nominal,2.0NRT,301.39,2.74,D
27.16582,56.05334,339.35,0.48,0.65,2026-09-05,0839,N20,nominal,2.0NRT,301.13,4.17,D
30.48693,73.84731,333.33,0.43,0.46,2026-09-05,0839,N20,nominal,2.0NRT,296.03,3.47,D
32.28847,73.2804,336.55,0.42,0.45,2026-09-05,0839,N20,nominal,2.0NRT,294.7,2.43,D
32.03239,70.58744,331.4,0.46,0.39,2026-09-05,0839,N20,nominal,2.0NRT,301.1,1.02,D
29.99193,55.85466,367,0.43,0.62,2026-09-05,0839,N20,high,2.0NRT,300.28,10.7,D
29.98966,55.85199,354.11,0.43,0.62,2026-09-05,0839,N20,nominal,2.0NRT,303.19,9.32,D
31.63517,54.30398,338.32,0.48,0.65,2026-09-05,0841,N20,low,2.0NRT,309.4,5.5,D
18.01465,54.57623,349.85,0.36,0.58,2026-09-05,1017,N20,nominal,2.0NRT,306.11,11.2,D
18.01427,54.57277,340.08,0.36,0.58,2026-09-05,1017,N20,nominal,2.0NRT,308.39,9.74,D
18.32329,55.10653,350.05,0.4,0.6,2026-09-05,1017,N20,nominal,2.0NRT,305.38,3.95,D
19.26423,56.17831,342.16,0.48,0.65,2026-09-05,1017,N20,nominal,2.0NRT,304.8,2.6,D
19.2673,56.17868,337.71,0.48,0.65,2026-09-05,1017,N20,nominal,2.0NRT,304.3,3.75,D
20.22591,55.74259,339.55,0.46,0.64,2026-09-05,1017,N20,nominal,2.0NRT,305.19,2.02,D
20.38928,55.66451,336.89,0.46,0.63,2026-09-05,1017,N20,nominal,2.0NRT,304.74,1.95,D
21.93261,57.07445,337.15,0.59,0.7,2026-09-05,1019,N20,nominal,2.0NRT,302.63,2.52,D
22.32903,56.49249,338.09,0.55,0.68,2026-09-05,1019,N20,nominal,2.0NRT,303.63,1.63,D
22.44088,56.70186,339.13,0.56,0.69,2026-09-05,1019,N20,nominal,2.0NRT,303.05,2.74,D
22.87926,55.92974,347.21,0.51,0.66,2026-09-05,1019,N20,nominal,2.0NRT,303.86,5.14,D
22.87166,55.61606,345.28,0.49,0.65,2026-09-05,1019,N20,nominal,2.0NRT,304.18,2.14,D
22.92422,55.80618,337.3,0.5,0.66,2026-09-05,1019,N20,nominal,2.0NRT,304.93,3.77,D
23.19279,55.45738,352.71,0.48,0.65,2026-09-05,1019,N20,nominal,2.0NRT,305.36,3.56,D
23.19008,55.45861,346.99,0.48,0.65,2026-09-05,1019,N20,nominal,2.0NRT,305.42,3.78,D
24.75872,55.50633,341.29,0.5,0.66,2026-09-05,1019,N20,nominal,2.0NRT,301.65,3.56,D
24.99083,55.62946,339.97,0.51,0.66,2026-09-05,1019,N20,nominal,2.0NRT,304.09,5.34,D
24.99104,55.62759,337.09,0.51,0.66,2026-09-05,1019,N20,nominal,2.0NRT,304,6.71,D
27.16135,56.10398,332,0.57,0.69,2026-09-05,1019,N20,nominal,2.0NRT,299.63,3.75,D
27.15635,56.10336,332.96,0.57,0.69,2026-09-05,1019,N20,nominal,2.0NRT,299.56,2.78,D
27.16672,56.06132,336.46,0.57,0.69,2026-09-05,1019,N20,nominal,2.0NRT,300.1,6.14,D
30.55935,56.91566,335.11,0.69,0.74,2026-09-05,1021,N20,low,2.0NRT,308.96,3.54,D
38.64441,54.28301,340.93,0.55,0.68,2026-09-05,1024,N20,low,2.0NRT,311.92,4.13,D
38.64695,54.28727,336.66,0.55,0.68,2026-09-05,1024,N20,low,2.0NRT,309.57,5.35,D
38.67958,54.31841,345.28,0.56,0.68,2026-09-05,1024,N20,nominal,2.0NRT,313.53,7.65,D
27.46206,95.47509,309.11,0.39,0.36,2026-09-05,1923,N20,nominal,2.0NRT,288.95,1.46,N
23.90951,100.00701,301.99,0.53,0.42,2026-09-05,1923,N20,nominal,2.0NRT,285.96,1.14,N
24.20805,98.23502,305.77,0.44,0.38,2026-09-05,1923,N20,nominal,2.0NRT,289.35,1.08,N
23.80851,86.32807,297.19,0.33,0.55,2026-09-05,1923,N20,nominal,2.0NRT,269.18,0.61,N
23.80344,86.32746,299.3,0.33,0.55,2026-09-05,1923,N20,nominal,2.0NRT,267.35,0.61,N
23.80313,86.3307,299.64,0.33,0.55,2026-09-05,1923,N20,nominal,2.0NRT,265.41,0.58,N
23.80125,86.34982,307.24,0.32,0.55,2026-09-05,1923,N20,nominal,2.0NRT,274.81,1.36,N
23.79619,86.34912,302.05,0.32,0.55,2026-09-05,1923,N20,nominal,2.0NRT,270.94,0.48,N
23.79588,86.35237,300.11,0.32,0.55,2026-09-05,1923,N20,nominal,2.0NRT,272.03,0.48,N
23.78201,86.38963,311.6,0.32,0.55,2026-09-05,1923,N20,nominal,2.0NRT,272.85,0.96,N
23.77727,86.38577,305.92,0.32,0.55,2026-09-05,1923,N20,nominal,2.0NRT,273.47,0.96,N
23.77696,86.38895,300.37,0.32,0.55,2026-09-05,1923,N20,nominal,2.0NRT,273.43,0.96,N
23.77441,86.36259,311.34,0.32,0.55,2026-09-05,1923,N20,nominal,2.0NRT,271.28,0.78,N
23.7741,86.36582,303.37,0.32,0.55,2026-09-05,1923,N20,nominal,2.0NRT,270.96,0.63,N
23.77039,86.40411,302.92,0.32,0.55,2026-09-05,1923,N20,nominal,2.0NRT,273.27,1.07,N
23.76658,86.3907,303.87,0.32,0.55,2026-09-05,1923,N20,nominal,2.0NRT,277.18,1.54,N
23.76565,86.40026,300.97,0.32,0.55,2026-09-05,1923,N20,nominal,2.0NRT,272.02,1.82,N
23.76534,86.40349,315.82,0.32,0.55,2026-09-05,1923,N20,nominal,2.0NRT,272.15,1.07,N
23.69551,87.10785,307.48,0.58,0.52,2026-09-05,1923,N20,nominal,2.0NRT,289.12,2.3,N
23.69493,87.11353,307.16,0.58,0.52,2026-09-05,1923,N20,nominal,2.0NRT,289.52,2.3,N
23.69436,87.11919,314.37,0.58,0.52,2026-09-05,1923,N20,nominal,2.0NRT,289.79,5.74,N
23.7791,86.20641,307.37,0.33,0.55,2026-09-05,1923,N20,nominal,2.0NRT,281.14,2.63,N
23.77879,86.20972,305.14,0.33,0.55,2026-09-05,1923,N20,nominal,2.0NRT,281.73,1.72,N
23.76062,86.39961,302.62,0.32,0.55,2026-09-05,1923,N20,nominal,2.0NRT,270.63,1.06,N
23.7603,86.40284,299.74,0.32,0.55,2026-09-05,1923,N20,nominal,2.0NRT,270.26,0.47,N
23.68955,87.11856,310.49,0.58,0.52,2026-09-05,1923,N20,nominal,2.0NRT,289.7,4.93,N
23.77525,86.19253,297.06,0.33,0.55,2026-09-05,1923,N20,nominal,2.0NRT,273.71,0.94,N
23.77493,86.19585,299.12,0.33,0.55,2026-09-05,1923,N20,nominal,2.0NRT,274.71,1.82,N
23.75404,86.41497,303.62,0.32,0.55,2026-09-05,1923,N20,nominal,2.0NRT,272.33,0.77,N
23.66634,87.15578,317.36,0.57,0.52,2026-09-05,1923,N20,nominal,2.0NRT,290.2,4.75,N
23.68951,87.1226,309.86,0.58,0.52,2026-09-05,1925,N20,nominal,2.0NRT,290.08,2.17,N
23.68409,87.12768,308.02,0.58,0.52,2026-09-05,1925,N20,nominal,2.0NRT,289.24,2.17,N
23.75631,86.39796,299.4,0.32,0.55,2026-09-05,1925,N20,nominal,2.0NRT,275,0.77,N
23.75433,86.41714,301.97,0.32,0.55,2026-09-05,1925,N20,nominal,2.0NRT,273.02,1.2,N
23.8387,85.46757,300.7,0.37,0.58,2026-09-05,1925,N20,nominal,2.0NRT,280.21,0.52,N
23.66663,87.1541,313.19,0.57,0.52,2026-09-05,1925,N20,nominal,2.0NRT,290.34,4.14,N
23.73763,86.4309,300.79,0.32,0.55,2026-09-05,1925,N20,nominal,2.0NRT,264.87,0.39,N
23.7373,86.43405,300.68,0.32,0.55,2026-09-05,1925,N20,nominal,2.0NRT,264.62,0.39,N
23.8252,85.49538,298.88,0.37,0.58,2026-09-05,1925,N20,nominal,2.0NRT,278.12,0.74,N
23.84328,84.94684,298.18,0.4,0.6,2026-09-05,1925,N20,nominal,2.0NRT,278.39,0.52,N
23.75867,85.85409,299.35,0.35,0.57,2026-09-05,1925,N20,nominal,2.0NRT,273.16,1.02,N
23.6798,86.39781,304.47,0.32,0.55,2026-09-05,1925,N20,nominal,2.0NRT,269.34,0.55,N
23.70099,86.07278,318.05,0.34,0.56,2026-09-05,1925,N20,nominal,2.0NRT,276.9,1.13,N
23.67914,86.08373,311.44,0.34,0.56,2026-09-05,1925,N20,nominal,2.0NRT,268.6,0.8,N
23.56106,87.23698,315.76,0.57,0.52,2026-09-05,1925,N20,nominal,2.0NRT,289.88,5.72,N
23.55573,87.24197,307.49,0.57,0.52,2026-09-05,1925,N20,nominal,2.0NRT,290.31,6.12,N
23.56203,87.08309,312.8,0.58,0.52,2026-09-05,1925,N20,nominal,2.0NRT,290.18,2.37,N
23.61385,86.78893,307.47,0.6,0.53,2026-09-05,1925,N20,nominal,2.0NRT,289.84,4.17,N
23.68207,86.08438,305.68,0.34,0.56,2026-09-05,1925,N20,nominal,2.0NRT,267.27,0.81,N
23.56073,87.23611,310.71,0.57,0.52,2026-09-05,1925,N20,nominal,2.0NRT,289.86,2.63,N
23.56012,87.24169,307.16,0.57,0.52,2026-09-05,1925,N20,nominal,2.0NRT,289.86,2.63,N
23.67692,86.08381,300.61,0.34,0.56,2026-09-05,1925,N20,nominal,2.0NRT,268.52,0.81,N
23.55536,87.2411,306.2,0.57,0.52,2026-09-05,1925,N20,nominal,2.0NRT,290.09,2.63,N
23.56278,87.0825,310.48,0.58,0.52,2026-09-05,1925,N20,nominal,2.0NRT,290.43,1.79,N
23.69889,85.36634,305.06,0.37,0.58,2026-09-05,1925,N20,nominal,2.0NRT,286.86,0.82,N
23.65887,85.50546,303.29,0.37,0.58,2026-09-05,1925,N20,nominal,2.0NRT,281.76,0.63,N
23.64886,85.43806,325.92,0.37,0.58,2026-09-05,1925,N20,nominal,2.0NRT,286.51,1.69,N
23.64919,85.43445,316.86,0.37,0.58,2026-09-05,1925,N20,nominal,2.0NRT,285.85,1.69,N
23.67184,84.99578,302.86,0.4,0.6,2026-09-05,1925,N20,nominal,2.0NRT,286.5,0.76,N
23.61127,85.67277,299.22,0.36,0.57,2026-09-05,1925,N20,nominal,2.0NRT,278.63,0.36,N
23.666,84.999,310.1,0.4,0.6,2026-09-05,1925,N20,nominal,2.0NRT,287.88,1.49,N
23.61148,85.67413,303.14,0.36,0.57,2026-09-05,1925,N20,nominal,2.0NRT,280.36,0.55,N
23.67165,84.99418,304.73,0.4,0.6,2026-09-05,1925,N20,nominal,2.0NRT,285.84,1.6,N
23.66578,84.99745,310.52,0.39,0.6,2026-09-05,1925,N20,nominal,2.0NRT,287.52,2.08,N
22.96413,85.99792,304.65,0.33,0.56,2026-09-05,1925,N20,nominal,2.0NRT,289.82,0.55,N
22.87717,86.06215,314.57,0.33,0.55,2026-09-05,1925,N20,nominal,2.0NRT,290.6,1.64,N
22.79804,86.19794,313.33,0.32,0.55,2026-09-05,1925,N20,nominal,2.0NRT,290.93,1.39,N
22.80418,86.08908,310.46,0.33,0.55,2026-09-05,1925,N20,nominal,2.0NRT,290.64,1.47,N
22.79299,86.19738,307.98,0.32,0.55,2026-09-05,1925,N20,nominal,2.0NRT,290.96,1.39,N
22.7991,86.08846,311.78,0.33,0.55,2026-09-05,1925,N20,nominal,2.0NRT,290.22,1.15,N
22.57469,85.89632,320.47,0.34,0.56,2026-09-05,1925,N20,nominal,2.0NRT,290.51,1.77,N
22.57535,85.88969,306.07,0.34,0.56,2026-09-05,1925,N20,nominal,2.0NRT,289.82,2.01,N
22.37779,87.27859,328.67,0.54,0.51,2026-09-05,1925,N20,nominal,2.0NRT,291.7,6.52,N
22.37088,87.29912,306.66,0.54,0.51,2026-09-05,1925,N20,nominal,2.0NRT,290.45,3.46,N
22.3662,87.29851,318.82,0.54,0.51,2026-09-05,1925,N20,nominal,2.0NRT,290.71,3.46,N
22.38003,87.27818,327.43,0.54,0.51,2026-09-05,1925,N20,nominal,2.0NRT,291.55,7.26,N
22.36829,87.29809,316.01,0.54,0.51,2026-09-05,1925,N20,nominal,2.0NRT,290.77,4.82,N
20.7513,98.34052,303.58,0.48,0.4,2026-09-05,1925,N20,nominal,2.0NRT,288.46,0.59,N
22.36625,87.01411,309.08,0.57,0.52,2026-09-05,1925,N20,nominal,2.0NRT,290.54,1.75,N
22.3609,87.01897,305.71,0.56,0.52,2026-09-05,1925,N20,nominal,2.0NRT,290.54,1.23,N
22.05409,88.12331,313.14,0.48,0.48,2026-09-05,1925,N20,nominal,2.0NRT,291.68,4.8,N
22.21696,84.86906,310.3,0.39,0.59,2026-09-05,1925,N20,nominal,2.0NRT,287.88,1.33,N
22.21219,84.86086,306.85,0.39,0.59,2026-09-05,1925,N20,nominal,2.0NRT,288.28,1.75,N
22.21149,84.86848,302.74,0.39,0.59,2026-09-05,1925,N20,nominal,2.0NRT,287.69,1.33,N
22.211,84.86073,307.75,0.39,0.59,2026-09-05,1925,N20,nominal,2.0NRT,287.87,2.26,N
22.0543,85.46281,303.28,0.35,0.57,2026-09-05,1925,N20,nominal,2.0NRT,288.26,0.63,N
21.96817,85.31213,302.9,0.36,0.57,2026-09-05,1925,N20,nominal,2.0NRT,287.98,0.6,N
21.9302,85.21793,299.16,0.36,0.58,2026-09-05,1925,N20,nominal,2.0NRT,287.91,1,N
21.92986,85.22138,308.46,0.36,0.58,2026-09-05,1925,N20,nominal,2.0NRT,288.07,1,N
21.92455,85.22067,308,0.36,0.58,2026-09-05,1925,N20,nominal,2.0NRT,287.07,1,N
21.68499,85.43456,304.08,0.35,0.57,2026-09-05,1925,N20,nominal,2.0NRT,288.44,0.57,N
21.75904,84.0227,302.35,0.43,0.62,2026-09-05,1925,N20,nominal,2.0NRT,286.48,0.82,N
21.75756,84.02261,308.01,0.43,0.62,2026-09-05,1925,N20,nominal,2.0NRT,286.78,1.54,N
21.57263,85.64584,303.23,0.34,0.56,2026-09-05,1925,N20,nominal,2.0NRT,288.81,0.45,N
21.68121,84.0351,307.64,0.43,0.62,2026-09-05,1925,N20,nominal,2.0NRT,287.15,1.76,N
21.68082,84.03934,309.86,0.43,0.62,2026-09-05,1925,N20,nominal,2.0NRT,287.56,1.31,N
21.6751,84.03875,304.72,0.43,0.62,2026-09-05,1925,N20,nominal,2.0NRT,286.63,1.31,N
19.10137,82.16523,308.25,0.54,0.68,2026-09-05,1925,N20,nominal,2.0NRT,286.07,2.07,N
17.6948,83.24045,317.07,0.44,0.62,2026-09-05,1925,N20,nominal,2.0NRT,289.69,3.14,N
17.69332,83.24108,314.76,0.44,0.62,2026-09-05,1925,N20,nominal,2.0NRT,289.05,2.76,N
17.61015,83.20161,317.68,0.44,0.62,2026-09-05,1925,N20,nominal,2.0NRT,289.42,2.59,N
17.60911,83.20141,315.69,0.44,0.62,2026-09-05,1925,N20,nominal,2.0NRT,289.17,3.13,N
15.12624,94.78121,332.24,0.4,0.37,2026-09-05,1925,N20,nominal,2.0NRT,291.48,4.99,N
13.15991,80.27797,306.34,0.61,0.71,2026-09-05,1928,N20,nominal,2.0NRT,285.87,1.59,N
13.16012,80.28133,306.44,0.61,0.71,2026-09-05,1928,N20,nominal,2.0NRT,286.03,2.69,N
7.70126,80.44299,300.99,0.5,0.66,2026-09-05,1930,N20,nominal,2.0NRT,281.53,1.02,N
39.64912,75.89851,298.11,0.39,0.36,2026-09-05,2101,N20,nominal,2.0NRT,285.19,0.47,N
39.64085,66.85855,302.94,0.45,0.47,2026-09-05,2101,N20,nominal,2.0NRT,290.09,0.8,N
39.18287,65.30973,300.97,0.53,0.5,2026-09-05,2101,N20,nominal,2.0NRT,289.46,0.89,N
39.18459,65.31055,303.07,0.53,0.5,2026-09-05,2101,N20,nominal,2.0NRT,289.98,1.07,N
39.28122,63.0809,300.49,0.35,0.57,2026-09-05,2101,N20,nominal,2.0NRT,288.58,0.6,N
39.2525,63.21018,307.18,0.35,0.57,2026-09-05,2101,N20,nominal,2.0NRT,290.27,0.99,N
39.18551,63.2703,298.31,0.34,0.56,2026-09-05,2101,N20,nominal,2.0NRT,288.06,0.32,N
39.18051,63.35048,303.12,0.34,0.56,2026-09-05,2101,N20,nominal,2.0NRT,288.97,0.74,N
39.17806,63.22063,301.83,0.35,0.56,2026-09-05,2101,N20,nominal,2.0NRT,288.09,0.42,N
39.17485,63.27321,299.39,0.34,0.56,2026-09-05,2101,N20,nominal,2.0NRT,288.24,0.39,N
39.17087,63.25249,311.01,0.34,0.56,2026-09-05,2101,N20,nominal,2.0NRT,289.78,1.78,N
39.15756,63.46757,303.72,0.34,0.56,2026-09-05,2101,N20,nominal,2.0NRT,289.09,0.64,N
39.16517,63.25998,302.24,0.34,0.56,2026-09-05,2101,N20,nominal,2.0NRT,289.18,0.77,N
39.15654,63.31567,299.42,0.34,0.56,2026-09-05,2101,N20,nominal,2.0NRT,287.67,0.67,N
39.12955,63.4168,315.56,0.34,0.56,2026-09-05,2101,N20,nominal,2.0NRT,288.99,0.87,N
39.13107,63.30479,300.14,0.34,0.56,2026-09-05,2101,N20,nominal,2.0NRT,287.85,0.32,N
39.11902,63.33167,299.76,0.34,0.56,2026-09-05,2101,N20,nominal,2.0NRT,287.53,0.83,N
39.11879,63.33566,305.5,0.34,0.56,2026-09-05,2101,N20,nominal,2.0NRT,289.51,1.04,N
39.11776,63.33222,305.15,0.34,0.56,2026-09-05,2101,N20,nominal,2.0NRT,288.04,1,N
39.1175,63.3362,301,0.34,0.56,2026-09-05,2101,N20,nominal,2.0NRT,289.24,1.03,N
38.98771,63.58612,302.17,0.33,0.55,2026-09-05,2101,N20,nominal,2.0NRT,289.7,0.46,N
38.97756,63.46574,305.65,0.33,0.56,2026-09-05,2101,N20,nominal,2.0NRT,290.23,0.86,N
38.96254,63.69257,301.53,0.32,0.55,2026-09-05,2101,N20,nominal,2.0NRT,288.88,0.38,N
38.68758,65.98753,314.17,0.49,0.48,2026-09-05,2101,N20,nominal,2.0NRT,289.51,2.06,N
38.68163,65.95249,301.71,0.49,0.48,2026-09-05,2101,N20,nominal,2.0NRT,290.02,1.13,N
38.83814,63.81637,299.91,0.32,0.54,2026-09-05,2101,N20,nominal,2.0NRT,288.35,0.42,N
38.83335,63.81215,303.09,0.32,0.54,2026-09-05,2101,N20,nominal,2.0NRT,289.61,0.42,N
38.66737,64.77795,301.79,0.56,0.52,2026-09-05,2101,N20,nominal,2.0NRT,288.76,0.52,N
38.55325,65.94508,303.02,0.49,0.48,2026-09-05,2101,N20,nominal,2.0NRT,290.86,1.23,N
38.48307,65.62564,308.44,0.5,0.49,2026-09-05,2101,N20,nominal,2.0NRT,292.05,1.21,N
38.45432,65.80291,301.11,0.49,0.49,2026-09-05,2101,N20,nominal,2.0NRT,289.57,0.87,N
38.05186,67.26263,330.65,0.41,0.45,2026-09-05,2101,N20,nominal,2.0NRT,296.01,14.12,N
38.05142,67.26722,300.7,0.41,0.45,2026-09-05,2101,N20,nominal,2.0NRT,289.23,14.12,N
38.05374,67.2624,337.57,0.41,0.45,2026-09-05,2101,N20,nominal,2.0NRT,289.77,12.77,N
38.05328,67.26696,322.96,0.41,0.45,2026-09-05,2101,N20,nominal,2.0NRT,290.07,9.54,N
38.09071,65.55563,297.43,0.5,0.49,2026-09-05,2101,N20,nominal,2.0NRT,287.11,0.32,N
38.13009,64.67533,302.19,0.56,0.52,2026-09-05,2101,N20,nominal,2.0NRT,288.84,0.94,N
38.0589,65.49816,300.28,0.51,0.49,2026-09-05,2101,N20,nominal,2.0NRT,286.82,0.57,N
38.05662,64.88517,305.7,0.55,0.51,2026-09-05,2101,N20,nominal,2.0NRT,288.89,1.31,N
38.0551,64.88498,304.61,0.55,0.51,2026-09-05,2101,N20,nominal,2.0NRT,288.44,1.31,N
38.05355,64.90382,298.73,0.55,0.51,2026-09-05,2101,N20,nominal,2.0NRT,287.87,1.24,N
38.26057,58.38539,298.91,0.63,0.72,2026-09-05,2101,N20,nominal,2.0NRT,288.9,1.54,N
38.25677,58.38487,299.67,0.63,0.72,2026-09-05,2101,N20,nominal,2.0NRT,287.81,1.65,N
38.14667,61.22651,327.1,0.44,0.62,2026-09-05,2101,N20,nominal,2.0NRT,286.88,2.14,N
38.14643,61.23155,315.7,0.44,0.62,2026-09-05,2101,N20,nominal,2.0NRT,290.81,2.14,N
37.98561,61.88116,297.57,0.4,0.6,2026-09-05,2101,N20,nominal,2.0NRT,287.18,0.5,N
37.79936,62.5498,309.06,0.37,0.58,2026-09-05,2101,N20,nominal,2.0NRT,290.04,1.35,N
37.78938,62.53606,309.59,0.37,0.58,2026-09-05,2101,N20,nominal,2.0NRT,289.03,0.87,N
37.80177,62.5483,297.49,0.37,0.58,2026-09-05,2101,N20,nominal,2.0NRT,287.45,0.69,N
37.79643,62.54772,303.15,0.37,0.58,2026-09-05,2101,N20,nominal,2.0NRT,286.22,0.69,N
37.79161,62.53878,299.07,0.37,0.58,2026-09-05,2101,N20,nominal,2.0NRT,288.22,0.7,N
37.94099,58.55821,297.16,0.61,0.71,2026-09-05,2101,N20,nominal,2.0NRT,286.91,1.08,N
37.73062,62.09255,312.71,0.39,0.59,2026-09-05,2101,N20,nominal,2.0NRT,287.62,1.09,N
37.67211,62.23472,306.13,0.38,0.59,2026-09-05,2101,N20,nominal,2.0NRT,287.41,0.78,N
37.66099,62.23802,304.68,0.38,0.59,2026-09-05,2101,N20,nominal,2.0NRT,288.09,0.86,N
37.65764,61.9058,303.01,0.4,0.6,2026-09-05,2101,N20,nominal,2.0NRT,288.79,0.89,N
37.62663,62.16865,301.43,0.38,0.59,2026-09-05,2101,N20,nominal,2.0NRT,290.52,0.72,N
37.62288,62.1372,316.62,0.38,0.59,2026-09-05,2101,N20,nominal,2.0NRT,290.21,1.73,N
37.61556,61.57312,301.91,0.41,0.61,2026-09-05,2101,N20,nominal,2.0NRT,288.3,1.03,N
37.61375,61.60634,302.22,0.41,0.61,2026-09-05,2101,N20,nominal,2.0NRT,288.94,1.62,N
37.5953,61.52818,300.18,0.42,0.61,2026-09-05,2101,N20,nominal,2.0NRT,289.32,1.02,N
37.50368,61.98675,298.39,0.39,0.59,2026-09-05,2101,N20,nominal,2.0NRT,287.48,0.36,N
37.50079,61.84539,314.89,0.4,0.6,2026-09-05,2101,N20,nominal,2.0NRT,291.35,1.54,N
37.51048,61.01309,299.7,0.44,0.63,2026-09-05,2101,N20,nominal,2.0NRT,287.42,0.55,N
37.50419,61.02277,299.12,0.44,0.63,2026-09-05,2101,N20,nominal,2.0NRT,287.25,0.72,N
37.42439,62.31001,307.97,0.37,0.58,2026-09-05,2101,N20,nominal,2.0NRT,287.89,0.79,N
37.45826,57.68556,298.21,0.68,0.74,2026-09-05,2101,N20,nominal,2.0NRT,287.07,1.04,N
37.4576,57.68554,301.12,0.68,0.74,2026-09-05,2101,N20,nominal,2.0NRT,287.64,1.22,N
37.33152,61.09371,296.05,0.44,0.62,2026-09-05,2101,N20,nominal,2.0NRT,285.77,0.36,N
37.12162,62.36073,343,0.37,0.58,2026-09-05,2101,N20,nominal,2.0NRT,290.01,2.13,N
37.12188,62.35652,298.83,0.37,0.58,2026-09-05,2101,N20,nominal,2.0NRT,287.08,2.13,N
37.11625,62.36021,310.36,0.37,0.58,2026-09-05,2101,N20,nominal,2.0NRT,289.36,2.07,N
37.03447,62.41227,318.06,0.37,0.58,2026-09-05,2101,N20,nominal,2.0NRT,287.65,2.79,N
37.03421,62.41645,314.8,0.37,0.58,2026-09-05,2101,N20,nominal,2.0NRT,290.64,3.77,N
35.96949,68.68713,302.05,0.5,0.41,2026-09-05,2101,N20,nominal,2.0NRT,291.48,0.94,N
35.96867,68.6859,305.32,0.5,0.41,2026-09-05,2101,N20,nominal,2.0NRT,292.44,1.66,N
36.55885,60.82001,331.58,0.45,0.63,2026-09-05,2101,N20,nominal,2.0NRT,286.16,1.96,N
36.5472,60.81959,367,0.45,0.63,2026-09-05,2101,N20,high,2.0NRT,289.18,9.77,N
36.54261,60.79348,324.27,0.45,0.63,2026-09-05,2101,N20,nominal,2.0NRT,286.23,1.84,N
36.5358,60.81383,320.05,0.45,0.63,2026-09-05,2101,N20,nominal,2.0NRT,287.06,1.65,N
36.47754,61.62148,297.64,0.4,0.6,2026-09-05,2101,N20,nominal,2.0NRT,286.73,1.7,N
36.53607,60.8112,312.28,0.45,0.63,2026-09-05,2101,N20,nominal,2.0NRT,285.99,1.84,N
36.49007,61.61507,295.09,0.4,0.6,2026-09-05,2101,N20,nominal,2.0NRT,284.61,1.3,N
36.47867,61.61867,306.2,0.4,0.6,2026-09-05,2101,N20,nominal,2.0NRT,286.02,1.53,N
36.49739,60.88088,322.58,0.44,0.63,2026-09-05,2101,N20,nominal,2.0NRT,288.06,1.67,N
36.4642,60.84718,319.87,0.44,0.63,2026-09-05,2101,N20,nominal,2.0NRT,288.76,1.95,N
36.43929,61.21626,299.53,0.42,0.61,2026-09-05,2101,N20,nominal,2.0NRT,288.64,0.7,N
35.35506,60.21071,298.98,0.47,0.64,2026-09-05,2104,N20,nominal,2.0NRT,284.01,1.2,N
33.84956,72.87093,305.63,0.38,0.36,2026-09-05,2104,N20,nominal,2.0NRT,292.41,0.77,N
33.29763,71.1851,309.82,0.39,0.36,2026-09-05,2104,N20,nominal,2.0NRT,291.77,0.79,N
31.25992,76.92314,300.63,0.53,0.42,2026-09-05,2104,N20,nominal,2.0NRT,289.45,0.4,N
31.61647,74.37518,310.03,0.41,0.37,2026-09-05,2104,N20,nominal,2.0NRT,294.09,2.26,N
31.64455,74.15454,309.91,0.41,0.37,2026-09-05,2104,N20,nominal,2.0NRT,293.01,1.53,N
32.92361,60.22934,299.97,0.45,0.63,2026-09-05,2104,N20,nominal,2.0NRT,287.23,1.14,N
32.63611,59.75425,297.08,0.48,0.65,2026-09-05,2104,N20,nominal,2.0NRT,282.7,0.79,N
29.47778,76.85781,305.57,0.56,0.43,2026-09-05,2104,N20,nominal,2.0NRT,290.94,1.29,N
30.75959,56.64933,300.72,0.71,0.75,2026-09-05,2104,N20,nominal,2.0NRT,288.82,2.29,N
30.76034,56.65146,302.59,0.71,0.75,2026-09-05,2104,N20,nominal,2.0NRT,289.18,2.31,N
30.4972,56.81382,303.02,0.69,0.74,2026-09-05,2104,N20,nominal,2.0NRT,289.23,1.64,N
29.99601,55.84426,308.68,0.78,0.78,2026-09-05,2104,N20,nominal,2.0NRT,285.7,4.03,N
29.99574,55.8516,304.16,0.78,0.78,2026-09-05,2104,N20,nominal,2.0NRT,286.55,4.12,N
29.99343,55.85008,319.95,0.78,0.78,2026-09-05,2104,N20,nominal,2.0NRT,287.39,6.24,N
29.4753,60.80649,300,0.39,0.59,2026-09-05,2104,N20,nominal,2.0NRT,288.82,0.6,N
29.47973,60.80476,301.44,0.39,0.59,2026-09-05,2104,N20,nominal,2.0NRT,288.53,0.78,N
28.42367,69.70199,311.4,0.4,0.37,2026-09-05,2104,N20,nominal,2.0NRT,297.49,2.95,N
27.22939,60.48754,310.97,0.38,0.59,2026-09-05,2106,N20,nominal,2.0NRT,299.35,1.48,N
24.82338,73.09252,304.65,0.44,0.38,2026-09-05,2106,N20,nominal,2.0NRT,292.58,0.78,N
24.8199,73.09176,306.36,0.44,0.38,2026-09-05,2106,N20,nominal,2.0NRT,292.22,0.78,N
24.69006,73.00367,308.43,0.44,0.38,2026-09-05,2106,N20,nominal,2.0NRT,292.41,1.18,N
25.38767,68.58012,316.37,0.4,0.37,2026-09-05,2106,N20,nominal,2.0NRT,296.64,1.04,N
25.38709,68.58413,307.84,0.4,0.37,2026-09-05,2106,N20,nominal,2.0NRT,296.46,0.92,N
24.9929,55.62221,313.03,0.73,0.76,2026-09-05,2106,N20,nominal,2.0NRT,293.63,1.45,N
24.99504,55.62406,306.05,0.73,0.76,2026-09-05,2106,N20,nominal,2.0NRT,293.66,2.29,N
23.3177,70.48697,305.42,0.39,0.36,2026-09-05,2106,N20,nominal,2.0NRT,294.26,0.98,N
23.30572,70.47698,308.73,0.39,0.36,2026-09-05,2106,N20,nominal,2.0NRT,294.21,1.1,N
21.33948,78.96864,306.66,0.36,0.57,2026-09-05,2106,N20,nominal,2.0NRT,286.14,0.7,N
24.50589,56.60538,312.03,0.63,0.72,2026-09-05,2106,N20,nominal,2.0NRT,294.61,3.13,N
24.46516,56.61448,312.58,0.62,0.72,2026-09-05,2106,N20,nominal,2.0NRT,294.04,1.99,N
22.41734,69.04001,305.17,0.39,0.36,2026-09-05,2106,N20,nominal,2.0NRT,292.74,1.21,N
21.1022,72.63403,303,0.46,0.39,2026-09-05,2106,N20,nominal,2.0NRT,289.7,2.97,N
23.19388,55.45406,319.52,0.72,0.76,2026-09-05,2106,N20,nominal,2.0NRT,291.84,5.61,N
19.10254,82.16389,306.83,0.64,0.72,2026-09-05,2106,N20,nominal,2.0NRT,284.85,1.65,N
19.10114,82.16985,299.56,0.64,0.72,2026-09-05,2106,N20,nominal,2.0NRT,284.92,1.41,N
22.88311,55.91895,305.53,0.67,0.73,2026-09-05,2106,N20,nominal,2.0NRT,293.7,1.05,N
20.91168,71.4588,315.76,0.42,0.38,2026-09-05,2106,N20,nominal,2.0NRT,294.24,1.32,N
22.40889,56.98535,315.44,0.56,0.69,2026-09-05,2106,N20,nominal,2.0NRT,293.07,2.05,N
22.40692,56.98454,309.86,0.56,0.69,2026-09-05,2106,N20,nominal,2.0NRT,293.14,1.77,N
22.34626,56.42936,311.23,0.61,0.71,2026-09-05,2106,N20,nominal,2.0NRT,293.34,1.53,N
22.32871,56.48767,311.97,0.61,0.71,2026-09-05,2106,N20,nominal,2.0NRT,293.06,2.15,N
22.34714,56.43324,304.86,0.61,0.71,2026-09-05,2108,N20,nominal,2.0NRT,293.24,2.13,N
22.32967,56.48579,318.6,0.61,0.71,2026-09-05,2108,N20,nominal,2.0NRT,293.12,2.35,N
18.71488,79.53679,301.81,0.44,0.63,2026-09-05,2108,N20,nominal,2.0NRT,286.07,1.16,N
21.94098,57.07136,331.28,0.55,0.68,2026-09-05,2108,N20,nominal,2.0NRT,293.23,3.16,N
21.89532,56.84433,311.21,0.57,0.69,2026-09-05,2108,N20,nominal,2.0NRT,293.43,1.19,N
21.89361,56.84187,305.36,0.57,0.69,2026-09-05,2108,N20,nominal,2.0NRT,293.12,0.93,N
21.83603,56.67576,305.32,0.58,0.7,2026-09-05,2108,N20,nominal,2.0NRT,293.27,0.9,N
17.9612,80.79105,309.72,0.55,0.68,2026-09-05,2108,N20,nominal,2.0NRT,286.8,2.13,N
17.95665,80.78942,306.24,0.55,0.68,2026-09-05,2108,N20,nominal,2.0NRT,285.94,1.7,N
21.31362,57.74002,313.46,0.49,0.65,2026-09-05,2108,N20,nominal,2.0NRT,292.99,1.31,N
21.31321,57.74481,313.1,0.49,0.65,2026-09-05,2108,N20,nominal,2.0NRT,292.83,1.31,N
21.31054,57.70555,305.33,0.49,0.65,2026-09-05,2108,N20,nominal,2.0NRT,292.83,0.69,N
21.30262,57.79638,305.94,0.49,0.65,2026-09-05,2108,N20,nominal,2.0NRT,293.08,0.78,N
21.33557,56.69646,367,0.57,0.69,2026-09-05,2108,N20,high,2.0NRT,294.71,6.82,N
21.33603,56.69084,308.21,0.57,0.69,2026-09-05,2108,N20,nominal,2.0NRT,292.83,6.82,N
17.08617,79.32299,297.99,0.46,0.64,2026-09-05,2108,N20,nominal,2.0NRT,271.15,1.33,N
17.08589,79.32469,303.71,0.46,0.64,2026-09-05,2108,N20,nominal,2.0NRT,271.13,1.23,N
20.38938,55.65696,311.68,0.66,0.73,2026-09-05,2108,N20,nominal,2.0NRT,293.61,1.75,N
20.38802,55.64447,305.12,0.66,0.73,2026-09-05,2108,N20,nominal,2.0NRT,293.87,0.99,N
20.38695,55.6573,304.16,0.65,0.73,2026-09-05,2108,N20,nominal,2.0NRT,293.47,1.17,N
17.142,77.18357,304.72,0.33,0.56,2026-09-05,2108,N20,nominal,2.0NRT,289.48,0.53,N
20.21685,55.70855,306.61,0.65,0.73,2026-09-05,2108,N20,nominal,2.0NRT,293.94,0.55,N
15.86545,79.38067,326.38,0.49,0.65,2026-09-05,2108,N20,nominal,2.0NRT,278.45,2.76,N
15.86784,79.38237,317.85,0.49,0.65,2026-09-05,2108,N20,nominal,2.0NRT,278.42,1.71,N
15.86193,79.38101,300.06,0.49,0.65,2026-09-05,2108,N20,nominal,2.0NRT,278.62,1.73,N
19.26735,56.17003,303.63,0.59,0.7,2026-09-05,2108,N20,nominal,2.0NRT,292.71,0.43,N
15.1776,77.10127,312.62,0.36,0.57,2026-09-05,2108,N20,nominal,2.0NRT,289.71,1.56,N
15.33788,76.27744,309.63,0.63,0.54,2026-09-05,2108,N20,nominal,2.0NRT,289.55,2.58,N
15.2252,76.76069,303.33,0.34,0.56,2026-09-05,2108,N20,nominal,2.0NRT,288.64,0.86,N
15.22457,76.7638,306.29,0.34,0.56,2026-09-05,2108,N20,nominal,2.0NRT,289.33,0.92,N
18.32712,55.10049,309.28,0.68,0.74,2026-09-05,2108,N20,nominal,2.0NRT,293.79,1.25,N
15.17531,76.78477,303.99,0.34,0.56,2026-09-05,2108,N20,nominal,2.0NRT,289.4,0.99,N
15.18284,76.66691,308.78,0.34,0.56,2026-09-05,2108,N20,nominal,2.0NRT,289.42,1.37,N
15.18026,76.65346,304.16,0.34,0.56,2026-09-05,2108,N20,nominal,2.0NRT,288.74,0.73,N
15.17965,76.65654,312.82,0.34,0.56,2026-09-05,2108,N20,nominal,2.0NRT,289.26,2.34,N
15.17597,76.675,317.24,0.34,0.56,2026-09-05,2108,N20,nominal,2.0NRT,289.07,1.81,N
15.17523,76.65232,303.49,0.34,0.56,2026-09-05,2108,N20,nominal,2.0NRT,288.48,0.73,N
15.13762,76.70852,308.77,0.34,0.56,2026-09-05,2108,N20,nominal,2.0NRT,288.73,0.94,N
15.13699,76.71162,302.57,0.34,0.56,2026-09-05,2108,N20,nominal,2.0NRT,288.5,0.67,N
15.19864,76.37866,304.09,0.32,0.55,2026-09-05,2108,N20,nominal,2.0NRT,288.49,0.76,N
15.65885,73.98855,310.57,0.44,0.46,2026-09-05,2108,N20,nominal,2.0NRT,289.49,1.39,N
15.16696,76.37938,303.96,0.32,0.55,2026-09-05,2108,N20,nominal,2.0NRT,289.11,0.6,N
15.07222,76.8634,304.51,0.35,0.57,2026-09-05,2108,N20,nominal,2.0NRT,289.46,1.18,N
15.07157,76.86669,303.27,0.35,0.57,2026-09-05,2108,N20,nominal,2.0NRT,289.42,1.31,N
18.01753,54.56858,324.5,0.73,0.76,2026-09-05,2108,N20,nominal,2.0NRT,295.09,10.24,N
18.01227,54.56908,328.35,0.73,0.76,2026-09-05,2108,N20,nominal,2.0NRT,295.37,14.42,N
14.15187,77.58869,308.89,0.41,0.6,2026-09-05,2108,N20,nominal,2.0NRT,290.73,1.17,N
14.15109,77.59263,304.87,0.41,0.6,2026-09-05,2108,N20,nominal,2.0NRT,290.68,1,N
13.89865,76.5645,307.32,0.35,0.57,2026-09-05,2108,N20,nominal,2.0NRT,291.3,0.66,N
13.41738,75.9798,302.16,0.33,0.55,2026-09-05,2108,N20,nominal,2.0NRT,289.92,0.4,N
11.63562,77.6582,304.36,0.46,0.63,2026-09-05,2108,N20,nominal,2.0NRT,284.92,1.07,N
38.67852,65.95226,305.76,0.68,0.74,2026-09-05,2242,N20,nominal,2.0NRT,287.08,2.29,N
38.45448,65.80152,309.25,0.68,0.74,2026-09-05,2242,N20,nominal,2.0NRT,287.77,2.6,N
38.94241,64.13632,297.51,0.54,0.68,2026-09-05,2242,N20,nominal,2.0NRT,287.05,0.4,N
38.45813,65.80225,300.72,0.68,0.74,2026-09-05,2242,N20,nominal,2.0NRT,288.16,1.13,N
38.45581,65.80958,301.02,0.68,0.74,2026-09-05,2242,N20,nominal,2.0NRT,287.97,1.13,N
39.1598,63.46845,298.63,0.49,0.65,2026-09-05,2242,N20,nominal,2.0NRT,287.43,0.5,N
39.18118,63.35064,298.61,0.49,0.65,2026-09-05,2242,N20,nominal,2.0NRT,287.44,0.56,N
39.12967,63.41693,304.12,0.49,0.65,2026-09-05,2242,N20,nominal,2.0NRT,286.67,0.95,N
39.17057,63.25508,303.27,0.48,0.65,2026-09-05,2242,N20,nominal,2.0NRT,288.76,1.13,N
38.66528,64.77616,300.02,0.59,0.7,2026-09-05,2242,N20,nominal,2.0NRT,287.54,0.57,N
38.9758,63.46696,298.97,0.5,0.66,2026-09-05,2242,N20,nominal,2.0NRT,288.33,0.57,N
37.79717,62.55035,300.94,0.48,0.65,2026-09-05,2242,N20,nominal,2.0NRT,287.04,1.11,N
37.78889,62.53477,296.59,0.48,0.65,2026-09-05,2242,N20,nominal,2.0NRT,286.43,0.52,N
38.14853,61.2318,351.42,0.4,0.6,2026-09-05,2242,N20,nominal,2.0NRT,291.61,4.09,N
37.72684,62.09238,299.52,0.46,0.64,2026-09-05,2242,N20,nominal,2.0NRT,286.04,0.59,N
37.67343,62.23732,297.73,0.47,0.64,2026-09-05,2242,N20,nominal,2.0NRT,286.01,0.41,N
37.65941,62.24235,296.85,0.47,0.64,2026-09-05,2242,N20,nominal,2.0NRT,286.2,0.95,N
37.6387,62.20456,297.88,0.47,0.64,2026-09-05,2242,N20,nominal,2.0NRT,286.92,0.62,N
37.61966,62.13934,307.08,0.47,0.64,2026-09-05,2242,N20,nominal,2.0NRT,290.02,1.28,N
39.51117,54.32954,302.87,0.51,0.41,2026-09-05,2242,N20,nominal,2.0NRT,290.79,1.34,N
37.62036,62.13788,311.29,0.47,0.64,2026-09-05,2242,N20,nominal,2.0NRT,289.34,1.19,N
37.65488,61.90359,296.57,0.45,0.63,2026-09-05,2242,N20,nominal,2.0NRT,285.75,0.75,N
37.42709,62.31097,301.44,0.48,0.65,2026-09-05,2242,N20,nominal,2.0NRT,285.4,0.43,N
37.6124,61.60738,305.03,0.44,0.62,2026-09-05,2242,N20,nominal,2.0NRT,288.5,0.86,N
37.8597,60.68013,299.79,0.39,0.59,2026-09-05,2242,N20,nominal,2.0NRT,284.94,0.52,N
37.58897,61.56026,300.28,0.44,0.62,2026-09-05,2242,N20,nominal,2.0NRT,286.52,0.82,N
37.59267,61.52522,296.51,0.43,0.62,2026-09-05,2242,N20,nominal,2.0NRT,285.26,0.97,N
37.49626,61.84612,314.11,0.45,0.63,2026-09-05,2242,N20,nominal,2.0NRT,288.98,2.08,N
38.25426,58.38911,299.69,0.57,0.52,2026-09-05,2244,N20,nominal,2.0NRT,288.3,1.01,N
37.50557,61.02658,300.95,0.41,0.61,2026-09-05,2244,N20,nominal,2.0NRT,288.01,0.66,N
37.12203,62.36536,303.37,0.49,0.65,2026-09-05,2244,N20,nominal,2.0NRT,285.83,0.82,N
37.11635,62.36279,343.12,0.49,0.65,2026-09-05,2244,N20,nominal,2.0NRT,288.77,6.33,N
37.11941,62.36291,339.08,0.49,0.65,2026-09-05,2244,N20,nominal,2.0NRT,288.55,3.71,N
37.11792,62.36817,303.25,0.49,0.65,2026-09-05,2244,N20,nominal,2.0NRT,286.01,3.71,N
37.63651,60.33968,299.36,0.37,0.58,2026-09-05,2244,N20,nominal,2.0NRT,286.19,0.86,N
38.19421,58.05379,301.4,0.55,0.51,2026-09-05,2244,N20,nominal,2.0NRT,290.31,0.94,N
37.0326,62.41907,320.58,0.5,0.66,2026-09-05,2244,N20,nominal,2.0NRT,288.17,3.88,N
37.94201,58.56339,302.33,0.59,0.53,2026-09-05,2244,N20,nominal,2.0NRT,289.25,1.33,N
37.82839,58.38588,302.55,0.59,0.53,2026-09-05,2244,N20,nominal,2.0NRT,288.68,0.69,N
38.67916,54.31488,323.99,0.53,0.42,2026-09-05,2244,N20,nominal,2.0NRT,289.97,2.36,N
38.65042,54.27999,328.19,0.53,0.42,2026-09-05,2244,N20,nominal,2.0NRT,290.92,3.46,N
38.64783,54.27928,327.71,0.53,0.42,2026-09-05,2244,N20,nominal,2.0NRT,290.36,2.29,N
38.64663,54.28518,301.83,0.53,0.42,2026-09-05,2244,N20,nominal,2.0NRT,289.78,2.29,N
36.47603,61.62592,297.72,0.47,0.64,2026-09-05,2244,N20,nominal,2.0NRT,286.23,2.1,N
36.56032,60.80587,323.37,0.42,0.61,2026-09-05,2244,N20,nominal,2.0NRT,286.18,1.53,N
36.56775,60.77875,295.35,0.42,0.61,2026-09-05,2244,N20,nominal,2.0NRT,284.41,0.49,N
36.56649,60.78333,304.48,0.42,0.61,2026-09-05,2244,N20,nominal,2.0NRT,284.08,0.57,N
36.5616,60.8012,303.15,0.42,0.61,2026-09-05,2244,N20,nominal,2.0NRT,284.99,1.53,N
36.55183,60.83684,315.29,0.43,0.62,2026-09-05,2244,N20,nominal,2.0NRT,285.89,0.66,N
36.44077,61.21685,297.48,0.45,0.63,2026-09-05,2244,N20,nominal,2.0NRT,287.25,0.64,N
36.54471,60.81903,298.73,0.42,0.61,2026-09-05,2244,N20,nominal,2.0NRT,285.18,0.37,N
36.5367,60.84819,301.88,0.43,0.62,2026-09-05,2244,N20,nominal,2.0NRT,285.77,0.56,N
36.53553,60.85243,300.92,0.43,0.62,2026-09-05,2244,N20,nominal,2.0NRT,286.17,0.56,N
36.52745,60.81628,301.13,0.42,0.61,2026-09-05,2244,N20,nominal,2.0NRT,286.01,0.57,N
36.52372,60.81394,300.95,0.43,0.62,2026-09-05,2244,N20,nominal,2.0NRT,285.4,0.3,N
36.46609,60.84922,348.48,0.43,0.62,2026-09-05,2244,N20,nominal,2.0NRT,290.23,6.74,N
36.46484,60.8538,325.92,0.43,0.62,2026-09-05,2244,N20,nominal,2.0NRT,288.95,5.35,N
37.12619,57.38818,303.26,0.54,0.51,2026-09-05,2244,N20,nominal,2.0NRT,289.85,1.14,N
36.48028,59.74496,299.89,0.37,0.58,2026-09-05,2244,N20,nominal,2.0NRT,286.63,0.83,N
36.47615,59.74461,295.19,0.37,0.58,2026-09-05,2244,N20,nominal,2.0NRT,284.35,0.73,N
36.49904,59.33271,296.56,0.36,0.57,2026-09-05,2244,N20,nominal,2.0NRT,284.16,0.96,N
36.23886,59.73146,299.51,0.38,0.59,2026-09-05,2244,N20,nominal,2.0NRT,284.69,0.79,N
36.99257,56.23367,299.29,0.47,0.48,2026-09-05,2244,N20,nominal,2.0NRT,287.77,0.27,N
36.99195,56.23093,302.52,0.47,0.48,2026-09-05,2244,N20,nominal,2.0NRT,287.98,0.91,N
35.35653,60.21754,301.5,0.42,0.61,2026-09-05,2244,N20,nominal,2.0NRT,286.42,0.79,N
35.51558,59.19821,296.43,0.37,0.58,2026-09-05,2244,N20,nominal,2.0NRT,282.21,0.48,N
35.37019,59.30528,299.51,0.38,0.59,2026-09-05,2244,N20,nominal,2.0NRT,283.44,0.52,N
35.36639,59.30417,299.3,0.38,0.59,2026-09-05,2244,N20,nominal,2.0NRT,283.85,0.6,N
36.29864,54.78547,300.45,0.41,0.45,2026-09-05,2244,N20,nominal,2.0NRT,289.47,0.72,N
36.32306,54.18706,297.74,0.38,0.44,2026-09-05,2244,N20,nominal,2.0NRT,286.32,0.5,N
33.75329,59.14676,297.19,0.41,0.6,2026-09-05,2244,N20,nominal,2.0NRT,282.7,0.59,N
33.63008,59.1694,302.72,0.41,0.61,2026-09-05,2244,N20,nominal,2.0NRT,286.59,1.02,N
32.92391,60.23193,301.74,0.49,0.65,2026-09-05,2244,N20,nominal,2.0NRT,287.43,1.42,N
33.04405,56.84795,304.74,0.63,0.54,2026-09-05,2244,N20,nominal,2.0NRT,293.42,1.06,N
32.33548,54.0843,302.46,0.46,0.47,2026-09-05,2244,N20,nominal,2.0NRT,290.26,0.81,N
31.43522,56.49145,304.77,0.33,0.55,2026-09-05,2244,N20,nominal,2.0NRT,289.81,0.54,N
31.94114,54.04311,312.2,0.46,0.47,2026-09-05,2244,N20,nominal,2.0NRT,294.07,1.68,N
31.94268,54.04578,307.79,0.46,0.47,2026-09-05,2244,N20,nominal,2.0NRT,293.42,2.43,N
31.62394,54.723,304.48,0.51,0.5,2026-09-05,2244,N20,nominal,2.0NRT,290.93,1.62,N
30.7574,56.6592,312.85,0.35,0.56,2026-09-05,2246,N20,nominal,2.0NRT,291.69,1.85,N
30.66639,56.62181,301.78,0.35,0.56,2026-09-05,2246,N20,nominal,2.0NRT,289.1,0.61,N
30.49838,56.81604,311.89,0.36,0.57,2026-09-05,2246,N20,nominal,2.0NRT,290.37,1.48,N
30.1936,57.15982,300.3,0.38,0.59,2026-09-05,2246,N20,nominal,2.0NRT,288.18,0.71,N
30.12808,57.24193,297,0.39,0.59,2026-09-05,2246,N20,nominal,2.0NRT,286.19,5.76,N
30.12712,57.24578,313.64,0.39,0.59,2026-09-05,2246,N20,nominal,2.0NRT,286.56,5.76,N
30.12283,57.24021,333.34,0.39,0.59,2026-09-05,2246,N20,nominal,2.0NRT,286.98,5.76,N
30.12186,57.24406,352.57,0.39,0.59,2026-09-05,2246,N20,nominal,2.0NRT,290.96,5.76,N
30.36777,56.12651,304.86,0.33,0.55,2026-09-05,2246,N20,nominal,2.0NRT,290.61,0.73,N
30.36826,56.12556,304.49,0.33,0.55,2026-09-05,2246,N20,nominal,2.0NRT,290.65,0.9,N
30.32493,55.97419,311.41,0.32,0.55,2026-09-05,2246,N20,nominal,2.0NRT,290.7,1.08,N
29.94905,56.73174,306.1,0.37,0.58,2026-09-05,2246,N20,nominal,2.0NRT,288.09,1,N
29.92653,56.73337,306.83,0.37,0.58,2026-09-05,2246,N20,nominal,2.0NRT,290.14,1.25,N
29.99079,55.85188,356.27,0.32,0.55,2026-09-05,2246,N20,nominal,2.0NRT,291.94,6.08,N
29.99164,55.84833,296.93,0.32,0.55,2026-09-05,2246,N20,nominal,2.0NRT,285.99,3.51,N
29.99535,55.85198,299.6,0.32,0.55,2026-09-05,2246,N20,nominal,2.0NRT,285.98,2.55,N
29.99047,55.85045,351.29,0.32,0.55,2026-09-05,2246,N20,nominal,2.0NRT,287.62,2.55,N
29.98964,55.85404,304.82,0.32,0.55,2026-09-05,2246,N20,nominal,2.0NRT,287.59,2.55,N
30.08385,55.39916,303.8,0.61,0.53,2026-09-05,2246,N20,nominal,2.0NRT,289.27,1.59,N
29.9943,55.1976,302.42,0.59,0.53,2026-09-05,2246,N20,nominal,2.0NRT,288.62,1.73,N
29.51406,55.7968,307.8,0.33,0.55,2026-09-05,2246,N20,nominal,2.0NRT,289.25,0.82,N
29.15248,55.36382,301.4,0.63,0.54,2026-09-05,2246,N20,nominal,2.0NRT,290.68,0.64,N
29.17374,54.61714,306.74,0.57,0.52,2026-09-05,2246,N20,nominal,2.0NRT,293.36,1.76,N
29.17264,54.61479,309.43,0.57,0.52,2026-09-05,2246,N20,nominal,2.0NRT,293.69,1.35,N
25.56086,55.98568,312.15,0.41,0.61,2026-09-05,2246,N20,nominal,2.0NRT,298.47,5.4,N
25.56108,55.98594,312.8,0.41,0.61,2026-09-05,2246,N20,nominal,2.0NRT,297.81,5,N
24.99258,55.62527,315.78,0.4,0.6,2026-09-05,2246,N20,nominal,2.0NRT,294.54,2.83,N
24.50652,56.60507,314.6,0.48,0.64,2026-09-05,2246,N20,nominal,2.0NRT,294.68,3.41,N
24.5054,56.60961,311.84,0.48,0.64,2026-09-05,2246,N20,nominal,2.0NRT,294.63,3.21,N
24.50713,56.60638,317.07,0.48,0.64,2026-09-05,2246,N20,nominal,2.0NRT,294.6,3.87,N
24.50604,56.61094,310.21,0.48,0.64,2026-09-05,2246,N20,nominal,2.0NRT,294.78,3.11,N
24.33139,54.47044,311.23,0.35,0.57,2026-09-05,2246,N20,nominal,2.0NRT,297.92,3.21,N
23.1936,55.46334,307.82,0.43,0.62,2026-09-05,2246,N20,nominal,2.0NRT,295.75,1.67,N
23.18996,55.45364,334.35,0.43,0.62,2026-09-05,2246,N20,nominal,2.0NRT,296.07,2.69,N
23.18901,55.45773,315.28,0.43,0.62,2026-09-05,2246,N20,nominal,2.0NRT,296.21,2.69,N
23.31113,54.17799,308.08,0.36,0.57,2026-09-05,2248,N20,nominal,2.0NRT,296.24,1.25,N
23.27839,54.22743,306.25,0.36,0.57,2026-09-05,2248,N20,nominal,2.0NRT,295.91,0.71,N
22.87221,55.61277,314.58,0.45,0.63,2026-09-05,2248,N20,nominal,2.0NRT,295.52,1.61,N
22.4066,56.98516,309.66,0.56,0.69,2026-09-05,2248,N20,nominal,2.0NRT,293.05,2.02,N
22.32646,56.48841,319.65,0.52,0.67,2026-09-05,2248,N20,nominal,2.0NRT,291.02,1.46,N
21.94146,57.07303,309.71,0.58,0.7,2026-09-05,2248,N20,nominal,2.0NRT,292.53,1.67,N
21.93522,57.0713,316.43,0.58,0.7,2026-09-05,2248,N20,nominal,2.0NRT,292.04,1.67,N
21.89367,56.84686,306.85,0.56,0.69,2026-09-05,2248,N20,nominal,2.0NRT,292.91,1.06,N
22.52391,54.04918,308.34,0.36,0.58,2026-09-05,2248,N20,nominal,2.0NRT,296.47,1.08,N
21.83768,56.67847,308.29,0.55,0.68,2026-09-05,2248,N20,nominal,2.0NRT,292.71,1.08,N
21.31287,57.74275,309.83,0.66,0.73,2026-09-05,2248,N20,nominal,2.0NRT,291.99,1.83,N
21.32177,57.71837,302.35,0.66,0.73,2026-09-05,2248,N20,nominal,2.0NRT,291.98,0.91,N
21.31586,57.74289,308.19,0.66,0.73,2026-09-05,2248,N20,nominal,2.0NRT,291.93,1.63,N
21.33738,56.69654,346.95,0.57,0.69,2026-09-05,2248,N20,nominal,2.0NRT,293.64,4.98,N
21.33121,56.69484,316.71,0.57,0.69,2026-09-05,2248,N20,nominal,2.0NRT,292.68,4.98,N
21.33429,56.69421,325.71,0.57,0.69,2026-09-05,2248,N20,nominal,2.0NRT,292.71,4.97,N
21.33304,56.69951,330.89,0.57,0.69,2026-09-05,2248,N20,nominal,2.0NRT,293.34,5.6,N
20.3763,55.93247,325.28,0.53,0.67,2026-09-05,2248,N20,nominal,2.0NRT,293.67,2.86,N
20.38819,55.66245,310.05,0.51,0.66,2026-09-05,2248,N20,nominal,2.0NRT,293.5,2.32,N
20.38553,55.64679,309.95,0.51,0.66,2026-09-05,2248,N20,nominal,2.0NRT,294,1.15,N
20.38643,55.66122,315.98,0.51,0.66,2026-09-05,2248,N20,nominal,2.0NRT,293.36,1.46,N
20.38369,55.64552,313.37,0.51,0.66,2026-09-05,2248,N20,nominal,2.0NRT,293.23,1.51,N
20.21564,55.71146,313.54,0.52,0.67,2026-09-05,2248,N20,nominal,2.0NRT,293.5,1.33,N
19.26713,56.17349,308.17,0.58,0.7,2026-09-05,2248,N20,nominal,2.0NRT,292.57,1.03,N
19.27137,56.17313,304.58,0.58,0.7,2026-09-05,2248,N20,nominal,2.0NRT,292.43,0.94,N
18.32322,55.10595,325.5,0.52,0.67,2026-09-05,2248,N20,nominal,2.0NRT,293.89,2.33,N
18.01382,54.57414,337.33,0.49,0.65,2026-09-05,2248,N20,nominal,2.0NRT,297.06,6.9,N
18.01482,54.56964,310.64,0.49,0.65,2026-09-05,2248,N20,nominal,2.0NRT,294.55,6.9,N
18.01651,54.57116,322.03,0.49,0.65,2026-09-05,2248,N20,nominal,2.0NRT,295.02,7.47,N
18.01554,54.57566,330.74,0.49,0.65,2026-09-05,2248,N20,nominal,2.0NRT,296.46,7.47,N
39.25639,76.79179,341.31,0.75,0.77,2026-09-06,0644,N20,nominal,2.0NRT,294.31,11.21,D
16.43625,99.75914,337.21,0.4,0.37,2026-09-06,0635,N20,low,2.0NRT,294.65,4.72,D
16.7702,99.93446,332.19,0.39,0.36,2026-09-06,0635,N20,nominal,2.0NRT,295.26,3.56,D
16.91989,100.15099,331.27,0.39,0.36,2026-09-06,0635,N20,nominal,2.0NRT,295.38,1.65,D
17.07893,99.99368,333.44,0.39,0.36,2026-09-06,0635,N20,nominal,2.0NRT,295.63,1.65,D
17.08225,99.99312,334.06,0.39,0.36,2026-09-06,0635,N20,nominal,2.0NRT,295.4,4.06,D
17.15328,99.77462,333.54,0.39,0.36,2026-09-06,0635,N20,low,2.0NRT,295.92,4.63,D
17.07095,99.05289,332.28,0.41,0.37,2026-09-06,0635,N20,low,2.0NRT,295.13,3.83,D
19.90937,99.2664,330.11,0.39,0.36,2026-09-06,0635,N20,low,2.0NRT,302.14,3.7,D
22.01426,100.75085,328.93,0.39,0.36,2026-09-06,0637,N20,low,2.0NRT,301.46,3.34,D
25.14314,98.91814,356.28,0.38,0.36,2026-09-06,0637,N20,low,2.0NRT,293.62,5.7,D
25.14643,98.91754,341.43,0.38,0.36,2026-09-06,0637,N20,nominal,2.0NRT,299.23,5.7,D
25.02915,96.36425,328.9,0.43,0.38,2026-09-06,0637,N20,nominal,2.0NRT,295.5,4.44,D
25.58563,98.85622,345.68,0.38,0.36,2026-09-06,0637,N20,nominal,2.0NRT,300.29,5.96,D
26.56189,101.67776,332.49,0.45,0.39,2026-09-06,0637,N20,low,2.0NRT,305.18,3.48,D
26.56542,101.67711,336.06,0.45,0.39,2026-09-06,0637,N20,nominal,2.0NRT,304.5,3.48,D
26.56486,101.67278,330.93,0.45,0.39,2026-09-06,0637,N20,low,2.0NRT,305.12,3.48,D
26.57489,101.66653,344.81,0.45,0.39,2026-09-06,0637,N20,nominal,2.0NRT,306.24,15.03,D
26.61968,101.59528,338.87,0.44,0.39,2026-09-06,0637,N20,nominal,2.0NRT,301.94,9.72,D
27.87556,96.92477,338.88,0.39,0.36,2026-09-06,0640,N20,nominal,2.0NRT,297.66,5.75,D
27.87494,96.92095,331.02,0.39,0.36,2026-09-06,0640,N20,nominal,2.0NRT,296.46,5.75,D
28.4852,97.02938,330.93,0.39,0.36,2026-09-06,0640,N20,nominal,2.0NRT,293.48,1.67,D
28.49798,97.02338,341.75,0.39,0.36,2026-09-06,0640,N20,nominal,2.0NRT,298.49,6.03,D
28.51981,97.01084,330.9,0.39,0.36,2026-09-06,0640,N20,nominal,2.0NRT,289.36,2.72,D
29.62895,90.97001,328.92,0.45,0.47,2026-09-06,0640,N20,low,2.0NRT,299.97,4.33,D
29.68256,91.14607,327.21,0.43,0.46,2026-09-06,0640,N20,nominal,2.0NRT,292.82,4.21,D
29.65425,90.98629,327.18,0.44,0.46,2026-09-06,0640,N20,low,2.0NRT,297.97,4.81,D
29.66132,90.99944,327.5,0.44,0.46,2026-09-06,0640,N20,nominal,2.0NRT,295.75,3.6,D
29.66549,90.99844,348.1,0.44,0.46,2026-09-06,0640,N20,nominal,2.0NRT,297.88,7.92,D
29.66967,90.99748,344.24,0.44,0.46,2026-09-06,0640,N20,nominal,2.0NRT,299.14,7.92,D
13.79744,101.27433,330.18,0.39,0.36,2026-09-06,0633,N20,nominal,2.0NRT,297.54,2.42,D
13.88739,100.30708,333.71,0.4,0.37,2026-09-06,0633,N20,low,2.0NRT,297.8,3.11,D
14.12562,100.39357,332.25,0.4,0.37,2026-09-06,0635,N20,low,2.0NRT,294.21,4.18,D
14.11135,100.06555,336.05,0.4,0.37,2026-09-06,0635,N20,low,2.0NRT,296.49,3.95,D
14.12449,100.01781,336,0.4,0.37,2026-09-06,0635,N20,nominal,2.0NRT,297.33,4.82,D
14.22831,100.525,339.2,0.39,0.36,2026-09-06,0635,N20,nominal,2.0NRT,296.49,5.23,D
14.19568,100.06287,345.52,0.4,0.37,2026-09-06,0635,N20,nominal,2.0NRT,297.43,11.11,D
14.23032,100.12894,331.71,0.4,0.37,2026-09-06,0635,N20,low,2.0NRT,297.53,3.96,D
14.36143,100.22703,348.43,0.4,0.37,2026-09-06,0635,N20,low,2.0NRT,298.95,6.98,D
14.37804,100.20176,332.91,0.4,0.37,2026-09-06,0635,N20,low,2.0NRT,296.79,3.05,D
14.46332,100.68108,332.14,0.39,0.36,2026-09-06,0635,N20,nominal,2.0NRT,298.08,2.85,D
14.36305,100.01942,342.06,0.4,0.37,2026-09-06,0635,N20,nominal,2.0NRT,295.86,8.08,D
14.52125,100.61621,335.73,0.39,0.36,2026-09-06,0635,N20,nominal,2.0NRT,298.1,2.81,D
14.63341,101.07698,331.87,0.39,0.36,2026-09-06,0635,N20,nominal,2.0NRT,298.64,3.89,D
14.56045,100.58394,332.84,0.39,0.36,2026-09-06,0635,N20,low,2.0NRT,299.49,2.6,D
14.51503,100.23413,332.36,0.4,0.37,2026-09-06,0635,N20,low,2.0NRT,296.89,4.48,D
14.64853,101.04053,334.19,0.39,0.36,2026-09-06,0635,N20,nominal,2.0NRT,299.11,5.37,D
14.52113,100.22937,333.11,0.4,0.37,2026-09-06,0635,N20,low,2.0NRT,299.12,3.92,D
14.67264,100.80305,336.15,0.39,0.36,2026-09-06,0635,N20,nominal,2.0NRT,301.63,4.61,D
14.61098,100.04518,336.84,0.4,0.37,2026-09-06,0635,N20,low,2.0NRT,296.96,5.44,D
14.61616,99.99139,342.32,0.4,0.37,2026-09-06,0635,N20,nominal,2.0NRT,296.97,5.27,D
14.74061,100.71474,333.59,0.39,0.36,2026-09-06,0635,N20,nominal,2.0NRT,301.56,2.37,D
14.73941,100.66354,336.66,0.39,0.36,2026-09-06,0635,N20,low,2.0NRT,298.25,3.63,D
14.70959,100.47313,335.48,0.39,0.36,2026-09-06,0635,N20,nominal,2.0NRT,299.13,3.09,D
14.75251,100.27258,337.96,0.39,0.37,2026-09-06,0635,N20,nominal,2.0NRT,298.05,3.26,D
14.83616,100.34792,344.93,0.39,0.36,2026-09-06,0635,N20,nominal,2.0NRT,298.2,6.33,D
14.80922,100.15469,335.02,0.4,0.37,2026-09-06,0635,N20,nominal,2.0NRT,297.01,5.44,D
14.83373,100.28884,345.68,0.39,0.36,2026-09-06,0635,N20,nominal,2.0NRT,297.98,5.92,D
15.13587,101.87647,340.73,0.39,0.36,2026-09-06,0635,N20,nominal,2.0NRT,298.23,2.77,D
14.90311,100.14651,337.49,0.4,0.37,2026-09-06,0635,N20,low,2.0NRT,292.97,5.65,D
15.04113,100.22402,343.82,0.39,0.37,2026-09-06,0635,N20,nominal,2.0NRT,296.95,8.65,D
15.12745,100.69027,337.07,0.39,0.36,2026-09-06,0635,N20,nominal,2.0NRT,300.57,6.99,D
15.1269,100.68669,340.83,0.39,0.36,2026-09-06,0635,N20,nominal,2.0NRT,302.16,7.8,D
15.0573,100.23997,339.83,0.39,0.36,2026-09-06,0635,N20,nominal,2.0NRT,297.87,5.26,D
15.08715,100.32361,335.41,0.39,0.36,2026-09-06,0635,N20,nominal,2.0NRT,297.7,3.06,D
15.12952,100.5495,332.53,0.39,0.36,2026-09-06,0635,N20,low,2.0NRT,296.04,1,D
15.17843,100.73243,330.3,0.39,0.36,2026-09-06,0635,N20,nominal,2.0NRT,296.38,1.47,D
15.11058,100.23413,337,0.39,0.36,2026-09-06,0635,N20,low,2.0NRT,298.47,5.66,D
15.16934,100.36925,335.32,0.39,0.36,2026-09-06,0635,N20,nominal,2.0NRT,297.5,3.53,D
15.71528,100.36124,332.09,0.39,0.36,2026-09-06,0635,N20,low,2.0NRT,296.7,7.82,D
15.72603,100.17008,337.9,0.39,0.36,2026-09-06,0635,N20,nominal,2.0NRT,296.66,4.56,D
15.8241,100.1458,341.75,0.39,0.36,2026-09-06,0635,N20,nominal,2.0NRT,297.45,5.78,D
15.87312,100.19714,330.47,0.39,0.36,2026-09-06,0635,N20,low,2.0NRT,297.72,3.74,D
15.9266,100.08376,331.47,0.39,0.36,2026-09-06,0635,N20,nominal,2.0NRT,295.65,1.83,D
15.98584,100.17815,331.41,0.39,0.36,2026-09-06,0635,N20,low,2.0NRT,296.86,8.46,D
16.00301,100.04844,335.76,0.39,0.36,2026-09-06,0635,N20,nominal,2.0NRT,297,5.22,D
16.00243,100.04479,332.65,0.39,0.36,2026-09-06,0635,N20,low,2.0NRT,293.19,5.22,D
15.98925,99.92294,332.74,0.4,0.37,2026-09-06,0635,N20,nominal,2.0NRT,293.95,3.59,D
16.04172,100.0378,345.98,0.39,0.36,2026-09-06,0635,N20,nominal,2.0NRT,296.6,6.54,D
16.07121,100.05151,331.25,0.39,0.36,2026-09-06,0635,N20,nominal,2.0NRT,296.12,3.23,D
16.10601,100.14264,330.06,0.39,0.36,2026-09-06,0635,N20,nominal,2.0NRT,295.65,1.81,D
16.21436,100.31303,340.71,0.39,0.36,2026-09-06,0635,N20,nominal,2.0NRT,295.42,7.87,D
16.22908,100.255,347,0.39,0.36,2026-09-06,0635,N20,nominal,2.0NRT,295.58,5.48,D
16.12334,99.58497,336.58,0.4,0.37,2026-09-06,0635,N20,nominal,2.0NRT,295.62,3.96,D
16.19073,99.96706,344.42,0.39,0.36,2026-09-06,0635,N20,nominal,2.0NRT,296.19,5.52,D
16.20437,100.03212,331.51,0.39,0.36,2026-09-06,0635,N20,low,2.0NRT,293.39,2.99,D
16.35748,100.20705,331.69,0.39,0.36,2026-09-06,0635,N20,nominal,2.0NRT,292.95,1.94,D
6.17599,81.02498,342.79,0.45,0.39,2026-09-06,0813,N20,nominal,2.0NRT,301.19,4.81,D
6.1966,80.9183,335.86,0.45,0.39,2026-09-06,0813,N20,nominal,2.0NRT,300.17,1.95,D
6.22624,80.92218,330.17,0.45,0.39,2026-09-06,0813,N20,low,2.0NRT,301.93,1.74,D
6.22565,80.92256,332.11,0.45,0.39,2026-09-06,0813,N20,nominal,2.0NRT,301.8,1.85,D
6.28634,80.72087,341.99,0.44,0.38,2026-09-06,0813,N20,nominal,2.0NRT,299.85,6.02,D
6.38127,81.09678,345.82,0.46,0.39,2026-09-06,0813,N20,nominal,2.0NRT,302.54,124.64,D
6.41299,81.08785,339.14,0.46,0.39,2026-09-06,0813,N20,nominal,2.0NRT,305.72,6.66,D
6.37277,80.79048,331.77,0.44,0.39,2026-09-06,0813,N20,low,2.0NRT,302.87,4.25,D
6.37217,80.78643,347.17,0.44,0.39,2026-09-06,0813,N20,nominal,2.0NRT,303.65,4.25,D
6.44992,81.04031,331.5,0.46,0.39,2026-09-06,0813,N20,low,2.0NRT,302.53,4.91,D
6.52049,80.90929,332.97,0.45,0.39,2026-09-06,0813,N20,nominal,2.0NRT,302.12,4.84,D
6.54658,81.06027,336.45,0.46,0.39,2026-09-06,0813,N20,nominal,2.0NRT,303.9,4.96,D
6.52717,80.75974,335.03,0.44,0.39,2026-09-06,0813,N20,nominal,2.0NRT,301.18,2.32,D
6.5272,80.75962,334.38,0.45,0.39,2026-09-06,0813,N20,nominal,2.0NRT,301.06,3.01,D
6.55594,80.93317,331.63,0.45,0.39,2026-09-06,0813,N20,low,2.0NRT,305.24,1.87,D
6.52895,80.74675,347.98,0.44,0.39,2026-09-06,0813,N20,nominal,2.0NRT,303.84,15.08,D
6.57201,80.91832,340.48,0.45,0.39,2026-09-06,0813,N20,nominal,2.0NRT,307.81,19.7,D
6.60001,80.96009,341.01,0.45,0.39,2026-09-06,0813,N20,nominal,2.0NRT,306.3,6.67,D
6.6053,80.89685,333.67,0.45,0.39,2026-09-06,0813,N20,low,2.0NRT,305.11,3.18,D
6.59847,80.80141,334.48,0.45,0.39,2026-09-06,0813,N20,nominal,2.0NRT,301.4,4.28,D
6.70713,81.38621,340.94,0.48,0.4,2026-09-06,0813,N20,nominal,2.0NRT,306.33,10.49,D
6.61493,80.76595,334.26,0.45,0.39,2026-09-06,0813,N20,nominal,2.0NRT,299.64,2.99,D
6.71334,81.4029,342.96,0.48,0.4,2026-09-06,0813,N20,nominal,2.0NRT,307.35,10.39,D
6.70504,81.34695,335.69,0.48,0.4,2026-09-06,0813,N20,nominal,2.0NRT,301.12,3.3,D
6.73615,81.50595,339.33,0.49,0.4,2026-09-06,0813,N20,nominal,2.0NRT,306.59,9.3,D
6.74441,81.5361,345.85,0.49,0.4,2026-09-06,0813,N20,nominal,2.0NRT,307.44,9.4,D
6.71643,81.3233,336.32,0.47,0.4,2026-09-06,0813,N20,nominal,2.0NRT,306.13,5.63,D
6.74341,81.5372,342.62,0.49,0.4,2026-09-06,0813,N20,nominal,2.0NRT,307.2,8.93,D
6.71671,81.32398,335.96,0.48,0.4,2026-09-06,0813,N20,nominal,2.0NRT,305.94,6.3,D
6.78113,81.56338,336.04,0.49,0.4,2026-09-06,0813,N20,nominal,2.0NRT,305.31,5.82,D
6.7509,81.35421,346.78,0.48,0.4,2026-09-06,0813,N20,nominal,2.0NRT,305.84,15.51,D
6.78776,81.53093,339.12,0.49,0.4,2026-09-06,0813,N20,nominal,2.0NRT,304.85,4.52,D
6.78712,81.52653,336.13,0.49,0.4,2026-09-06,0813,N20,low,2.0NRT,306.48,5.82,D
6.80623,81.52828,337.69,0.49,0.4,2026-09-06,0813,N20,nominal,2.0NRT,305.82,3.09,D
6.80993,81.52775,338.3,0.49,0.4,2026-09-06,0813,N20,nominal,2.0NRT,304.94,12.69,D
6.80928,81.52334,337.61,0.49,0.4,2026-09-06,0813,N20,nominal,2.0NRT,304.1,13.81,D
6.81362,81.52721,340.21,0.49,0.4,2026-09-06,0813,N20,nominal,2.0NRT,306.12,12.69,D
6.81298,81.52281,350.52,0.49,0.4,2026-09-06,0813,N20,nominal,2.0NRT,306.59,13.81,D
6.81244,81.44232,339.42,0.48,0.4,2026-09-06,0813,N20,nominal,2.0NRT,306.3,10.4,D
6.82584,81.43141,336.63,0.48,0.4,2026-09-06,0813,N20,nominal,2.0NRT,304.94,3.59,D
6.83904,81.46967,338.42,0.48,0.4,2026-09-06,0813,N20,nominal,2.0NRT,305.92,6.38,D
6.83838,81.46528,342.54,0.48,0.4,2026-09-06,0813,N20,nominal,2.0NRT,306.08,5.5,D
6.87739,81.6767,341.26,0.5,0.41,2026-09-06,0813,N20,nominal,2.0NRT,305.01,8.33,D
6.87672,81.67222,352.26,0.5,0.41,2026-09-06,0813,N20,nominal,2.0NRT,306.61,8.33,D
6.87605,81.66773,330.66,0.5,0.41,2026-09-06,0813,N20,low,2.0NRT,304.92,3.29,D
6.88112,81.67618,348.45,0.5,0.41,2026-09-06,0813,N20,nominal,2.0NRT,304.58,8.33,D
6.88045,81.67171,345.28,0.5,0.41,2026-09-06,0813,N20,nominal,2.0NRT,305.07,8.33,D
6.87978,81.66723,334.95,0.5,0.41,2026-09-06,0813,N20,nominal,2.0NRT,304.38,3.29,D
6.87933,81.67808,337.61,0.5,0.41,2026-09-06,0813,N20,nominal,2.0NRT,303.86,8.59,D
6.8787,81.67358,356.18,0.5,0.41,2026-09-06,0813,N20,nominal,2.0NRT,309.1,8.59,D
6.87806,81.6691,350.52,0.5,0.41,2026-09-06,0813,N20,nominal,2.0NRT,306.02,10.87,D
6.88242,81.67306,344.28,0.5,0.41,2026-09-06,0813,N20,nominal,2.0NRT,303.27,8.59,D
6.84756,81.4028,331.75,0.48,0.4,2026-09-06,0813,N20,low,2.0NRT,302.15,3.38,D
6.88785,81.49987,332.33,0.49,0.4,2026-09-06,0813,N20,low,2.0NRT,303.7,3.85,D
6.86198,81.32136,336.06,0.48,0.4,2026-09-06,0813,N20,nominal,2.0NRT,300.81,6.67,D
6.96175,81.56585,331.73,0.49,0.4,2026-09-06,0813,N20,nominal,2.0NRT,300.89,2.66,D
6.9611,81.56142,330.96,0.49,0.4,2026-09-06,0813,N20,nominal,2.0NRT,294.88,2.66,D
6.96338,81.56216,344.16,0.49,0.4,2026-09-06,0813,N20,nominal,2.0NRT,302.38,7.49,D
6.9833,81.59561,355.5,0.49,0.41,2026-09-06,0813,N20,nominal,2.0NRT,306.5,42.44,D
6.98203,81.5867,341.15,0.49,0.41,2026-09-06,0813,N20,nominal,2.0NRT,303.92,32.98,D
6.98574,81.58614,353.1,0.49,0.41,2026-09-06,0813,N20,nominal,2.0NRT,305.83,32.98,D
7.05877,81.80164,340.93,0.51,0.41,2026-09-06,0813,N20,nominal,2.0NRT,306.34,12.41,D
7.145,81.23863,330.41,0.48,0.4,2026-09-06,0813,N20,nominal,2.0NRT,299.91,1.98,D
7.13335,81.08004,336.91,0.47,0.39,2026-09-06,0813,N20,nominal,2.0NRT,301.05,3.58,D
7.32397,81.76602,337.76,0.51,0.41,2026-09-06,0813,N20,nominal,2.0NRT,304.59,7.73,D
7.32414,81.76315,338.41,0.51,0.41,2026-09-06,0813,N20,nominal,2.0NRT,304.07,6.93,D
7.36785,81.7194,339.04,0.51,0.41,2026-09-06,0813,N20,nominal,2.0NRT,301.43,4.93,D
7.36719,81.71482,335.6,0.51,0.41,2026-09-06,0813,N20,nominal,2.0NRT,300.49,6.74,D
7.41125,81.72717,342.31,0.51,0.41,2026-09-06,0813,N20,nominal,2.0NRT,300.38,5.06,D
7.40722,81.69978,336.96,0.51,0.41,2026-09-06,0813,N20,nominal,2.0NRT,299.82,3.87,D
7.41523,81.62437,332.22,0.5,0.41,2026-09-06,0813,N20,nominal,2.0NRT,295.77,3.11,D
7.22762,79.92426,334.35,0.42,0.38,2026-09-06,0813,N20,nominal,2.0NRT,290.84,4.11,D
7.51311,81.65795,339.53,0.5,0.41,2026-09-06,0813,N20,nominal,2.0NRT,300.08,8.75,D
7.6006,80.85745,337.72,0.46,0.39,2026-09-06,0813,N20,nominal,2.0NRT,303.53,3.84,D
7.48554,80.05708,330.41,0.43,0.38,2026-09-06,0813,N20,nominal,2.0NRT,299.92,1.68,D
7.55228,80.40916,333.54,0.44,0.38,2026-09-06,0813,N20,nominal,2.0NRT,297.47,11.66,D
7.61975,80.8379,338.35,0.46,0.39,2026-09-06,0813,N20,nominal,2.0NRT,302.53,4.12,D
7.62172,80.83782,338.9,0.46,0.39,2026-09-06,0813,N20,nominal,2.0NRT,304.2,4.41,D
7.53497,80.08868,341.84,0.43,0.38,2026-09-06,0813,N20,nominal,2.0NRT,299.98,3.94,D
7.6455,80.62371,334.18,0.45,0.39,2026-09-06,0813,N20,nominal,2.0NRT,298.43,6.63,D
7.6888,80.81956,347.71,0.46,0.39,2026-09-06,0813,N20,nominal,2.0NRT,303.7,11.15,D
7.69301,80.82319,330.05,0.46,0.39,2026-09-06,0813,N20,low,2.0NRT,300.72,2.89,D
7.6966,80.82266,342.2,0.46,0.39,2026-09-06,0813,N20,nominal,2.0NRT,302.13,2.9,D
7.62395,80.28177,330.29,0.43,0.38,2026-09-06,0813,N20,nominal,2.0NRT,299.22,2.35,D
7.71756,80.45007,331.53,0.44,0.39,2026-09-06,0813,N20,nominal,2.0NRT,299.63,4.7,D
7.75884,80.68317,334.63,0.45,0.39,2026-09-06,0813,N20,nominal,2.0NRT,297.97,4.11,D
7.72779,80.13131,331.12,0.43,0.38,2026-09-06,0813,N20,nominal,2.0NRT,299.76,3.33,D
7.71069,79.87955,336.76,0.42,0.38,2026-09-06,0813,N20,nominal,2.0NRT,298.74,3.35,D
7.76921,80.25717,332.14,0.44,0.38,2026-09-06,0813,N20,nominal,2.0NRT,299.34,3.99,D
7.82479,80.61631,342.87,0.45,0.39,2026-09-06,0813,N20,nominal,2.0NRT,298.81,5.46,D
7.71659,79.84772,331.38,0.42,0.38,2026-09-06,0813,N20,nominal,2.0NRT,297.37,1.72,D
7.87927,80.94359,338.27,0.47,0.4,2026-09-06,0813,N20,nominal,2.0NRT,302.29,4.74,D
7.92305,81.22266,330.55,0.48,0.4,2026-09-06,0813,N20,nominal,2.0NRT,300.04,1.63,D
7.88289,80.94305,342.36,0.47,0.4,2026-09-06,0813,N20,nominal,2.0NRT,300.52,4.74,D
7.85508,80.69967,342.53,0.46,0.39,2026-09-06,0813,N20,nominal,2.0NRT,303.43,30.8,D
7.93032,81.19484,337.24,0.48,0.4,2026-09-06,0813,N20,nominal,2.0NRT,301.31,4.57,D
7.94072,81.1889,340.77,0.48,0.4,2026-09-06,0813,N20,nominal,2.0NRT,302.24,24.13,D
7.95302,81.19602,336.47,0.48,0.4,2026-09-06,0813,N20,nominal,2.0NRT,300.39,2.85,D
7.93166,81.04913,335.02,0.47,0.4,2026-09-06,0813,N20,nominal,2.0NRT,300.92,2.99,D
7.8741,80.60503,338.66,0.45,0.39,2026-09-06,0813,N20,nominal,2.0NRT,300.57,7.74,D
7.84102,80.2345,339.58,0.43,0.38,2026-09-06,0813,N20,nominal,2.0NRT,301.62,5.39,D
7.91837,80.7073,335.48,0.46,0.39,2026-09-06,0813,N20,nominal,2.0NRT,300.91,3.71,D
7.84394,80.20604,337.41,0.43,0.38,2026-09-06,0813,N20,nominal,2.0NRT,299.09,3.33,D
7.86796,80.34335,336.88,0.44,0.38,2026-09-06,0813,N20,nominal,2.0NRT,299.14,5.15,D
7.80483,79.92006,334.47,0.42,0.38,2026-09-06,0813,N20,nominal,2.0NRT,297.98,3.63,D
8.01838,81.30779,339.78,0.49,0.4,2026-09-06,0813,N20,nominal,2.0NRT,301.82,6.13,D
8.01709,81.30904,337.02,0.49,0.4,2026-09-06,0813,N20,nominal,2.0NRT,301.74,7.91,D
7.88015,80.34989,330.53,0.44,0.38,2026-09-06,0813,N20,nominal,2.0NRT,298.44,2.96,D
7.93551,80.68421,337.64,0.46,0.39,2026-09-06,0813,N20,nominal,2.0NRT,298.01,4.78,D
7.93909,80.68369,338.19,0.46,0.39,2026-09-06,0813,N20,nominal,2.0NRT,298.18,4.78,D
7.89936,80.40807,336.64,0.44,0.39,2026-09-06,0813,N20,nominal,2.0NRT,300.48,5.59,D
7.88326,80.29684,337.96,0.44,0.38,2026-09-06,0813,N20,nominal,2.0NRT,302.22,6.32,D
7.93151,80.58047,334.86,0.45,0.39,2026-09-06,0813,N20,nominal,2.0NRT,297,1.84,D
7.95167,80.61919,333.24,0.45,0.39,2026-09-06,0813,N20,nominal,2.0NRT,300.38,4.64,D
7.94398,80.5662,345.79,0.45,0.39,2026-09-06,0813,N20,nominal,2.0NRT,300.57,7.55,D
7.91426,80.31252,336.02,0.44,0.38,2026-09-06,0813,N20,nominal,2.0NRT,301.02,2.51,D
7.87986,80.07761,330.6,0.43,0.38,2026-09-06,0813,N20,nominal,2.0NRT,298.01,2.23,D
7.98272,80.75755,343.26,0.46,0.39,2026-09-06,0813,N20,nominal,2.0NRT,297.2,5.11,D
7.98152,80.74925,335.61,0.46,0.39,2026-09-06,0813,N20,nominal,2.0NRT,299.59,6.78,D
7.95763,80.58501,339.09,0.45,0.39,2026-09-06,0813,N20,nominal,2.0NRT,300.42,3.52,D
7.95289,80.55247,337.1,0.45,0.39,2026-09-06,0813,N20,nominal,2.0NRT,300.64,3.87,D
7.96119,80.58449,339.8,0.45,0.39,2026-09-06,0813,N20,nominal,2.0NRT,300.9,3.52,D
7.94465,80.44645,348.49,0.44,0.39,2026-09-06,0813,N20,nominal,2.0NRT,302.43,11.4,D
7.87167,79.92561,340.41,0.42,0.38,2026-09-06,0813,N20,nominal,2.0NRT,300.51,6.19,D
7.89612,80.06731,336.88,0.43,0.38,2026-09-06,0813,N20,nominal,2.0NRT,296.26,2.52,D
7.98381,80.63953,335.65,0.45,0.39,2026-09-06,0813,N20,nominal,2.0NRT,299.31,8.67,D
7.98321,80.63544,333.58,0.45,0.39,2026-09-06,0813,N20,nominal,2.0NRT,301.02,7.19,D
7.95645,80.45293,344.63,0.45,0.39,2026-09-06,0813,N20,nominal,2.0NRT,303,29.12,D
7.99871,80.64158,344.81,0.45,0.39,2026-09-06,0813,N20,nominal,2.0NRT,301.84,14.61,D
7.99811,80.63749,338.37,0.45,0.39,2026-09-06,0813,N20,nominal,2.0NRT,299.1,14.61,D
8.01928,80.75652,340,0.46,0.39,2026-09-06,0813,N20,nominal,2.0NRT,295.13,5.34,D
7.99867,80.61654,337.57,0.45,0.39,2026-09-06,0813,N20,nominal,2.0NRT,298.97,4.31,D
8.02388,80.68829,335.6,0.46,0.39,2026-09-06,0813,N20,nominal,2.0NRT,299.03,5.18,D
8.02327,80.68417,340.86,0.46,0.39,2026-09-06,0813,N20,nominal,2.0NRT,300.07,5.18,D
7.97644,80.36833,335.61,0.44,0.38,2026-09-06,0813,N20,nominal,2.0NRT,301.62,3.86,D
8.01955,80.63438,332.96,0.45,0.39,2026-09-06,0813,N20,nominal,2.0NRT,299.34,4,D
7.91717,79.94633,335.51,0.42,0.38,2026-09-06,0813,N20,nominal,2.0NRT,299.03,4.24,D
20.9636,86.00854,328.2,0.48,0.65,2026-09-06,0818,N20,nominal,2.0NRT,289.11,4.5,D
8.02252,80.62978,340.08,0.45,0.39,2026-09-06,0813,N20,nominal,2.0NRT,302.5,5.22,D
21.75508,83.84409,337.24,0.35,0.57,2026-09-06,0818,N20,nominal,2.0NRT,289.89,4.68,D
8.0207,80.61752,338.87,0.45,0.39,2026-09-06,0813,N20,nominal,2.0NRT,301.57,7.59,D
8.02009,80.61343,342.64,0.45,0.39,2026-09-06,0813,N20,nominal,2.0NRT,302.41,7.06,D
21.7445,83.84317,345.54,0.35,0.57,2026-09-06,0818,N20,nominal,2.0NRT,285.43,2.88,D
7.92121,79.94964,336.58,0.42,0.38,2026-09-06,0813,N20,nominal,2.0NRT,299.22,3.16,D
21.74976,83.84266,334.32,0.35,0.57,2026-09-06,0818,N20,nominal,2.0NRT,288.18,2.88,D
8.02609,80.62924,341.21,0.45,0.39,2026-09-06,0813,N20,nominal,2.0NRT,300.86,5.22,D
21.75536,83.84563,332.59,0.36,0.57,2026-09-06,0818,N20,nominal,2.0NRT,289.17,4.2,D
8.02366,80.61292,349.62,0.45,0.39,2026-09-06,0813,N20,nominal,2.0NRT,301.72,7.06,D
21.80248,83.89297,335.05,0.36,0.57,2026-09-06,0818,N20,nominal,2.0NRT,289.94,2.6,D
8.02164,80.63072,337.11,0.45,0.39,2026-09-06,0813,N20,nominal,2.0NRT,302.38,3.74,D
21.92242,83.35114,333.64,0.33,0.55,2026-09-06,0818,N20,nominal,2.0NRT,288.87,5.12,D
8.0193,80.61435,334.15,0.45,0.39,2026-09-06,0813,N20,nominal,2.0NRT,303.03,5.26,D
7.9236,79.94956,332.95,0.42,0.38,2026-09-06,0813,N20,nominal,2.0NRT,298.53,2.31,D
21.92057,83.35059,336.8,0.33,0.55,2026-09-06,0818,N20,nominal,2.0NRT,290.09,4,D
8.02521,80.6302,339.07,0.45,0.39,2026-09-06,0813,N20,nominal,2.0NRT,301.37,3.74,D
21.10128,72.65502,335.5,0.41,0.37,2026-09-06,0818,N20,low,2.0NRT,299.25,5.59,D
8.02462,80.62609,333.9,0.45,0.39,2026-09-06,0813,N20,nominal,2.0NRT,300.7,3.74,D
21.10338,72.6466,336.51,0.41,0.37,2026-09-06,0818,N20,low,2.0NRT,301.02,7.78,D
8.02287,80.61383,351.25,0.45,0.39,2026-09-06,0813,N20,nominal,2.0NRT,301.78,5.26,D
21.10146,72.63491,336.9,0.41,0.37,2026-09-06,0818,N20,nominal,2.0NRT,300.88,8.87,D
8.02228,80.60974,336.7,0.45,0.39,2026-09-06,0813,N20,nominal,2.0NRT,300.52,5.26,D
8.02996,80.63786,330.96,0.45,0.39,2026-09-06,0813,N20,nominal,2.0NRT,300.07,4.32,D
21.10677,72.64597,342.58,0.41,0.37,2026-09-06,0818,N20,nominal,2.0NRT,301.86,17.78,D
7.9535,80.10691,336.25,0.43,0.38,2026-09-06,0813,N20,nominal,2.0NRT,301.02,4.93,D
22.49699,70.026,338.11,0.5,0.41,2026-09-06,0820,N20,nominal,2.0NRT,300.52,7.52,D
8.03471,80.64554,336.73,0.46,0.39,2026-09-06,0813,N20,nominal,2.0NRT,301.99,5.8,D
25.70864,73.5811,335.02,0.38,0.36,2026-09-06,0820,N20,nominal,2.0NRT,303.1,3.26,D
7.99982,80.37775,337.15,0.44,0.39,2026-09-06,0813,N20,nominal,2.0NRT,302.47,6.37,D
27.24643,67.036,344.33,0.41,0.45,2026-09-06,0820,N20,nominal,2.0NRT,313.68,3.57,D
8.00335,80.37724,344.29,0.44,0.39,2026-09-06,0813,N20,nominal,2.0NRT,302.18,6.37,D
8.02489,80.50138,332.81,0.45,0.39,2026-09-06,0813,N20,nominal,2.0NRT,301.06,3.48,D
27.24624,67.03648,343.32,0.41,0.45,2026-09-06,0820,N20,nominal,2.0NRT,314.34,4.53,D
8.0243,80.49733,333.82,0.45,0.39,2026-09-06,0813,N20,nominal,2.0NRT,300.98,3.29,D
30.03691,72.87792,334.7,0.39,0.36,2026-09-06,0822,N20,nominal,2.0NRT,303.93,2.28,D
7.96142,80.01473,346.69,0.43,0.38,2026-09-06,0813,N20,nominal,2.0NRT,301.8,8.68,D
31.13125,74.60674,333.54,0.43,0.38,2026-09-06,0822,N20,nominal,2.0NRT,297.54,4.08,D
8.05855,80.65893,342.6,0.46,0.39,2026-09-06,0813,N20,nominal,2.0NRT,301.81,7.96,D
31.99819,78.26247,349.53,0.43,0.46,2026-09-06,0822,N20,nominal,2.0NRT,315.66,14.92,D
8.0532,80.62189,337.67,0.45,0.39,2026-09-06,0813,N20,nominal,2.0NRT,300.72,4.09,D
31.49242,72.11179,335.74,0.38,0.36,2026-09-06,0822,N20,nominal,2.0NRT,303.24,3.41,D
7.96828,80.03739,335.5,0.43,0.38,2026-09-06,0813,N20,nominal,2.0NRT,294.55,4.1,D
34.31435,60.67947,339.69,0.33,0.55,2026-09-06,0822,N20,nominal,2.0NRT,313.78,1.5,D
8.06035,80.64606,335.68,0.46,0.39,2026-09-06,0813,N20,nominal,2.0NRT,301.96,5.49,D
35.83666,63.00243,347.95,0.46,0.47,2026-09-06,0824,N20,low,2.0NRT,318.94,29.15,D
7.99793,80.21613,336.03,0.44,0.38,2026-09-06,0813,N20,nominal,2.0NRT,298.5,2.55,D
35.84084,63.00094,352.79,0.46,0.47,2026-09-06,0824,N20,nominal,2.0NRT,321.67,27.69,D
8.02279,80.36218,333.74,0.44,0.39,2026-09-06,0813,N20,nominal,2.0NRT,300.68,6.68,D
35.83974,62.99598,367,0.46,0.47,2026-09-06,0824,N20,low,2.0NRT,325.52,27.69,D
8.02221,80.3582,337.86,0.44,0.38,2026-09-06,0813,N20,nominal,2.0NRT,301.04,3.03,D
36.78183,67.37997,342.26,0.43,0.38,2026-09-06,0824,N20,low,2.0NRT,315.08,4.36,D
8.04267,80.47402,331.37,0.45,0.39,2026-09-06,0813,N20,nominal,2.0NRT,299.4,1.79,D
36.1517,58.69634,339.19,0.38,0.59,2026-09-06,0824,N20,low,2.0NRT,310.87,2.68,D
8.02632,80.36166,331.52,0.44,0.39,2026-09-06,0813,N20,nominal,2.0NRT,300.03,2.9,D
37.11946,62.36502,346.03,0.46,0.47,2026-09-06,0824,N20,low,2.0NRT,320.61,15.3,D
8.01535,80.26189,347.27,0.44,0.38,2026-09-06,0813,N20,nominal,2.0NRT,302.56,12.76,D
38.05619,65.50451,339.52,0.48,0.4,2026-09-06,0824,N20,low,2.0NRT,314.39,4.18,D
8.05332,80.47249,335.43,0.45,0.39,2026-09-06,0813,N20,nominal,2.0NRT,300.13,2.53,D
38.05626,65.50266,347.23,0.48,0.4,2026-09-06,0824,N20,nominal,2.0NRT,317.26,6.2,D
8.03632,80.35615,343.2,0.44,0.38,2026-09-06,0813,N20,nominal,2.0NRT,302.02,10.18,D
38.08646,65.56068,338.49,0.47,0.4,2026-09-06,0824,N20,low,2.0NRT,311.17,4.11,D
8.07462,80.54377,333.49,0.45,0.39,2026-09-06,0813,N20,nominal,2.0NRT,299.65,2.74,D
38.09003,65.55959,345.73,0.47,0.4,2026-09-06,0824,N20,nominal,2.0NRT,317.14,7,D
8.05042,80.37853,332.73,0.44,0.39,2026-09-06,0813,N20,nominal,2.0NRT,299.78,6.51,D
37.09472,60.60713,342.3,0.57,0.52,2026-09-06,0824,N20,nominal,2.0NRT,311.22,8.4,D
8.07878,80.54733,341.35,0.45,0.39,2026-09-06,0813,N20,nominal,2.0NRT,297.25,2.74,D
8.05806,80.40604,338.11,0.44,0.39,2026-09-06,0813,N20,nominal,2.0NRT,300.68,5.86,D
8.05747,80.40203,331.15,0.44,0.39,2026-09-06,0813,N20,nominal,2.0NRT,299.86,5.59,D
8.05688,80.39803,338.45,0.44,0.39,2026-09-06,0813,N20,nominal,2.0NRT,301.53,5.59,D
8.00938,80.05111,335.74,0.43,0.38,2026-09-06,0813,N20,nominal,2.0NRT,301.26,12.8,D
8.09006,80.54984,339.59,0.45,0.39,2026-09-06,0813,N20,nominal,2.0NRT,300.36,3.7,D
8.13583,80.73645,336.66,0.46,0.39,2026-09-06,0813,N20,nominal,2.0NRT,300.87,6.79,D
8.06803,80.22999,337.09,0.44,0.38,2026-09-06,0813,N20,nominal,2.0NRT,301.12,4.47,D
8.12827,80.61111,337.3,0.45,0.39,2026-09-06,0813,N20,nominal,2.0NRT,298.33,6.34,D
8.12702,80.61101,337.67,0.45,0.39,2026-09-06,0813,N20,nominal,2.0NRT,298,6.44,D
8.16569,80.72771,335.38,0.46,0.39,2026-09-06,0813,N20,nominal,2.0NRT,298.91,3.87,D
8.15444,80.59864,331.39,0.45,0.39,2026-09-06,0813,N20,nominal,2.0NRT,300.89,4.5,D
8.16397,80.58891,338.65,0.45,0.39,2026-09-06,0813,N20,nominal,2.0NRT,301.94,5.02,D
8.14275,80.44252,331.49,0.45,0.39,2026-09-06,0813,N20,nominal,2.0NRT,297.6,2.48,D
8.10052,80.15243,340.66,0.43,0.38,2026-09-06,0813,N20,nominal,2.0NRT,299.16,8.89,D
8.18664,80.69491,334.2,0.46,0.39,2026-09-06,0813,N20,nominal,2.0NRT,302.41,4.81,D
8.17231,80.59605,332.62,0.45,0.39,2026-09-06,0813,N20,nominal,2.0NRT,301.51,4.94,D
8.12827,80.29346,335.67,0.44,0.38,2026-09-06,0813,N20,nominal,2.0NRT,299.94,5.03,D
8.12769,80.28949,337.32,0.44,0.38,2026-09-06,0813,N20,nominal,2.0NRT,301.27,5.03,D
8.15989,80.43587,338.54,0.45,0.39,2026-09-06,0813,N20,nominal,2.0NRT,301.68,3.92,D
8.1593,80.43186,333.31,0.45,0.39,2026-09-06,0813,N20,nominal,2.0NRT,300.81,3.92,D
8.21431,80.75893,330.23,0.46,0.39,2026-09-06,0813,N20,nominal,2.0NRT,300.11,3.09,D
8.17289,80.45047,335.1,0.45,0.39,2026-09-06,0813,N20,nominal,2.0NRT,301.18,3.65,D
8.2045,80.61651,339.36,0.46,0.39,2026-09-06,0813,N20,nominal,2.0NRT,302.51,9,D
8.2354,80.77721,337.94,0.46,0.39,2026-09-06,0813,N20,nominal,2.0NRT,302.36,4.18,D
8.22921,80.71003,337.22,0.46,0.39,2026-09-06,0813,N20,nominal,2.0NRT,301.19,3.68,D
8.21635,80.57297,342.06,0.45,0.39,2026-09-06,0813,N20,nominal,2.0NRT,303.1,10.12,D
8.21932,80.56836,333.33,0.45,0.39,2026-09-06,0813,N20,nominal,2.0NRT,301.12,4.82,D
8.22349,80.57193,348.68,0.45,0.39,2026-09-06,0813,N20,nominal,2.0NRT,304.25,23.39,D
8.22289,80.56785,331.57,0.45,0.39,2026-09-06,0813,N20,nominal,2.0NRT,300.93,5.15,D
8.26654,80.77808,340.39,0.46,0.39,2026-09-06,0813,N20,nominal,2.0NRT,301.18,9.18,D
8.20672,80.35995,337.73,0.44,0.39,2026-09-06,0813,N20,nominal,2.0NRT,299.86,2.2,D
8.24582,80.60724,331.6,0.46,0.39,2026-09-06,0813,N20,nominal,2.0NRT,297.41,3.39,D
8.2459,80.55694,340.3,0.45,0.39,2026-09-06,0813,N20,nominal,2.0NRT,300.13,5.56,D
8.22428,80.40664,338.64,0.45,0.39,2026-09-06,0813,N20,nominal,2.0NRT,302.47,7.67,D
8.2237,80.40259,339.05,0.45,0.39,2026-09-06,0813,N20,nominal,2.0NRT,302.66,6.21,D
8.25956,80.57584,339.13,0.45,0.39,2026-09-06,0813,N20,nominal,2.0NRT,299.01,13.87,D
8.26314,80.57533,337.7,0.45,0.39,2026-09-06,0813,N20,nominal,2.0NRT,301.82,13.87,D
8.22683,80.32432,337.52,0.44,0.39,2026-09-06,0813,N20,nominal,2.0NRT,300.75,2.88,D
8.26849,80.58709,338.9,0.45,0.39,2026-09-06,0813,N20,nominal,2.0NRT,300.93,4.2,D
8.25667,80.50534,335.88,0.45,0.39,2026-09-06,0813,N20,nominal,2.0NRT,302.13,7.1,D
8.27444,80.60302,333.47,0.46,0.39,2026-09-06,0813,N20,nominal,2.0NRT,302.11,5.13,D
8.24506,80.32575,340.66,0.44,0.39,2026-09-06,0813,N20,nominal,2.0NRT,299.01,4.29,D
8.24859,80.32524,330.93,0.44,0.39,2026-09-06,0813,N20,nominal,2.0NRT,298.83,4.29,D
8.23986,80.26546,341.08,0.44,0.38,2026-09-06,0813,N20,nominal,2.0NRT,297.03,2.29,D
8.29712,80.60815,344.64,0.46,0.39,2026-09-06,0813,N20,nominal,2.0NRT,298.88,9.41,D
8.29292,80.57938,343.29,0.45,0.39,2026-09-06,0813,N20,nominal,2.0NRT,300.64,15.53,D
8.2365,80.16909,336.66,0.44,0.38,2026-09-06,0813,N20,nominal,2.0NRT,297.89,2.32,D
8.23592,80.16515,340.44,0.44,0.38,2026-09-06,0813,N20,nominal,2.0NRT,303.23,5,D
8.22959,80.12205,332.38,0.43,0.38,2026-09-06,0813,N20,nominal,2.0NRT,299.26,2.03,D
8.2592,80.29923,338.7,0.44,0.38,2026-09-06,0813,N20,nominal,2.0NRT,299.2,3.17,D
8.23943,80.16464,333.14,0.44,0.38,2026-09-06,0813,N20,nominal,2.0NRT,300.33,5,D
8.25687,80.25889,333.91,0.44,0.38,2026-09-06,0813,N20,nominal,2.0NRT,301.96,3.64,D
8.25629,80.25491,336.61,0.44,0.38,2026-09-06,0813,N20,nominal,2.0NRT,302.26,3.64,D
8.30719,80.55222,335.34,0.45,0.39,2026-09-06,0813,N20,nominal,2.0NRT,301.76,2.76,D
8.31076,80.5517,335.92,0.45,0.39,2026-09-06,0813,N20,nominal,2.0NRT,299.8,2.76,D
8.30057,80.48235,342.88,0.45,0.39,2026-09-06,0813,N20,nominal,2.0NRT,300.76,4.16,D
8.31313,80.54298,338.42,0.45,0.39,2026-09-06,0813,N20,nominal,2.0NRT,301.7,1.85,D
8.25463,80.14638,334.2,0.44,0.38,2026-09-06,0813,N20,nominal,2.0NRT,301.39,2.48,D
8.25405,80.14247,330.18,0.43,0.38,2026-09-06,0813,N20,low,2.0NRT,300.68,2.48,D
8.24941,80.11111,341.25,0.43,0.38,2026-09-06,0813,N20,nominal,2.0NRT,302.94,6.63,D
8.27096,80.18414,337.85,0.44,0.38,2026-09-06,0813,N20,nominal,2.0NRT,301.15,3.62,D
8.27857,80.18705,332.45,0.44,0.38,2026-09-06,0813,N20,nominal,2.0NRT,301.54,2.6,D
8.27915,80.16686,333.77,0.44,0.38,2026-09-06,0813,N20,nominal,2.0NRT,299.31,2.2,D
8.27856,80.16294,338.25,0.44,0.38,2026-09-06,0813,N20,nominal,2.0NRT,300.69,2.2,D
8.28004,80.16688,331.92,0.44,0.38,2026-09-06,0813,N20,nominal,2.0NRT,300.73,1.6,D
8.30064,80.28527,332,0.44,0.38,2026-09-06,0813,N20,nominal,2.0NRT,299.51,6.28,D
8.36728,80.72576,335.7,0.46,0.39,2026-09-06,0813,N20,nominal,2.0NRT,300.92,4.57,D
8.30712,80.28026,335.28,0.44,0.38,2026-09-06,0813,N20,nominal,2.0NRT,299.22,5.18,D
8.29568,80.20081,344.62,0.44,0.38,2026-09-06,0813,N20,nominal,2.0NRT,297.56,4.5,D
8.2934,80.18505,331.82,0.44,0.38,2026-09-06,0813,N20,nominal,2.0NRT,299.81,1.58,D
8.29283,80.18109,338.48,0.44,0.38,2026-09-06,0813,N20,nominal,2.0NRT,301.13,3.08,D
8.38829,80.82144,347.86,0.47,0.4,2026-09-06,0813,N20,nominal,2.0NRT,298.15,6.49,D
8.29919,80.2003,335.13,0.44,0.38,2026-09-06,0813,N20,nominal,2.0NRT,298.76,1.6,D
8.38589,80.77874,340.62,0.47,0.39,2026-09-06,0813,N20,nominal,2.0NRT,301.3,10.83,D
8.38349,80.76193,347.85,0.46,0.39,2026-09-06,0813,N20,nominal,2.0NRT,302.7,11.41,D
8.31706,80.2992,339.93,0.44,0.39,2026-09-06,0813,N20,nominal,2.0NRT,300.43,2.82,D
8.3027,80.19979,336.5,0.44,0.38,2026-09-06,0813,N20,nominal,2.0NRT,299.79,1.6,D
8.32116,80.30267,333.36,0.44,0.39,2026-09-06,0813,N20,nominal,2.0NRT,300.18,10.18,D
8.32469,80.30215,339.68,0.44,0.39,2026-09-06,0813,N20,nominal,2.0NRT,301.39,10.18,D
8.36684,80.56914,336.21,0.45,0.39,2026-09-06,0813,N20,nominal,2.0NRT,303.55,6.98,D
8.36625,80.56503,336.95,0.45,0.39,2026-09-06,0813,N20,nominal,2.0NRT,301.43,3.84,D
8.32142,80.20514,338.33,0.44,0.38,2026-09-06,0813,N20,nominal,2.0NRT,302.13,1.97,D
8.39549,80.66624,333.35,0.46,0.39,2026-09-06,0813,N20,nominal,2.0NRT,301.7,4.22,D
8.40028,80.67403,341.7,0.46,0.39,2026-09-06,0813,N20,nominal,2.0NRT,303.18,9.63,D
8.39968,80.66987,339.08,0.46,0.39,2026-09-06,0813,N20,nominal,2.0NRT,302.61,4.22,D
8.39189,80.59074,333.66,0.46,0.39,2026-09-06,0813,N20,nominal,2.0NRT,300.79,1.45,D
8.3966,80.49786,332.36,0.45,0.39,2026-09-06,0813,N20,nominal,2.0NRT,301.31,3.11,D
8.39835,80.43536,337.77,0.45,0.39,2026-09-06,0813,N20,nominal,2.0NRT,298.11,4.33,D
8.39891,80.38981,337.46,0.45,0.39,2026-09-06,0813,N20,nominal,2.0NRT,299.75,3.23,D
8.3677,80.17822,335.7,0.44,0.38,2026-09-06,0813,N20,nominal,2.0NRT,302.41,5.38,D
8.45636,80.75574,347.02,0.46,0.39,2026-09-06,0813,N20,nominal,2.0NRT,301.68,9.8,D
8.45574,80.75153,344.4,0.46,0.39,2026-09-06,0813,N20,nominal,2.0NRT,298.31,9.8,D
8.42704,80.55621,333.6,0.45,0.39,2026-09-06,0813,N20,nominal,2.0NRT,300.71,3.18,D
8.40245,80.38931,333.69,0.45,0.39,2026-09-06,0813,N20,nominal,2.0NRT,299.63,3.23,D
8.47653,80.81748,337.17,0.47,0.4,2026-09-06,0813,N20,nominal,2.0NRT,302.59,29.86,D
8.47217,80.78788,337.42,0.47,0.39,2026-09-06,0813,N20,nominal,2.0NRT,299.37,6.42,D
8.41959,80.38272,331.04,0.45,0.39,2026-09-06,0813,N20,nominal,2.0NRT,299.97,4.56,D
8.39406,80.21074,337.49,0.44,0.38,2026-09-06,0813,N20,nominal,2.0NRT,299.92,2.56,D
8.48303,80.78632,338.06,0.47,0.39,2026-09-06,0813,N20,nominal,2.0NRT,301.53,18.22,D
8.42314,80.38222,337.32,0.45,0.39,2026-09-06,0813,N20,nominal,2.0NRT,298.88,4.56,D
8.41894,80.35398,331.41,0.45,0.39,2026-09-06,0813,N20,nominal,2.0NRT,300.47,2.3,D
8.41655,80.33785,340.39,0.44,0.39,2026-09-06,0813,N20,nominal,2.0NRT,302.19,5.49,D
8.41595,80.33384,340.54,0.44,0.39,2026-09-06,0813,N20,nominal,2.0NRT,303.57,6.79,D
8.39757,80.21023,332.18,0.44,0.38,2026-09-06,0813,N20,nominal,2.0NRT,301.44,2.56,D
8.45394,80.62476,335.77,0.46,0.39,2026-09-06,0813,N20,nominal,2.0NRT,297.83,3.42,D
8.39485,80.21114,341.56,0.44,0.38,2026-09-06,0813,N20,nominal,2.0NRT,300.55,2.72,D
8.38802,80.16364,332.87,0.44,0.38,2026-09-06,0813,N20,nominal,2.0NRT,299.27,5.36,D
8.48015,80.78344,339.42,0.47,0.39,2026-09-06,0813,N20,nominal,2.0NRT,302.14,13.13,D
8.42249,80.37884,337.81,0.45,0.39,2026-09-06,0813,N20,nominal,2.0NRT,299.95,9.05,D
8.41671,80.33846,337.53,0.44,0.39,2026-09-06,0813,N20,nominal,2.0NRT,301.87,5.16,D
8.41613,80.33443,347.43,0.44,0.39,2026-09-06,0813,N20,nominal,2.0NRT,303.48,8.65,D
8.39836,80.21062,332.49,0.44,0.38,2026-09-06,0813,N20,nominal,2.0NRT,301.49,2.72,D
8.48377,80.78291,336.89,0.47,0.39,2026-09-06,0813,N20,nominal,2.0NRT,299.33,4.17,D
8.47358,80.71126,334.42,0.46,0.39,2026-09-06,0813,N20,nominal,2.0NRT,301.95,4.46,D
8.42082,80.34197,342.48,0.45,0.39,2026-09-06,0813,N20,nominal,2.0NRT,302.05,6.21,D
8.42025,80.33794,348.66,0.44,0.39,2026-09-06,0813,N20,nominal,2.0NRT,303.19,6.21,D
8.49644,80.84603,342.08,0.47,0.4,2026-09-06,0813,N20,nominal,2.0NRT,299.84,5.81,D
8.49221,80.81628,352.36,0.47,0.4,2026-09-06,0813,N20,nominal,2.0NRT,302.24,18.65,D
8.48318,80.75284,335.9,0.47,0.39,2026-09-06,0813,N20,nominal,2.0NRT,300.24,7.5,D
8.48258,80.74863,346.16,0.47,0.39,2026-09-06,0813,N20,nominal,2.0NRT,302.01,7.5,D
8.4261,80.35358,333.93,0.45,0.39,2026-09-06,0813,N20,nominal,2.0NRT,302.01,4.56,D
8.49644,80.82,339.51,0.47,0.4,2026-09-06,0813,N20,nominal,2.0NRT,302.46,17.59,D
8.49584,80.81576,337.21,0.47,0.4,2026-09-06,0813,N20,nominal,2.0NRT,303.09,17.59,D
8.49342,80.79879,334.64,0.47,0.4,2026-09-06,0813,N20,nominal,2.0NRT,301,6.47,D
8.4844,80.73547,341.86,0.46,0.39,2026-09-06,0813,N20,nominal,2.0NRT,302.37,10.65,D
8.44945,80.49104,336.13,0.45,0.39,2026-09-06,0813,N20,nominal,2.0NRT,297.9,2.13,D
8.41523,80.2529,334.11,0.44,0.38,2026-09-06,0813,N20,nominal,2.0NRT,299.23,2.73,D
8.41466,80.24891,333.42,0.44,0.38,2026-09-06,0813,N20,nominal,2.0NRT,300.77,2.73,D
8.48861,80.73914,337.9,0.46,0.39,2026-09-06,0813,N20,nominal,2.0NRT,301.31,9.2,D
8.47011,80.60973,334.54,0.46,0.39,2026-09-06,0813,N20,nominal,2.0NRT,301.57,3.37,D
8.49162,80.73441,337.88,0.46,0.39,2026-09-06,0813,N20,nominal,2.0NRT,299.1,7.48,D
8.43209,80.31983,339.38,0.44,0.39,2026-09-06,0813,N20,nominal,2.0NRT,301.64,5.77,D
8.45721,80.46904,339.46,0.45,0.39,2026-09-06,0813,N20,nominal,2.0NRT,299.61,4.77,D
8.45662,80.46497,349.29,0.45,0.39,2026-09-06,0813,N20,nominal,2.0NRT,301.71,4.77,D
8.41603,80.18375,343.03,0.44,0.38,2026-09-06,0813,N20,nominal,2.0NRT,299.36,2.93,D
8.44212,80.31426,335.02,0.44,0.39,2026-09-06,0813,N20,nominal,2.0NRT,300.22,3.82,D
8.51882,80.82108,338.66,0.47,0.4,2026-09-06,0813,N20,nominal,2.0NRT,302.03,5.48,D
8.50002,80.69029,336.54,0.46,0.39,2026-09-06,0813,N20,nominal,2.0NRT,300.93,7.32,D
8.43297,80.20153,337.22,0.44,0.38,2026-09-06,0813,N20,nominal,2.0NRT,301.65,6.24,D
8.49522,80.60607,338.02,0.46,0.39,2026-09-06,0813,N20,nominal,2.0NRT,299.6,5.78,D
8.47739,80.48282,339.21,0.45,0.39,2026-09-06,0813,N20,nominal,2.0NRT,299.55,4.15,D
8.47326,80.45426,337.48,0.45,0.39,2026-09-06,0813,N20,nominal,2.0NRT,298.57,4.62,D
8.53154,80.83228,336.11,0.47,0.4,2026-09-06,0813,N20,nominal,2.0NRT,301.43,3.78,D
8.52848,80.81101,333.84,0.47,0.4,2026-09-06,0813,N20,nominal,2.0NRT,300.57,1.75,D
8.54132,80.87437,344.91,0.47,0.4,2026-09-06,0813,N20,nominal,2.0NRT,300.47,9.3,D
8.53579,80.83601,347.32,0.47,0.4,2026-09-06,0813,N20,nominal,2.0NRT,301.52,10.95,D
8.52294,80.74702,333.81,0.47,0.39,2026-09-06,0813,N20,nominal,2.0NRT,302.14,6.08,D
8.48097,80.4573,334.81,0.45,0.39,2026-09-06,0813,N20,nominal,2.0NRT,298.69,2.65,D
8.54496,80.87386,340.1,0.47,0.4,2026-09-06,0813,N20,nominal,2.0NRT,301.28,9.3,D
8.54435,80.86959,337.1,0.47,0.4,2026-09-06,0813,N20,nominal,2.0NRT,302.28,9.3,D
8.53634,80.8142,338.65,0.47,0.4,2026-09-06,0813,N20,nominal,2.0NRT,302.47,5.38,D
8.50597,80.5792,342.17,0.46,0.39,2026-09-06,0813,N20,nominal,2.0NRT,301.04,19.55,D
8.53378,80.74544,333.27,0.47,0.39,2026-09-06,0813,N20,nominal,2.0NRT,300.13,5.59,D
8.51316,80.60349,341.58,0.46,0.39,2026-09-06,0813,N20,nominal,2.0NRT,301.29,3.36,D
8.51256,80.59935,336.18,0.46,0.39,2026-09-06,0813,N20,nominal,2.0NRT,301.02,3.36,D
8.52642,80.66941,335.52,0.46,0.39,2026-09-06,0813,N20,nominal,2.0NRT,301.28,2.03,D
8.51856,80.6154,333.77,0.46,0.39,2026-09-06,0813,N20,nominal,2.0NRT,300.93,6.15,D
8.51675,80.60298,343.77,0.46,0.39,2026-09-06,0813,N20,nominal,2.0NRT,301.45,6.18,D
8.51615,80.59883,341.49,0.46,0.39,2026-09-06,0813,N20,nominal,2.0NRT,301.88,6.18,D
8.56441,80.87979,341.27,0.47,0.4,2026-09-06,0813,N20,nominal,2.0NRT,299.42,3.6,D
8.4623,80.18108,338.97,0.44,0.38,2026-09-06,0813,N20,nominal,2.0NRT,302.21,7.82,D
8.5537,80.75546,334.52,0.47,0.39,2026-09-06,0813,N20,nominal,2.0NRT,297.37,7.24,D
8.55732,80.75494,341.17,0.47,0.39,2026-09-06,0813,N20,nominal,2.0NRT,299.2,7.24,D
8.51661,80.47708,345.1,0.45,0.39,2026-09-06,0813,N20,nominal,2.0NRT,301.47,5.57,D
8.57398,80.84352,337.2,0.47,0.4,2026-09-06,0813,N20,nominal,2.0NRT,301.18,5.41,D
8.54863,80.67046,331.38,0.46,0.39,2026-09-06,0813,N20,nominal,2.0NRT,299.64,4.13,D
8.56703,80.77081,333.48,0.47,0.39,2026-09-06,0813,N20,nominal,2.0NRT,300.22,4.31,D
8.56331,80.74543,337.69,0.47,0.39,2026-09-06,0813,N20,nominal,2.0NRT,298.54,6.64,D
8.55285,80.67412,333.51,0.46,0.39,2026-09-06,0813,N20,nominal,2.0NRT,299.13,4.13,D
8.53944,80.58282,342.53,0.46,0.39,2026-09-06,0813,N20,nominal,2.0NRT,297.32,5.71,D
8.57937,80.82968,332.91,0.47,0.4,2026-09-06,0813,N20,nominal,2.0NRT,299.38,5.26,D
8.54363,80.5864,332.47,0.46,0.39,2026-09-06,0813,N20,nominal,2.0NRT,300.17,4.7,D
8.54302,80.58228,344.77,0.46,0.39,2026-09-06,0813,N20,nominal,2.0NRT,300.35,9.95,D
8.49396,80.24951,335.95,0.44,0.38,2026-09-06,0813,N20,nominal,2.0NRT,301.37,4.03,D
8.49219,80.23755,337.6,0.44,0.38,2026-09-06,0813,N20,nominal,2.0NRT,301.02,3.08,D
8.4916,80.23357,337.51,0.44,0.38,2026-09-06,0813,N20,nominal,2.0NRT,301.75,4.07,D
8.546,80.57764,342.21,0.46,0.39,2026-09-06,0813,N20,nominal,2.0NRT,298.17,9.95,D
8.54539,80.57352,330.32,0.46,0.39,2026-09-06,0813,N20,nominal,2.0NRT,299.53,4.18,D
8.4963,80.21665,335.29,0.44,0.38,2026-09-06,0813,N20,nominal,2.0NRT,301.06,3.68,D
8.53133,80.40434,335.34,0.45,0.39,2026-09-06,0813,N20,nominal,2.0NRT,302.18,6.14,D
8.52953,80.3922,332.18,0.45,0.39,2026-09-06,0813,N20,nominal,2.0NRT,301.22,4.68,D
8.60573,80.88261,334.2,0.47,0.4,2026-09-06,0813,N20,nominal,2.0NRT,297.85,2.33,D
8.60131,80.85265,335.02,0.47,0.4,2026-09-06,0813,N20,nominal,2.0NRT,296.06,2.38,D
8.5308,80.40475,334.93,0.45,0.39,2026-09-06,0813,N20,nominal,2.0NRT,302.06,6.09,D
8.60616,80.8833,334.92,0.47,0.4,2026-09-06,0813,N20,nominal,2.0NRT,296.61,5.26,D
8.60131,80.84901,336.57,0.47,0.4,2026-09-06,0813,N20,nominal,2.0NRT,298.93,4.81,D
8.52632,80.32283,334.03,0.45,0.39,2026-09-06,0813,N20,nominal,2.0NRT,300.62,3.5,D
8.58149,80.68341,340.04,0.46,0.39,2026-09-06,0813,N20,nominal,2.0NRT,300.11,9.03,D
8.57553,80.64159,341.71,0.46,0.39,2026-09-06,0813,N20,nominal,2.0NRT,296.36,2.43,D
8.50975,80.18241,355.38,0.44,0.38,2026-09-06,0813,N20,nominal,2.0NRT,303.97,31.59,D
8.50918,80.17844,349.14,0.44,0.38,2026-09-06,0813,N20,nominal,2.0NRT,307.54,31.59,D
8.50861,80.17448,336.15,0.44,0.38,2026-09-06,0813,N20,nominal,2.0NRT,301.12,7.12,D
8.51384,80.18586,330.88,0.44,0.38,2026-09-06,0813,N20,nominal,2.0NRT,297.64,9.53,D
8.51327,80.18189,337.32,0.44,0.38,2026-09-06,0813,N20,nominal,2.0NRT,300.26,32.84,D
8.58811,80.65256,335.58,0.46,0.39,2026-09-06,0813,N20,nominal,2.0NRT,297.84,4.87,D
8.59651,80.68553,331.64,0.46,0.39,2026-09-06,0813,N20,nominal,2.0NRT,298.45,4.6,D
8.59291,80.66039,334.76,0.46,0.39,2026-09-06,0813,N20,nominal,2.0NRT,297.81,2.06,D
8.57392,80.50258,332.55,0.45,0.39,2026-09-06,0813,N20,nominal,2.0NRT,301.11,2.25,D
8.56103,80.38787,331.52,0.45,0.39,2026-09-06,0813,N20,nominal,2.0NRT,299.63,2.85,D
8.57456,80.45646,340.41,0.45,0.39,2026-09-06,0813,N20,nominal,2.0NRT,297.02,6.12,D
8.61636,80.69553,332.76,0.46,0.39,2026-09-06,0813,N20,nominal,2.0NRT,300.09,4.09,D
8.59653,80.55806,336.16,0.46,0.39,2026-09-06,0813,N20,nominal,2.0NRT,297.37,7.01,D
8.56407,80.3338,338.62,0.45,0.39,2026-09-06,0813,N20,nominal,2.0NRT,302.04,6.77,D
8.56173,80.31769,345.97,0.45,0.39,2026-09-06,0813,N20,nominal,2.0NRT,298.46,4.96,D
8.61997,80.69501,331.59,0.46,0.39,2026-09-06,0813,N20,nominal,2.0NRT,300.47,4.09,D
8.61271,80.64471,335.44,0.46,0.39,2026-09-06,0813,N20,nominal,2.0NRT,297.09,6.17,D
8.60071,80.56167,338.48,0.46,0.39,2026-09-06,0813,N20,nominal,2.0NRT,295.39,10.19,D
8.60667,80.52712,336.38,0.46,0.39,2026-09-06,0813,N20,nominal,2.0NRT,296.15,7.37,D
8.57706,80.32365,341.35,0.45,0.39,2026-09-06,0813,N20,nominal,2.0NRT,302.17,7.17,D
8.60487,80.46458,338.85,0.45,0.39,2026-09-06,0813,N20,nominal,2.0NRT,302.98,14.6,D
8.66316,80.84009,331.21,0.47,0.4,2026-09-06,0813,N20,nominal,2.0NRT,300.3,2.3,D
8.6126,80.46765,337.07,0.45,0.39,2026-09-06,0813,N20,nominal,2.0NRT,300.61,5.6,D
8.64687,80.62698,340.52,0.46,0.39,2026-09-06,0813,N20,nominal,2.0NRT,299.54,5.28,D
8.63414,80.54001,342.98,0.46,0.39,2026-09-06,0813,N20,nominal,2.0NRT,301.43,7.69,D
8.61612,80.41712,336.73,0.45,0.39,2026-09-06,0813,N20,nominal,2.0NRT,300.98,6.81,D
8.61552,80.41306,336.49,0.45,0.39,2026-09-06,0813,N20,nominal,2.0NRT,299.93,6.58,D
8.65047,80.62647,333.64,0.46,0.39,2026-09-06,0813,N20,nominal,2.0NRT,298.52,4.09,D
8.65975,80.5153,340.01,0.46,0.39,2026-09-06,0813,N20,nominal,2.0NRT,296.32,3.74,D
8.65914,80.5112,332.79,0.45,0.39,2026-09-06,0813,N20,nominal,2.0NRT,299.59,3.74,D
8.65805,80.51152,332.83,0.46,0.39,2026-09-06,0813,N20,nominal,2.0NRT,299.73,4.53,D
8.66222,80.5151,341.53,0.46,0.39,2026-09-06,0813,N20,nominal,2.0NRT,298.07,5.97,D
8.69863,80.41361,337.98,0.45,0.39,2026-09-06,0813,N20,nominal,2.0NRT,300.53,5.61,D
8.67861,80.27605,347.82,0.44,0.39,2026-09-06,0813,N20,nominal,2.0NRT,301.58,14.25,D
8.72425,80.51451,336.02,0.46,0.39,2026-09-06,0813,N20,nominal,2.0NRT,298.54,3.43,D
8.72365,80.51039,338.81,0.46,0.39,2026-09-06,0813,N20,nominal,2.0NRT,300.68,3.43,D
8.74937,80.53613,338.05,0.46,0.39,2026-09-06,0813,N20,nominal,2.0NRT,301.62,6.96,D
8.74876,80.532,346.1,0.46,0.39,2026-09-06,0813,N20,nominal,2.0NRT,301.61,6.96,D
8.7736,80.5374,348.92,0.46,0.39,2026-09-06,0813,N20,nominal,2.0NRT,300.17,12.49,D
8.83425,80.78182,340.17,0.47,0.4,2026-09-06,0813,N20,nominal,2.0NRT,299.17,4.34,D
8.80527,80.57945,342.85,0.46,0.39,2026-09-06,0813,N20,nominal,2.0NRT,301.29,8.11,D
8.83302,80.74734,337.32,0.47,0.4,2026-09-06,0813,N20,nominal,2.0NRT,296.95,3.14,D
8.81066,80.56594,340.41,0.46,0.39,2026-09-06,0813,N20,nominal,2.0NRT,298.15,7.62,D
8.81006,80.56178,335.48,0.46,0.39,2026-09-06,0813,N20,nominal,2.0NRT,298.9,7.47,D
8.79756,80.47495,342.14,0.45,0.39,2026-09-06,0813,N20,nominal,2.0NRT,300.97,8.62,D
8.88293,80.83604,347.05,0.47,0.4,2026-09-06,0813,N20,nominal,2.0NRT,299.53,8.27,D
8.88169,80.82746,336.14,0.47,0.4,2026-09-06,0813,N20,nominal,2.0NRT,297.55,4.39,D
8.82252,80.37099,333.43,0.45,0.39,2026-09-06,0813,N20,nominal,2.0NRT,297.52,1.48,D
8.8566,80.479,335.97,0.46,0.39,2026-09-06,0816,N20,nominal,2.0NRT,299.64,2.88,D
8.86625,80.51975,332.98,0.46,0.39,2026-09-06,0816,N20,nominal,2.0NRT,298.94,5.5,D
8.90184,80.71144,333.15,0.47,0.4,2026-09-06,0816,N20,nominal,2.0NRT,294.54,2.7,D
8.86248,80.44457,341.14,0.45,0.39,2026-09-06,0816,N20,nominal,2.0NRT,298.55,4.54,D
8.49291,77.97705,347.7,0.39,0.36,2026-09-06,0816,N20,nominal,2.0NRT,303.95,7.11,D
8.87458,80.50169,337.34,0.46,0.39,2026-09-06,0816,N20,nominal,2.0NRT,296.11,2.76,D
8.8616,80.44554,338.7,0.45,0.39,2026-09-06,0816,N20,nominal,2.0NRT,297.79,5.95,D
8.88938,80.58956,343.63,0.46,0.39,2026-09-06,0816,N20,nominal,2.0NRT,301.37,4.76,D
8.89357,80.59322,338.76,0.46,0.39,2026-09-06,0816,N20,nominal,2.0NRT,300.37,4.76,D
8.89298,80.58905,340.57,0.46,0.39,2026-09-06,0816,N20,nominal,2.0NRT,301.01,4.76,D
8.87467,80.46043,334.06,0.46,0.39,2026-09-06,0816,N20,nominal,2.0NRT,297.6,5.82,D
8.87408,80.45631,331.92,0.45,0.39,2026-09-06,0816,N20,nominal,2.0NRT,298.02,5.82,D
8.92971,80.82182,330.89,0.47,0.4,2026-09-06,0816,N20,nominal,2.0NRT,295.9,5.34,D
8.92484,80.78749,336.6,0.47,0.4,2026-09-06,0816,N20,nominal,2.0NRT,298.84,7.29,D
8.92423,80.7832,342.32,0.47,0.4,2026-09-06,0816,N20,nominal,2.0NRT,299.82,7.29,D
8.88237,80.48882,340.29,0.46,0.39,2026-09-06,0816,N20,nominal,2.0NRT,300.27,4.7,D
8.93396,80.8256,341.48,0.47,0.4,2026-09-06,0816,N20,nominal,2.0NRT,298.16,4.94,D
8.93881,80.80737,336.72,0.47,0.4,2026-09-06,0816,N20,nominal,2.0NRT,296.41,3.94,D
8.94307,80.81113,338,0.47,0.4,2026-09-06,0816,N20,nominal,2.0NRT,297.67,6.56,D
8.89138,80.44965,339.61,0.45,0.39,2026-09-06,0816,N20,nominal,2.0NRT,300.42,7.92,D
8.89144,80.39935,335.38,0.45,0.39,2026-09-06,0816,N20,nominal,2.0NRT,299.12,4.68,D
8.91819,80.5343,336.62,0.46,0.39,2026-09-06,0816,N20,nominal,2.0NRT,299.16,3.99,D
8.91283,80.4465,341.2,0.45,0.39,2026-09-06,0816,N20,nominal,2.0NRT,300.11,5.46,D
8.91045,80.43008,331.7,0.45,0.39,2026-09-06,0816,N20,nominal,2.0NRT,297.62,3.28,D
8.96674,80.79459,338.3,0.47,0.4,2026-09-06,0816,N20,nominal,2.0NRT,300.06,6.53,D
8.97038,80.79406,340.51,0.47,0.4,2026-09-06,0816,N20,nominal,2.0NRT,299.59,5.45,D
8.91819,80.43314,339.08,0.45,0.39,2026-09-06,0816,N20,nominal,2.0NRT,298.48,6.59,D
8.9176,80.42904,337.17,0.45,0.39,2026-09-06,0816,N20,nominal,2.0NRT,299.97,6.47,D
8.97402,80.79353,341.66,0.47,0.4,2026-09-06,0816,N20,nominal,2.0NRT,300.21,5.45,D
8.97766,80.79301,346.02,0.47,0.4,2026-09-06,0816,N20,nominal,2.0NRT,301.43,10.2,D
8.98673,80.77858,344.63,0.47,0.4,2026-09-06,0816,N20,nominal,2.0NRT,300.6,15.72,D
8.98424,80.76144,346.27,0.47,0.4,2026-09-06,0816,N20,nominal,2.0NRT,299.9,5.26,D
8.92889,80.38142,333.56,0.45,0.39,2026-09-06,0816,N20,nominal,2.0NRT,296.95,3.9,D
8.92829,80.37733,333.55,0.45,0.39,2026-09-06,0816,N20,nominal,2.0NRT,297.69,3.01,D
8.98849,80.76519,338.72,0.47,0.4,2026-09-06,0816,N20,nominal,2.0NRT,299.42,2.93,D
8.58826,78.02264,342.12,0.39,0.36,2026-09-06,0816,N20,nominal,2.0NRT,304.31,6.38,D
8.96428,80.52345,340.6,0.46,0.39,2026-09-06,0816,N20,nominal,2.0NRT,300.23,4.53,D
8.60927,77.95816,338.51,0.39,0.36,2026-09-06,0816,N20,nominal,2.0NRT,304.16,4.67,D
8.63825,78.06062,337.95,0.39,0.36,2026-09-06,0816,N20,nominal,2.0NRT,301.2,2.55,D
8.64208,78.06361,337.16,0.39,0.36,2026-09-06,0816,N20,nominal,2.0NRT,302.68,4.23,D
8.64155,78.06013,335.38,0.39,0.36,2026-09-06,0816,N20,nominal,2.0NRT,303.31,4.76,D
8.98671,80.06094,330.9,0.44,0.38,2026-09-06,0816,N20,nominal,2.0NRT,296.53,3.2,D
9.08119,80.50713,335.87,0.46,0.39,2026-09-06,0816,N20,nominal,2.0NRT,299.22,4.46,D
9.0974,80.29982,344.55,0.45,0.39,2026-09-06,0816,N20,nominal,2.0NRT,291.38,6.6,D
8.77137,77.9758,348.15,0.39,0.36,2026-09-06,0816,N20,nominal,2.0NRT,308.01,15.66,D
9.24078,80.3162,337.55,0.45,0.39,2026-09-06,0816,N20,nominal,2.0NRT,300.3,7.11,D
9.38264,80.52097,349.09,0.46,0.39,2026-09-06,0816,N20,nominal,2.0NRT,297.66,7,D
9.37838,80.49162,339.72,0.46,0.39,2026-09-06,0816,N20,nominal,2.0NRT,298.32,6.73,D
9.38198,80.4911,340.63,0.46,0.39,2026-09-06,0816,N20,nominal,2.0NRT,299.23,5.72,D
9.01616,77.9118,347.92,0.39,0.36,2026-09-06,0816,N20,nominal,2.0NRT,304.77,12.51,D
9.40581,80.42804,343.78,0.46,0.39,2026-09-06,0816,N20,nominal,2.0NRT,299.39,7.89,D
9.40946,80.46636,333.9,0.46,0.39,2026-09-06,0816,N20,nominal,2.0NRT,292.49,4.94,D
9.40415,80.42879,346.25,0.46,0.39,2026-09-06,0816,N20,nominal,2.0NRT,299.47,7.9,D
9.26098,79.3089,334.13,0.41,0.37,2026-09-06,0816,N20,nominal,2.0NRT,298.56,2.09,D
9.42517,80.37069,342.18,0.46,0.39,2026-09-06,0816,N20,nominal,2.0NRT,298.86,4.93,D
9.23043,78.75058,337.79,0.4,0.37,2026-09-06,0816,N20,nominal,2.0NRT,301.47,2.36,D
9.28078,78.9957,336.14,0.4,0.37,2026-09-06,0816,N20,nominal,2.0NRT,299.24,3.13,D
9.2399,78.45236,336.7,0.39,0.36,2026-09-06,0816,N20,nominal,2.0NRT,302.61,3.4,D
9.74805,80.25372,335.12,0.45,0.39,2026-09-06,0816,N20,nominal,2.0NRT,296.55,2.13,D
9.36442,77.60989,339.27,0.38,0.36,2026-09-06,0816,N20,nominal,2.0NRT,300.83,3.3,D
9.76413,80.16341,347.78,0.45,0.39,2026-09-06,0816,N20,nominal,2.0NRT,294.58,7.02,D
9.81184,80.02007,337.28,0.44,0.39,2026-09-06,0816,N20,nominal,2.0NRT,296.45,2.54,D
9.68716,78.94857,337.54,0.41,0.37,2026-09-06,0816,N20,nominal,2.0NRT,300,1.65,D
9.71985,78.95872,338.14,0.41,0.37,2026-09-06,0816,N20,nominal,2.0NRT,300.04,2.51,D
9.63564,77.72035,339.18,0.39,0.36,2026-09-06,0816,N20,nominal,2.0NRT,305.4,8.97,D
9.69185,77.82179,341.88,0.39,0.36,2026-09-06,0816,N20,nominal,2.0NRT,300.58,5.7,D
9.69133,77.8183,347.18,0.39,0.36,2026-09-06,0816,N20,nominal,2.0NRT,301.97,5.7,D
10.39079,79.30653,333.3,0.42,0.38,2026-09-06,0816,N20,nominal,2.0NRT,296.99,2.61,D
10.40158,79.16486,336.74,0.42,0.37,2026-09-06,0816,N20,nominal,2.0NRT,300.75,5.23,D
10.71976,77.59386,341.83,0.39,0.36,2026-09-06,0816,N20,nominal,2.0NRT,309.37,7.51,D
10.80177,77.80022,340.26,0.39,0.36,2026-09-06,0816,N20,nominal,2.0NRT,305.63,10.41,D
10.92934,78.49602,347.17,0.4,0.37,2026-09-06,0816,N20,nominal,2.0NRT,297.66,7.02,D
10.94035,78.16111,354.38,0.39,0.37,2026-09-06,0816,N20,nominal,2.0NRT,305.29,27.32,D
10.9437,78.16061,343.17,0.39,0.37,2026-09-06,0816,N20,nominal,2.0NRT,302.39,14.29,D
11.19163,79.82079,336.11,0.45,0.39,2026-09-06,0816,N20,nominal,2.0NRT,293.65,1.99,D
11.03685,78.74722,339.8,0.41,0.37,2026-09-06,0816,N20,nominal,2.0NRT,298.27,8.68,D
10.85708,77.46764,340.33,0.39,0.36,2026-09-06,0816,N20,nominal,2.0NRT,308.54,6.24,D
10.76739,76.23816,335.87,0.39,0.36,2026-09-06,0816,N20,nominal,2.0NRT,293.55,2.63,D
10.92834,77.06563,340.58,0.38,0.36,2026-09-06,0816,N20,nominal,2.0NRT,305.61,3.82,D
11.12472,77.62248,336.38,0.39,0.36,2026-09-06,0816,N20,nominal,2.0NRT,300,3.95,D
11.1039,77.41711,342.02,0.39,0.36,2026-09-06,0816,N20,nominal,2.0NRT,307.69,8.8,D
11.50757,79.17319,336.38,0.43,0.38,2026-09-06,0816,N20,nominal,2.0NRT,297.05,2.86,D
11.27019,77.4155,336.34,0.39,0.36,2026-09-06,0816,N20,nominal,2.0NRT,303.7,5.59,D
11.77753,78.95534,334.49,0.42,0.38,2026-09-06,0816,N20,nominal,2.0NRT,297.96,1.79,D
11.81078,77.92136,339.74,0.39,0.36,2026-09-06,0816,N20,nominal,2.0NRT,301.72,4.8,D
12.93068,78.92706,334.58,0.43,0.38,2026-09-06,0816,N20,nominal,2.0NRT,299.93,2.48,D
12.93012,78.92313,334.35,0.43,0.38,2026-09-06,0816,N20,nominal,2.0NRT,299.34,2.48,D
13.04957,78.27469,341.92,0.41,0.37,2026-09-06,0816,N20,nominal,2.0NRT,306.63,10.37,D
13.22674,78.14415,341.57,0.41,0.37,2026-09-06,0816,N20,nominal,2.0NRT,303.09,5.97,D
14.12156,77.65474,331.55,0.4,0.37,2026-09-06,0816,N20,nominal,2.0NRT,300.58,1.97,D
14.40978,78.3418,338.03,0.42,0.38,2026-09-06,0816,N20,nominal,2.0NRT,295.11,5.06,D
14.24582,77.22956,338.79,0.39,0.36,2026-09-06,0816,N20,nominal,2.0NRT,306.51,4.51,D
14.41287,78.34174,339.28,0.42,0.38,2026-09-06,0816,N20,nominal,2.0NRT,295.97,4.97,D
14.48702,78.5662,332.82,0.43,0.38,2026-09-06,0816,N20,nominal,2.0NRT,295.59,3.75,D
14.46042,77.28085,339.89,0.39,0.36,2026-09-06,0816,N20,nominal,2.0NRT,307.1,7.67,D
14.56635,77.9285,337.95,0.41,0.37,2026-09-06,0816,N20,nominal,2.0NRT,302.4,4.01,D
14.80499,79.02848,341.25,0.45,0.39,2026-09-06,0816,N20,nominal,2.0NRT,287.86,6.78,D
14.7934,77.75158,339.31,0.4,0.37,2026-09-06,0816,N20,nominal,2.0NRT,306.25,6.86,D
14.79286,77.74784,338.51,0.4,0.37,2026-09-06,0816,N20,nominal,2.0NRT,307.33,7.11,D
14.7651,77.04733,347.22,0.39,0.36,2026-09-06,0816,N20,nominal,2.0NRT,307.53,8.96,D
14.88016,77.46104,332.67,0.4,0.37,2026-09-06,0816,N20,nominal,2.0NRT,302.42,3.99,D
14.94066,77.56884,333.46,0.4,0.37,2026-09-06,0816,N20,nominal,2.0NRT,303.35,6.13,D
15.08338,77.32011,343.03,0.4,0.37,2026-09-06,0816,N20,nominal,2.0NRT,305.11,8.28,D
15.18073,76.85435,337.89,0.39,0.36,2026-09-06,0816,N20,nominal,2.0NRT,306.7,5.41,D
15.17384,76.69377,336.43,0.39,0.36,2026-09-06,0816,N20,nominal,2.0NRT,306.25,2.87,D
15.17512,76.65694,346.01,0.39,0.36,2026-09-06,0816,N20,nominal,2.0NRT,308.7,6.8,D
15.18472,76.31614,334.3,0.38,0.36,2026-09-06,0816,N20,nominal,2.0NRT,303.79,3.42,D
15.49023,77.78264,337.37,0.41,0.37,2026-09-06,0816,N20,nominal,2.0NRT,300.66,2.16,D
15.91067,80.06923,337.3,0.52,0.42,2026-09-06,0816,N20,nominal,2.0NRT,290.29,5.49,D
16.07799,79.995,336.81,0.52,0.41,2026-09-06,0816,N20,nominal,2.0NRT,296.71,7.28,D
15.99101,76.4836,341.67,0.39,0.36,2026-09-06,0816,N20,nominal,2.0NRT,304.73,3.54,D
16.31662,77.81316,330.14,0.42,0.37,2026-09-06,0818,N20,nominal,2.0NRT,298.24,1.62,D
16.39573,78.35094,334.08,0.44,0.38,2026-09-06,0818,N20,nominal,2.0NRT,297.6,2.65,D
17.17197,80.99033,332.62,0.41,0.45,2026-09-06,0818,N20,nominal,2.0NRT,294.98,3.92,D
17.1715,80.98653,341.76,0.41,0.45,2026-09-06,0818,N20,nominal,2.0NRT,297.93,5.19,D
17.13425,80.19149,330.53,0.55,0.42,2026-09-06,0818,N20,nominal,2.0NRT,291.93,2.86,D
17.31742,81.12641,340.08,0.42,0.45,2026-09-06,0818,N20,nominal,2.0NRT,293.92,2.98,D
18.28999,83.99493,330.29,0.33,0.55,2026-09-06,0818,N20,nominal,2.0NRT,293.33,2.83,D
17.78408,75.71846,331.24,0.38,0.36,2026-09-06,0818,N20,nominal,2.0NRT,300.33,3.33,D
37.34927,59.04722,349.6,0.34,0.56,2026-09-06,0824,N20,nominal,2.0NRT,310.98,3.74,D
39.42809,67.20355,338.04,0.41,0.37,2026-09-06,0824,N20,nominal,2.0NRT,304.01,3.38,D
39.59426,66.99738,330.66,0.41,0.37,2026-09-06,0824,N20,low,2.0NRT,304.85,1.35,D
39.66253,66.92044,333.63,0.41,0.37,2026-09-06,0824,N20,low,2.0NRT,304.18,1.09,D
39.94545,64.26019,333.16,0.5,0.41,2026-09-06,0824,N20,nominal,2.0NRT,305.19,1.3,D
38.48108,57.74748,337.67,0.37,0.58,2026-09-06,0824,N20,low,2.0NRT,311.34,7.23,D
39.02988,56.44499,334.16,0.42,0.61,2026-09-06,0824,N20,nominal,2.0NRT,301.62,1.99,D
38.64832,54.28493,344.38,0.56,0.69,2026-09-06,0824,N20,nominal,2.0NRT,300.66,3.52,D
38.67857,54.3183,336.2,0.55,0.68,2026-09-06,0824,N20,nominal,2.0NRT,302.17,2.64,D
38.647,54.2859,340.15,0.56,0.69,2026-09-06,0824,N20,nominal,2.0NRT,300.62,2.79,D
21.31032,57.74732,337.24,0.63,0.54,2026-09-06,1000,N20,nominal,2.0NRT,305.54,3.41,D
21.33082,56.70087,345.44,0.54,0.51,2026-09-06,1000,N20,nominal,2.0NRT,309.96,9.71,D
22.32718,56.49345,338.41,0.54,0.51,2026-09-06,1000,N20,nominal,2.0NRT,308.39,5.02,D
22.32541,56.49014,343.36,0.54,0.51,2026-09-06,1000,N20,nominal,2.0NRT,308.28,4.49,D
22.34315,56.43512,341.33,0.53,0.5,2026-09-06,1000,N20,nominal,2.0NRT,307.89,3.27,D
22.40602,56.9914,336.71,0.58,0.52,2026-09-06,1000,N20,nominal,2.0NRT,305.65,2.68,D
22.43942,56.69981,339.48,0.56,0.51,2026-09-06,1000,N20,nominal,2.0NRT,307.58,9.42,D
22.6723,56.25199,342.2,0.52,0.5,2026-09-06,1000,N20,nominal,2.0NRT,309.01,1.95,D
22.87891,55.93123,342.69,0.5,0.49,2026-09-06,1000,N20,nominal,2.0NRT,308.81,1.04,D
22.87059,55.61665,346.7,0.48,0.48,2026-09-06,1000,N20,nominal,2.0NRT,309.89,4.3,D
23.18781,55.46072,341,0.47,0.48,2026-09-06,1000,N20,nominal,2.0NRT,309.03,3.07,D
23.27612,54.25981,343.37,0.4,0.44,2026-09-06,1000,N20,nominal,2.0NRT,312.97,1.7,D
24.50554,56.60947,338.22,0.58,0.52,2026-09-06,1000,N20,nominal,2.0NRT,307.16,2.02,D
24.50907,54.01929,340.79,0.4,0.44,2026-09-06,1000,N20,nominal,2.0NRT,302.55,2.63,D
24.50852,54.0194,338.71,0.4,0.44,2026-09-06,1002,N20,nominal,2.0NRT,302.49,2.87,D
24.60724,54.15322,339.9,0.41,0.45,2026-09-06,1002,N20,nominal,2.0NRT,302.21,4.51,D
24.99092,55.62957,344.84,0.51,0.49,2026-09-06,1002,N20,low,2.0NRT,314.92,2.89,D
26.40517,62.91399,338.27,0.76,0.77,2026-09-06,1002,N20,nominal,2.0NRT,300.55,3.76,D
27.02633,57.07248,340.08,0.33,0.55,2026-09-06,1002,N20,nominal,2.0NRT,306.02,2.68,D
27.16996,56.05844,339.91,0.58,0.52,2026-09-06,1002,N20,nominal,2.0NRT,304.38,14.73,D
18.01132,54.57415,342.35,0.54,0.42,2026-09-06,0958,N20,nominal,2.0NRT,312.93,17.52,D
18.01225,54.57173,339.1,0.54,0.42,2026-09-06,0958,N20,low,2.0NRT,312.99,16.29,D
18.32273,55.10543,347.42,0.39,0.44,2026-09-06,0958,N20,nominal,2.0NRT,313,14.29,D
19.26631,56.1768,345.04,0.47,0.48,2026-09-06,1000,N20,nominal,2.0NRT,306.26,3.55,D
20.21015,55.71358,343.33,0.45,0.47,2026-09-06,1000,N20,low,2.0NRT,313.85,1.31,D
20.22656,55.74213,343.88,0.45,0.47,2026-09-06,1000,N20,low,2.0NRT,314.67,1.51,D
20.3739,55.93497,347.01,0.47,0.48,2026-09-06,1000,N20,nominal,2.0NRT,311.72,1.26,D
20.38562,55.66146,341.93,0.45,0.47,2026-09-06,1000,N20,low,2.0NRT,315.2,1.69,D
20.38408,55.64863,341.65,0.45,0.47,2026-09-06,1000,N20,low,2.0NRT,314.54,1.02,D
36.42785,59.71419,336.14,0.58,0.7,2026-09-06,1004,N20,low,2.0NRT,308.29,3.59,D
36.42762,59.70749,335.53,0.58,0.7,2026-09-06,1004,N20,low,2.0NRT,308.99,4.11,D
38.64883,54.28331,343.15,0.61,0.53,2026-09-06,1004,N20,nominal,2.0NRT,304.35,5.07,D
38.68082,54.3154,342.03,0.61,0.53,2026-09-06,1004,N20,nominal,2.0NRT,305.92,3.28,D
30.0694,96.97788,303.59,0.52,0.42,2026-09-06,1904,N20,nominal,2.0NRT,286.69,1.67,N
29.74678,98.71875,304.48,0.44,0.38,2026-09-06,1904,N20,nominal,2.0NRT,283.67,1.28,N
29.74888,98.72105,304.15,0.44,0.38,2026-09-06,1904,N20,nominal,2.0NRT,283.39,1.37,N
27.54148,99.55785,297.35,0.4,0.37,2026-09-06,1904,N20,nominal,2.0NRT,281.76,0.41,N
27.60703,95.40102,308.03,0.4,0.44,2026-09-06,1904,N20,nominal,2.0NRT,289.98,1.33,N
27.4684,95.42167,306.34,0.39,0.44,2026-09-06,1904,N20,nominal,2.0NRT,289.87,1.59,N
27.46209,95.47723,307.11,0.39,0.44,2026-09-06,1904,N20,nominal,2.0NRT,289.77,3.02,N
27.46147,95.4744,308.8,0.39,0.44,2026-09-06,1904,N20,nominal,2.0NRT,289.8,2.91,N
26.57732,101.66575,338.03,0.39,0.36,2026-09-06,1904,N20,nominal,2.0NRT,298.43,18.51,N
26.5767,101.66956,327.91,0.39,0.36,2026-09-06,1904,N20,nominal,2.0NRT,293.1,3.34,N
26.57072,101.66443,305.41,0.39,0.36,2026-09-06,1904,N20,nominal,2.0NRT,292.73,1.18,N
26.56947,101.67211,319.66,0.39,0.36,2026-09-06,1904,N20,nominal,2.0NRT,292.58,2.32,N
26.56617,101.67147,310.08,0.39,0.36,2026-09-06,1904,N20,nominal,2.0NRT,292.73,1.24,N
26.56554,101.6753,309.92,0.39,0.36,2026-09-06,1904,N20,nominal,2.0NRT,293.43,2.27,N
26.56428,101.68299,308.44,0.39,0.36,2026-09-06,1904,N20,nominal,2.0NRT,292.94,1.4,N
26.56161,101.6785,326.22,0.39,0.36,2026-09-06,1904,N20,nominal,2.0NRT,292.97,2.27,N
26.488,101.81483,303.09,0.39,0.36,2026-09-06,1904,N20,nominal,2.0NRT,290.92,0.33,N
26.38315,101.97392,311,0.39,0.36,2026-09-06,1904,N20,nominal,2.0NRT,291.34,1.45,N
26.77205,94.50575,307.34,0.43,0.46,2026-09-06,1904,N20,nominal,2.0NRT,289.01,2.39,N
25.07327,99.28498,310.61,0.39,0.36,2026-09-06,1906,N20,nominal,2.0NRT,287.94,1.4,N
24.92972,99.08459,302.27,0.4,0.37,2026-09-06,1906,N20,nominal,2.0NRT,287.4,0.84,N
24.91863,99.09512,306.28,0.39,0.37,2026-09-06,1906,N20,nominal,2.0NRT,288.62,0.95,N
24.21002,98.23231,303.09,0.41,0.37,2026-09-06,1906,N20,nominal,2.0NRT,289.44,0.74,N
23.34522,99.41034,305.1,0.39,0.36,2026-09-06,1906,N20,nominal,2.0NRT,289.23,0.79,N
23.61522,86.78616,301.38,0.61,0.71,2026-09-06,1906,N20,nominal,2.0NRT,278.86,2.27,N
22.01168,97.17494,316.22,0.43,0.38,2026-09-06,1906,N20,nominal,2.0NRT,288.73,1.08,N
22.5761,85.89494,311.96,0.68,0.74,2026-09-06,1906,N20,nominal,2.0NRT,283.58,5.09,N
21.54451,87.26418,295.21,0.54,0.68,2026-09-06,1906,N20,nominal,2.0NRT,283.13,4.53,N
20.97172,85.17448,306.84,0.73,0.76,2026-09-06,1906,N20,nominal,2.0NRT,284.44,1.82,N
20.96281,86.00195,313.96,0.64,0.72,2026-09-06,1906,N20,nominal,2.0NRT,274.27,3.3,N
20.9736,85.17626,304.78,0.73,0.76,2026-09-06,1906,N20,nominal,2.0NRT,284.46,2.43,N
20.96766,85.16129,303.68,0.73,0.76,2026-09-06,1906,N20,nominal,2.0NRT,284.51,2.67,N
20.96711,85.16849,306.05,0.73,0.76,2026-09-06,1906,N20,nominal,2.0NRT,284.62,2.43,N
20.95772,85.00848,301.26,0.75,0.77,2026-09-06,1906,N20,nominal,2.0NRT,284.55,2.16,N
20.88878,84.97369,302.11,0.75,0.77,2026-09-06,1906,N20,nominal,2.0NRT,283.53,1.3,N
20.88829,84.98077,301.28,0.75,0.77,2026-09-06,1906,N20,nominal,2.0NRT,283.86,1.3,N
20.79315,85.24971,302.34,0.72,0.75,2026-09-06,1906,N20,nominal,2.0NRT,283.59,4.78,N
20.76221,85.2887,303.39,0.71,0.75,2026-09-06,1906,N20,nominal,2.0NRT,284.33,4.01,N
20.7617,85.29582,307.43,0.71,0.75,2026-09-06,1906,N20,nominal,2.0NRT,284.38,3.49,N
20.76294,85.29334,312.9,0.71,0.75,2026-09-06,1906,N20,nominal,2.0NRT,284.32,4.71,N
8.09721,99.98676,301.27,0.49,0.4,2026-09-06,1910,N20,nominal,2.0NRT,282.39,0.99,N
8.09353,99.98615,301.54,0.49,0.4,2026-09-06,1910,N20,nominal,2.0NRT,282.29,0.99,N
8.0928,99.99053,300.05,0.49,0.4,2026-09-06,1910,N20,nominal,2.0NRT,282.1,0.62,N
7.80178,100.17913,304.05,0.5,0.41,2026-09-06,1910,N20,nominal,2.0NRT,279.08,1.07,N
19.93199,79.12053,307.07,0.39,0.44,2026-09-06,2049,N20,nominal,2.0NRT,292.13,1.01,N
19.9207,79.11429,311.57,0.39,0.44,2026-09-06,2049,N20,nominal,2.0NRT,292.34,1.09,N
19.72528,79.1739,306.8,0.4,0.44,2026-09-06,2049,N20,nominal,2.0NRT,291.87,1.18,N
19.10323,82.16578,308.43,0.63,0.54,2026-09-06,2049,N20,nominal,2.0NRT,288.38,2.12,N
19.10193,82.16513,300.95,0.63,0.54,2026-09-06,2049,N20,nominal,2.0NRT,288,0.97,N
19.09703,82.16398,302.97,0.63,0.54,2026-09-06,2049,N20,nominal,2.0NRT,287.82,0.97,N
18.71923,79.53582,311.3,0.44,0.46,2026-09-06,2049,N20,nominal,2.0NRT,291.83,1.42,N
18.72052,79.50629,316.36,0.44,0.46,2026-09-06,2049,N20,nominal,2.0NRT,291.34,2.08,N
18.71426,79.53906,307.45,0.44,0.46,2026-09-06,2049,N20,nominal,2.0NRT,291.97,1.85,N
19.27255,74.6683,310.27,0.39,0.36,2026-09-06,2049,N20,nominal,2.0NRT,290.55,1.05,N
17.61012,83.20317,327.55,0.4,0.6,2026-09-06,2049,N20,nominal,2.0NRT,283.38,1.43,N
17.60474,83.20191,299.55,0.4,0.6,2026-09-06,2049,N20,nominal,2.0NRT,280.84,1.43,N
19.57157,71.35449,334.88,0.42,0.38,2026-09-06,2049,N20,nominal,2.0NRT,294.33,5.99,N
17.9584,80.79161,311.25,0.54,0.51,2026-09-06,2049,N20,nominal,2.0NRT,286.36,2.87,N
19.56812,71.35394,334.01,0.42,0.38,2026-09-06,2049,N20,nominal,2.0NRT,292.32,5.99,N
19.53019,71.29854,314.01,0.42,0.38,2026-09-06,2049,N20,nominal,2.0NRT,294.54,2.8,N
19.28291,71.43634,311.31,0.42,0.37,2026-09-06,2049,N20,nominal,2.0NRT,293.67,3.53,N
19.28062,71.42787,307.04,0.42,0.37,2026-09-06,2049,N20,nominal,2.0NRT,294.15,3.58,N
18.69241,73.03941,317.79,0.39,0.36,2026-09-06,2049,N20,nominal,2.0NRT,292.46,2.33,N
18.68694,73.03103,305.57,0.39,0.36,2026-09-06,2049,N20,nominal,2.0NRT,291.73,0.8,N
18.68307,73.03409,308.66,0.39,0.36,2026-09-06,2049,N20,nominal,2.0NRT,291.51,0.8,N
18.68251,73.0377,302.4,0.39,0.36,2026-09-06,2049,N20,nominal,2.0NRT,291.27,1.19,N
18.4227,73.94713,303.53,0.39,0.36,2026-09-06,2049,N20,nominal,2.0NRT,291.43,0.45,N
16.65053,74.31422,300.66,0.4,0.37,2026-09-06,2051,N20,nominal,2.0NRT,283.93,0.55,N
15.02487,78.01408,309.58,0.41,0.45,2026-09-06,2051,N20,nominal,2.0NRT,287.4,2.11,N
15.33446,76.28457,303.75,0.48,0.4,2026-09-06,2051,N20,nominal,2.0NRT,283.37,0.9,N
15.22549,76.76331,300.64,0.51,0.41,2026-09-06,2051,N20,nominal,2.0NRT,271.35,0.73,N
15.65921,73.98962,304.38,0.4,0.37,2026-09-06,2051,N20,nominal,2.0NRT,290.67,0.67,N
15.18417,76.66833,308.91,0.51,0.41,2026-09-06,2051,N20,nominal,2.0NRT,278.9,1.89,N
39.05101,76.18227,301.67,0.42,0.38,2026-09-06,2042,N20,nominal,2.0NRT,286.91,1.19,N
15.17836,76.65756,310.41,0.51,0.41,2026-09-06,2051,N20,nominal,2.0NRT,279.51,1.39,N
38.21778,77.1011,302.91,0.4,0.37,2026-09-06,2044,N20,nominal,2.0NRT,288.01,1.13,N
15.17381,76.66151,320.07,0.51,0.41,2026-09-06,2051,N20,nominal,2.0NRT,280.22,3.46,N
39.18211,65.31118,301.47,0.48,0.65,2026-09-06,2044,N20,nominal,2.0NRT,288.12,0.77,N
15.17463,76.65685,301.15,0.51,0.41,2026-09-06,2051,N20,nominal,2.0NRT,280.33,1.39,N
39.13265,63.41379,298.59,0.61,0.71,2026-09-06,2044,N20,nominal,2.0NRT,285.31,0.68,N
15.16806,76.37825,304.37,0.49,0.4,2026-09-06,2051,N20,nominal,2.0NRT,284.93,1.79,N
39.11438,63.33277,298.2,0.62,0.71,2026-09-06,2044,N20,nominal,2.0NRT,286.99,0.79,N
14.36366,78.77711,314.12,0.47,0.47,2026-09-06,2051,N20,nominal,2.0NRT,287.54,4.23,N
39.12793,63.41309,296.67,0.61,0.71,2026-09-06,2044,N20,nominal,2.0NRT,285.08,0.49,N
11.81744,77.91634,299.02,0.45,0.47,2026-09-06,2051,N20,nominal,2.0NRT,278.89,0.89,N
39.11671,63.33264,301.52,0.62,0.71,2026-09-06,2044,N20,nominal,2.0NRT,287.32,0.71,N
11.61621,77.75238,303.07,0.44,0.46,2026-09-06,2051,N20,nominal,2.0NRT,287.25,0.48,N
38.94582,64.12936,299.52,0.56,0.69,2026-09-06,2044,N20,nominal,2.0NRT,288.28,0.83,N
8.08689,80.7812,308.41,0.41,0.61,2026-09-06,2053,N20,nominal,2.0NRT,288.82,0.78,N
38.68393,65.98395,301.38,0.44,0.62,2026-09-06,2044,N20,nominal,2.0NRT,286.79,0.55,N
8.08675,80.78283,307.17,0.41,0.61,2026-09-06,2053,N20,nominal,2.0NRT,288.87,0.9,N
37.30438,77.72092,305.26,0.39,0.36,2026-09-06,2044,N20,nominal,2.0NRT,280.81,0.6,N
6.76258,81.51218,344.63,0.49,0.65,2026-09-06,2053,N20,nominal,2.0NRT,290.51,5.38,N
38.45366,65.80096,302.67,0.45,0.63,2026-09-06,2044,N20,nominal,2.0NRT,287.31,1.27,N
6.76464,81.51445,337.56,0.49,0.65,2026-09-06,2053,N20,nominal,2.0NRT,290.88,5.56,N
38.0519,67.25997,346.3,0.37,0.58,2026-09-06,2044,N20,nominal,2.0NRT,289.02,8.69,N
6.75876,81.5132,303.15,0.49,0.65,2026-09-06,2053,N20,nominal,2.0NRT,289.91,0.47,N
38.05166,67.26407,350.37,0.37,0.58,2026-09-06,2044,N20,nominal,2.0NRT,291.94,8.95,N
38.13017,64.67203,299.52,0.52,0.66,2026-09-06,2044,N20,nominal,2.0NRT,288.02,0.64,N
38.13103,64.67254,299.98,0.51,0.66,2026-09-06,2044,N20,nominal,2.0NRT,287.71,0.72,N
37.80161,62.54635,299.23,0.67,0.74,2026-09-06,2044,N20,nominal,2.0NRT,283.52,0.91,N
37.62346,62.1329,300.42,0.7,0.75,2026-09-06,2044,N20,nominal,2.0NRT,285.6,1.74,N
37.60972,61.59856,295.27,0.75,0.77,2026-09-06,2044,N20,nominal,2.0NRT,284.86,1.09,N
37.61384,61.60208,298.53,0.75,0.77,2026-09-06,2044,N20,nominal,2.0NRT,286,1.74,N
37.49659,61.83956,301.22,0.73,0.76,2026-09-06,2044,N20,nominal,2.0NRT,285.54,2.03,N
37.49916,61.84003,303.84,0.73,0.76,2026-09-06,2044,N20,nominal,2.0NRT,286.82,2.32,N
37.42733,62.30571,300.3,0.69,0.74,2026-09-06,2044,N20,nominal,2.0NRT,283.03,0.78,N
37.12275,62.35817,334.98,0.68,0.74,2026-09-06,2044,N20,nominal,2.0NRT,285.57,7.2,N
37.11587,62.35789,308.25,0.68,0.74,2026-09-06,2044,N20,nominal,2.0NRT,287.28,2.63,N
37.03922,62.40956,308.19,0.68,0.74,2026-09-06,2044,N20,nominal,2.0NRT,284.88,2.44,N
37.03237,62.40926,325.12,0.68,0.74,2026-09-06,2044,N20,nominal,2.0NRT,285.5,4.49,N
37.03856,62.40952,322.29,0.68,0.74,2026-09-06,2044,N20,nominal,2.0NRT,285.33,2.72,N
37.0317,62.40923,315.99,0.68,0.74,2026-09-06,2044,N20,nominal,2.0NRT,285.27,2.72,N
36.47775,61.61622,297.61,0.74,0.76,2026-09-06,2044,N20,nominal,2.0NRT,285.07,2.11,N
33.68796,72.71034,307.86,0.51,0.41,2026-09-06,2044,N20,nominal,2.0NRT,294.47,1.58,N
33.68806,72.70912,306.82,0.51,0.41,2026-09-06,2044,N20,nominal,2.0NRT,294.04,0.93,N
33.27806,72.14331,304.3,0.53,0.42,2026-09-06,2044,N20,nominal,2.0NRT,293.97,0.7,N
33.29859,71.18613,313.45,0.4,0.44,2026-09-06,2044,N20,nominal,2.0NRT,293.35,1.36,N
32.71913,72.77346,306.77,0.49,0.4,2026-09-06,2044,N20,nominal,2.0NRT,293.27,0.91,N
32.57457,72.56348,310.34,0.5,0.41,2026-09-06,2044,N20,nominal,2.0NRT,296.6,2.31,N
32.08775,74.16418,311.11,0.43,0.38,2026-09-06,2044,N20,nominal,2.0NRT,293.92,1.53,N
32.06016,74.20986,307.73,0.43,0.38,2026-09-06,2044,N20,nominal,2.0NRT,293.64,0.92,N
30.44921,70.56627,307.98,0.4,0.44,2026-09-06,2046,N20,nominal,2.0NRT,295.11,0.56,N
29.47528,76.8589,330.15,0.39,0.36,2026-09-06,2046,N20,nominal,2.0NRT,294.17,4.54,N
29.87495,70.01684,304.35,0.42,0.45,2026-09-06,2046,N20,nominal,2.0NRT,291.92,0.95,N
28.34659,77.23032,322.88,0.39,0.37,2026-09-06,2046,N20,nominal,2.0NRT,292.35,1.97,N
28.27742,77.27326,305.51,0.4,0.37,2026-09-06,2046,N20,nominal,2.0NRT,291.56,0.72,N
28.27557,77.18221,308.9,0.39,0.36,2026-09-06,2046,N20,nominal,2.0NRT,292.5,1.14,N
27.79425,75.32977,306.31,0.39,0.36,2026-09-06,2046,N20,nominal,2.0NRT,294.45,0.87,N
27.66805,76.12919,312.39,0.39,0.36,2026-09-06,2046,N20,nominal,2.0NRT,294.58,1.16,N
28.42577,69.69775,310.3,0.42,0.45,2026-09-06,2046,N20,nominal,2.0NRT,295.31,1.53,N
27.29016,73.84022,308.34,0.4,0.37,2026-09-06,2046,N20,nominal,2.0NRT,296.09,2.87,N
26.87837,73.51595,308.52,0.41,0.37,2026-09-06,2046,N20,nominal,2.0NRT,295.08,2.26,N
26.87441,73.51662,309.93,0.41,0.37,2026-09-06,2046,N20,nominal,2.0NRT,295.02,2.61,N
26.60538,73.68313,306.85,0.4,0.37,2026-09-06,2046,N20,nominal,2.0NRT,295.36,0.65,N
26.29863,74.12737,306.56,0.39,0.36,2026-09-06,2046,N20,nominal,2.0NRT,294.91,0.77,N
26.2588,74.09588,308.96,0.39,0.36,2026-09-06,2046,N20,nominal,2.0NRT,295.34,1.03,N
26.70634,67.6601,311.54,0.53,0.5,2026-09-06,2046,N20,nominal,2.0NRT,294.97,0.96,N
24.15967,82.56333,304.6,0.53,0.5,2026-09-06,2046,N20,nominal,2.0NRT,274.94,1.75,N
24.9338,74.63345,297.15,0.38,0.36,2026-09-06,2046,N20,nominal,2.0NRT,279.72,1.01,N
25.38964,68.57961,318.88,0.45,0.47,2026-09-06,2046,N20,nominal,2.0NRT,295.21,2.17,N
23.16659,82.34151,308.91,0.54,0.51,2026-09-06,2046,N20,nominal,2.0NRT,287.87,2.01,N
24.69204,73.00279,306.06,0.41,0.37,2026-09-06,2046,N20,nominal,2.0NRT,294.66,1.19,N
22.32286,82.56402,304.74,0.58,0.52,2026-09-06,2046,N20,nominal,2.0NRT,287.9,1.49,N
22.31933,82.55735,305.32,0.58,0.52,2026-09-06,2046,N20,nominal,2.0NRT,287.52,1.48,N
22.35952,82.30042,320.89,0.56,0.51,2026-09-06,2046,N20,nominal,2.0NRT,278.23,2.17,N
22.35839,82.3057,300.27,0.56,0.51,2026-09-06,2046,N20,nominal,2.0NRT,278.23,2.17,N
22.32277,82.56183,304.24,0.58,0.52,2026-09-06,2046,N20,nominal,2.0NRT,287.62,1.04,N
22.31806,82.56065,304.09,0.58,0.52,2026-09-06,2046,N20,nominal,2.0NRT,287.53,2.14,N
22.36226,82.29867,299.59,0.56,0.51,2026-09-06,2046,N20,nominal,2.0NRT,277.66,1.24,N
22.36117,82.30396,308.07,0.56,0.51,2026-09-06,2046,N20,nominal,2.0NRT,278.43,1.67,N
22.35652,82.30289,311.89,0.56,0.51,2026-09-06,2046,N20,nominal,2.0NRT,276.7,1.67,N
21.96607,83.77132,313.06,0.35,0.57,2026-09-06,2046,N20,nominal,2.0NRT,287.79,3,N
22.03745,83.35081,316.1,0.33,0.55,2026-09-06,2046,N20,nominal,2.0NRT,288.57,2.03,N
22.03537,83.3603,302.88,0.33,0.55,2026-09-06,2046,N20,nominal,2.0NRT,284.34,0.65,N
22.03872,83.34882,306.26,0.33,0.55,2026-09-06,2046,N20,nominal,2.0NRT,287.74,1.15,N
22.03806,83.35194,315.42,0.33,0.55,2026-09-06,2046,N20,nominal,2.0NRT,288.22,1.15,N
22.03604,83.36147,301.86,0.33,0.55,2026-09-06,2046,N20,nominal,2.0NRT,283.97,0.93,N
21.9854,83.2318,314.71,0.32,0.55,2026-09-06,2046,N20,nominal,2.0NRT,288.01,1.6,N
21.97846,83.23976,302.84,0.33,0.55,2026-09-06,2046,N20,nominal,2.0NRT,286.87,0.66,N
21.82849,83.89872,303.3,0.36,0.57,2026-09-06,2046,N20,nominal,2.0NRT,287.25,1.08,N
21.92286,83.35031,328.74,0.33,0.55,2026-09-06,2046,N20,nominal,2.0NRT,289.37,4.41,N
21.92217,83.35345,306.53,0.33,0.55,2026-09-06,2046,N20,nominal,2.0NRT,288.65,2.17,N
21.80262,83.89235,319.43,0.36,0.57,2026-09-06,2046,N20,nominal,2.0NRT,287.47,2.08,N
21.92394,83.34906,314.54,0.33,0.55,2026-09-06,2046,N20,nominal,2.0NRT,288.17,3.18,N
21.92328,83.3522,314.68,0.33,0.55,2026-09-06,2046,N20,nominal,2.0NRT,288.88,1.76,N
21.80238,83.89133,326.47,0.36,0.57,2026-09-06,2046,N20,nominal,2.0NRT,286.57,2.19,N
21.91828,83.35097,308,0.33,0.55,2026-09-06,2046,N20,nominal,2.0NRT,287.49,1.76,N
21.87702,83.49468,312.44,0.34,0.56,2026-09-06,2046,N20,nominal,2.0NRT,287.18,1.73,N
21.76357,84.01971,307.82,0.37,0.58,2026-09-06,2046,N20,nominal,2.0NRT,287.01,2,N
21.75759,84.02187,307.36,0.37,0.58,2026-09-06,2046,N20,nominal,2.0NRT,287.5,1.35,N
21.75684,84.02532,304.68,0.37,0.58,2026-09-06,2046,N20,nominal,2.0NRT,287.12,1.35,N
21.76328,83.8457,314.75,0.36,0.57,2026-09-06,2046,N20,nominal,2.0NRT,288.19,1.37,N
21.76253,83.84913,316.14,0.36,0.57,2026-09-06,2046,N20,nominal,2.0NRT,288.07,2.58,N
21.75887,83.841,308.51,0.36,0.57,2026-09-06,2046,N20,nominal,2.0NRT,287.4,1.37,N
21.75812,83.8444,312.74,0.36,0.57,2026-09-06,2046,N20,nominal,2.0NRT,287.22,1.37,N
22.00615,82.67136,308.32,0.6,0.53,2026-09-06,2046,N20,nominal,2.0NRT,289.11,2.9,N
21.75297,83.84307,302.8,0.36,0.57,2026-09-06,2046,N20,nominal,2.0NRT,285.95,3.86,N
21.74783,83.84167,367,0.36,0.57,2026-09-06,2046,N20,high,2.0NRT,288.9,3.86,N
21.74859,83.83823,305.17,0.36,0.57,2026-09-06,2046,N20,nominal,2.0NRT,286.62,3.86,N
21.74269,83.84029,329.22,0.36,0.57,2026-09-06,2046,N20,nominal,2.0NRT,287.97,4,N
21.74193,83.84372,307.81,0.36,0.57,2026-09-06,2046,N20,nominal,2.0NRT,288.38,3.06,N
21.68195,84.03985,312.5,0.37,0.58,2026-09-06,2046,N20,nominal,2.0NRT,287.61,1.7,N
21.67672,84.03851,303.35,0.37,0.58,2026-09-06,2046,N20,nominal,2.0NRT,287.15,0.85,N
21.67595,84.04197,303.58,0.37,0.58,2026-09-06,2046,N20,nominal,2.0NRT,287.17,0.85,N
21.67781,84.03885,311.68,0.37,0.58,2026-09-06,2046,N20,nominal,2.0NRT,288.06,2.14,N
20.97046,86.01247,349.73,0.51,0.66,2026-09-06,2049,N20,nominal,2.0NRT,286.7,13.14,N
20.96565,86.00595,333.88,0.51,0.66,2026-09-06,2049,N20,nominal,2.0NRT,285.75,11.28,N
21.57573,82.02216,307.33,0.55,0.51,2026-09-06,2049,N20,nominal,2.0NRT,289.83,1.36,N
20.8901,84.98042,304.51,0.44,0.63,2026-09-06,2049,N20,nominal,2.0NRT,286.19,1.24,N
20.86487,84.98684,321.44,0.44,0.63,2026-09-06,2049,N20,nominal,2.0NRT,286.55,1.7,N
20.86389,84.99117,309.71,0.44,0.63,2026-09-06,2049,N20,nominal,2.0NRT,286.74,1.7,N
21.486,81.76941,307.33,0.54,0.51,2026-09-06,2049,N20,nominal,2.0NRT,288.57,1.12,N
21.37506,81.68236,306.24,0.53,0.5,2026-09-06,2049,N20,nominal,2.0NRT,289.5,2.23,N
21.37864,81.64126,304.29,0.53,0.5,2026-09-06,2049,N20,nominal,2.0NRT,289.17,2.14,N
21.187,81.39117,308.22,0.52,0.5,2026-09-06,2049,N20,nominal,2.0NRT,291.13,2.1,N
21.1835,81.38528,310.78,0.51,0.5,2026-09-06,2049,N20,nominal,2.0NRT,290.65,2.1,N
22.93556,69.69945,307.35,0.54,0.42,2026-09-06,2049,N20,nominal,2.0NRT,293.2,2.99,N
21.23569,79.63112,305.65,0.4,0.44,2026-09-06,2049,N20,nominal,2.0NRT,290.34,0.78,N
21.33615,78.96851,311.61,0.55,0.43,2026-09-06,2049,N20,nominal,2.0NRT,289.81,1.9,N
21.24994,79.20966,308.99,0.57,0.43,2026-09-06,2049,N20,nominal,2.0NRT,287.65,1.79,N
20.6986,78.63525,305.89,0.54,0.42,2026-09-06,2049,N20,nominal,2.0NRT,291.73,0.94,N
21.43295,72.97732,314.63,0.39,0.36,2026-09-06,2049,N20,nominal,2.0NRT,290.76,1.49,N
36.27234,59.65215,300.27,0.42,0.45,2026-09-06,2222,N20,nominal,2.0NRT,287.92,0.61,N
38.05775,64.88663,313.48,0.36,0.57,2026-09-06,2222,N20,nominal,2.0NRT,288.75,1.15,N
38.05371,64.90218,300.23,0.36,0.57,2026-09-06,2222,N20,nominal,2.0NRT,287.05,0.81,N
37.97123,65.04607,297.59,0.37,0.58,2026-09-06,2222,N20,nominal,2.0NRT,286.89,0.35,N
37.75823,65.48972,297.09,0.39,0.59,2026-09-06,2222,N20,nominal,2.0NRT,286.7,0.35,N
37.83058,65.17519,302.64,0.37,0.58,2026-09-06,2222,N20,nominal,2.0NRT,286.66,0.61,N
18.01546,54.57549,304.64,0.48,0.48,2026-09-06,2229,N20,nominal,2.0NRT,294.4,2.17,N
37.7177,65.24134,296.5,0.38,0.59,2026-09-06,2222,N20,nominal,2.0NRT,285.4,0.3,N
18.01111,54.57456,325.9,0.48,0.48,2026-09-06,2229,N20,nominal,2.0NRT,295.5,6.07,N
37.66628,65.28365,298.67,0.38,0.59,2026-09-06,2222,N20,nominal,2.0NRT,286.26,0.47,N
18.01199,54.57012,316.65,0.48,0.48,2026-09-06,2229,N20,nominal,2.0NRT,294.32,6.07,N
18.01128,54.57195,304.19,0.48,0.48,2026-09-06,2229,N20,nominal,2.0NRT,294.07,1.26,N
17.89181,54.48329,325.16,0.47,0.48,2026-09-06,2229,N20,nominal,2.0NRT,293.52,4.1,N
17.89098,54.48769,307.46,0.47,0.48,2026-09-06,2229,N20,nominal,2.0NRT,293.38,4.1,N
17.88748,54.48237,337.98,0.47,0.48,2026-09-06,2229,N20,nominal,2.0NRT,293.65,4.1,N
39.50962,54.32852,307.47,0.39,0.36,2026-09-06,2222,N20,nominal,2.0NRT,293.93,0.9,N
17.88664,54.48677,319.11,0.47,0.48,2026-09-06,2229,N20,nominal,2.0NRT,293.74,4.1,N
37.98966,61.88147,296.67,0.5,0.49,2026-09-06,2222,N20,nominal,2.0NRT,286.44,1.13,N
37.98405,61.88531,303.13,0.5,0.49,2026-09-06,2222,N20,nominal,2.0NRT,286.6,0.83,N
37.79758,62.54878,309.81,0.55,0.51,2026-09-06,2222,N20,nominal,2.0NRT,284.87,1.96,N
37.79002,62.53938,302.01,0.54,0.51,2026-09-06,2222,N20,nominal,2.0NRT,284.39,1.16,N
37.72618,62.09559,312.11,0.52,0.5,2026-09-06,2222,N20,nominal,2.0NRT,286.19,1.83,N
37.66886,62.23601,300.15,0.53,0.5,2026-09-06,2222,N20,nominal,2.0NRT,284.15,1.03,N
37.66304,62.24009,298.9,0.53,0.5,2026-09-06,2222,N20,nominal,2.0NRT,285.02,0.87,N
37.65722,62.24418,298.02,0.53,0.5,2026-09-06,2222,N20,nominal,2.0NRT,283.65,0.87,N
37.63742,62.20528,302.53,0.53,0.5,2026-09-06,2222,N20,nominal,2.0NRT,284.7,0.88,N
37.79538,61.49777,296.66,0.48,0.48,2026-09-06,2222,N20,nominal,2.0NRT,286.43,0.39,N
37.62577,62.21341,295.88,0.53,0.5,2026-09-06,2222,N20,nominal,2.0NRT,284.8,0.83,N
37.62657,62.16981,301.14,0.53,0.5,2026-09-06,2222,N20,nominal,2.0NRT,286.98,0.72,N
37.62016,62.13623,310.59,0.52,0.5,2026-09-06,2222,N20,nominal,2.0NRT,286.84,1.32,N
37.61878,62.14193,296.82,0.52,0.5,2026-09-06,2222,N20,nominal,2.0NRT,285.79,1.32,N
37.62655,62.16807,303.26,0.53,0.5,2026-09-06,2222,N20,nominal,2.0NRT,287.27,1.47,N
37.62708,62.12462,295.14,0.52,0.5,2026-09-06,2222,N20,nominal,2.0NRT,284.91,0.63,N
37.61862,62.1401,317.42,0.52,0.5,2026-09-06,2222,N20,nominal,2.0NRT,287.12,2.25,N
37.65386,61.90779,305.95,0.51,0.49,2026-09-06,2222,N20,nominal,2.0NRT,287.33,1.13,N
37.61276,61.60587,301.14,0.49,0.49,2026-09-06,2222,N20,nominal,2.0NRT,287.66,1.01,N
37.61464,61.57745,299.8,0.49,0.49,2026-09-06,2222,N20,nominal,2.0NRT,288.28,1.23,N
37.60844,61.60428,308.3,0.49,0.49,2026-09-06,2222,N20,nominal,2.0NRT,288.63,1.62,N
37.42284,62.31177,312.11,0.54,0.51,2026-09-06,2222,N20,nominal,2.0NRT,286.08,1.13,N
37.59002,61.56261,301.29,0.49,0.49,2026-09-06,2222,N20,nominal,2.0NRT,286.53,1.33,N
37.59316,61.52897,309.55,0.49,0.48,2026-09-06,2222,N20,nominal,2.0NRT,286.86,2.07,N
37.49922,61.84891,318.3,0.51,0.49,2026-09-06,2222,N20,nominal,2.0NRT,289.75,3.14,N
38.25493,58.3926,304.35,0.5,0.41,2026-09-06,2222,N20,nominal,2.0NRT,294.08,1.43,N
38.22189,57.98775,300.86,0.48,0.4,2026-09-06,2222,N20,nominal,2.0NRT,289.02,0.57,N
38.21828,57.98658,304.14,0.48,0.4,2026-09-06,2222,N20,nominal,2.0NRT,287.8,0.42,N
38.19545,58.10054,299.41,0.49,0.4,2026-09-06,2222,N20,nominal,2.0NRT,287.71,0.57,N
37.53648,61.13281,296.27,0.47,0.47,2026-09-06,2222,N20,nominal,2.0NRT,283.81,0.49,N
38.19336,58.05346,309.75,0.49,0.4,2026-09-06,2222,N20,nominal,2.0NRT,290.92,1.22,N
38.26337,57.65971,305.6,0.47,0.4,2026-09-06,2222,N20,nominal,2.0NRT,295.57,1.8,N
38.18113,57.98462,299.99,0.48,0.4,2026-09-06,2222,N20,nominal,2.0NRT,288.48,1.01,N
37.51096,61.01748,301.26,0.46,0.47,2026-09-06,2222,N20,nominal,2.0NRT,287.62,0.67,N
37.50446,61.02607,303.89,0.46,0.47,2026-09-06,2222,N20,nominal,2.0NRT,287.92,1.39,N
37.63596,60.34049,313.02,0.42,0.45,2026-09-06,2222,N20,nominal,2.0NRT,288.08,1.39,N
37.11828,62.36258,337.56,0.55,0.51,2026-09-06,2222,N20,nominal,2.0NRT,288.99,4.44,N
37.11682,62.36857,297.66,0.55,0.51,2026-09-06,2222,N20,nominal,2.0NRT,284.98,4.44,N
37.12019,62.3633,335.23,0.55,0.51,2026-09-06,2222,N20,nominal,2.0NRT,288.06,5.18,N
37.94694,58.58465,300.02,0.52,0.41,2026-09-06,2222,N20,nominal,2.0NRT,287.61,0.38,N
37.11565,62.36157,299.43,0.55,0.51,2026-09-06,2222,N20,nominal,2.0NRT,287.52,2.76,N
37.11422,62.36758,305.11,0.55,0.51,2026-09-06,2222,N20,nominal,2.0NRT,286.14,1.36,N
37.94302,58.56496,309.26,0.52,0.41,2026-09-06,2222,N20,nominal,2.0NRT,291.34,1.54,N
38.68122,54.31364,321.15,0.39,0.36,2026-09-06,2222,N20,nominal,2.0NRT,292.71,1.25,N
37.0332,62.41575,342.28,0.56,0.51,2026-09-06,2222,N20,nominal,2.0NRT,289.15,5.02,N
37.48939,60.45958,297.59,0.43,0.46,2026-09-06,2222,N20,nominal,2.0NRT,286.12,0.64,N
37.03173,62.42182,311.07,0.56,0.51,2026-09-06,2222,N20,nominal,2.0NRT,288.58,5.02,N
37.32737,61.09343,304.43,0.47,0.48,2026-09-06,2222,N20,nominal,2.0NRT,286.11,1.02,N
38.64878,54.28209,331.42,0.39,0.36,2026-09-06,2222,N20,nominal,2.0NRT,296.1,4.22,N
37.82957,58.38537,306.21,0.51,0.41,2026-09-06,2222,N20,nominal,2.0NRT,290.9,0.93,N
37.35468,60.46652,297.81,0.44,0.46,2026-09-06,2222,N20,nominal,2.0NRT,286.98,0.8,N
38.50984,54.21227,303.38,0.39,0.36,2026-09-06,2222,N20,nominal,2.0NRT,292.12,0.43,N
37.45491,57.68905,299.07,0.48,0.4,2026-09-06,2222,N20,nominal,2.0NRT,288.27,0.8,N
37.34147,58.04594,297.7,0.5,0.41,2026-09-06,2222,N20,nominal,2.0NRT,287.32,1.38,N
36.47628,61.62419,299.63,0.52,0.5,2026-09-06,2222,N20,nominal,2.0NRT,287.79,2.51,N
36.47833,59.74434,298.05,0.42,0.45,2026-09-06,2222,N20,nominal,2.0NRT,287.72,0.67,N
37.29541,55.48475,306.32,0.41,0.37,2026-09-06,2222,N20,nominal,2.0NRT,293.23,1.03,N
36.99155,56.23186,305.47,0.43,0.38,2026-09-06,2222,N20,nominal,2.0NRT,289.35,0.91,N
36.99083,56.22956,305.19,0.43,0.38,2026-09-06,2222,N20,nominal,2.0NRT,287.17,0.72,N
36.94735,54.88993,323.52,0.4,0.37,2026-09-06,2222,N20,nominal,2.0NRT,294.1,1.5,N
36.94402,54.88902,310.38,0.4,0.37,2026-09-06,2222,N20,nominal,2.0NRT,292.75,1.5,N
36.32655,54.61745,301.65,0.4,0.37,2026-09-06,2222,N20,nominal,2.0NRT,290.98,0.56,N
36.29726,54.78524,308.94,0.4,0.37,2026-09-06,2222,N20,nominal,2.0NRT,290.76,1.15,N
35.36788,59.30436,303.38,0.42,0.45,2026-09-06,2225,N20,nominal,2.0NRT,286.57,0.88,N
35.31571,59.48651,298.82,0.43,0.46,2026-09-06,2225,N20,nominal,2.0NRT,288.08,1.07,N
36.32201,54.18608,303.48,0.39,0.36,2026-09-06,2225,N20,nominal,2.0NRT,287.74,0.54,N
33.75189,59.14664,308.43,0.44,0.46,2026-09-06,2225,N20,nominal,2.0NRT,285.66,1.48,N
33.75256,59.14451,303.77,0.44,0.46,2026-09-06,2225,N20,nominal,2.0NRT,284.86,2.03,N
33.04215,56.85038,311.69,0.52,0.42,2026-09-06,2225,N20,nominal,2.0NRT,296.46,2.24,N
32.3363,54.08649,307.75,0.42,0.37,2026-09-06,2225,N20,nominal,2.0NRT,292.35,1,N
31.70394,55.44992,308.91,0.48,0.4,2026-09-06,2225,N20,nominal,2.0NRT,298.56,2.44,N
31.94057,54.04639,313.84,0.42,0.38,2026-09-06,2225,N20,nominal,2.0NRT,295.77,0.96,N
31.92803,54.05696,306.88,0.42,0.38,2026-09-06,2225,N20,nominal,2.0NRT,296.55,1.67,N
31.89478,54.24174,303.3,0.43,0.38,2026-09-06,2225,N20,nominal,2.0NRT,292.74,0.47,N
31.6234,54.7453,305.57,0.45,0.39,2026-09-06,2225,N20,nominal,2.0NRT,294.2,0.99,N
31.62328,54.72604,315.19,0.45,0.39,2026-09-06,2225,N20,nominal,2.0NRT,295.16,1.95,N
30.75596,56.65639,323.3,0.56,0.43,2026-09-06,2225,N20,nominal,2.0NRT,295.48,3.87,N
30.66564,56.6198,304.07,0.56,0.43,2026-09-06,2225,N20,nominal,2.0NRT,289.78,1.12,N
30.49888,56.81604,308.28,0.38,0.44,2026-09-06,2225,N20,nominal,2.0NRT,291.93,1.82,N
30.49153,56.81915,304.95,0.39,0.44,2026-09-06,2225,N20,nominal,2.0NRT,291.42,0.93,N
29.47768,60.8073,305.86,0.34,0.56,2026-09-06,2225,N20,nominal,2.0NRT,288.98,0.84,N
30.23277,56.90938,310.65,0.39,0.44,2026-09-06,2225,N20,nominal,2.0NRT,293.08,2.63,N
30.32383,55.97511,305.29,0.53,0.42,2026-09-06,2225,N20,nominal,2.0NRT,291.24,0.94,N
30.21652,55.98303,304.2,0.53,0.42,2026-09-06,2225,N20,nominal,2.0NRT,293.22,0.89,N
29.95072,56.7329,302.53,0.39,0.44,2026-09-06,2225,N20,nominal,2.0NRT,290.16,1.13,N
29.90285,56.62172,295.76,0.39,0.44,2026-09-06,2225,N20,nominal,2.0NRT,285.06,0.22,N
30.08244,55.39644,328.76,0.5,0.41,2026-09-06,2225,N20,nominal,2.0NRT,292.84,5.16,N
30.08147,55.40151,301.1,0.5,0.41,2026-09-06,2225,N20,nominal,2.0NRT,289.84,5.16,N
29.9903,55.8539,331.31,0.53,0.42,2026-09-06,2225,N20,nominal,2.0NRT,292.16,4.57,N
29.99485,55.19915,299.96,0.49,0.4,2026-09-06,2225,N20,nominal,2.0NRT,289.87,0.74,N
29.69991,55.53099,302.62,0.51,0.41,2026-09-06,2225,N20,nominal,2.0NRT,290.86,0.97,N
29.51441,55.79726,303.57,0.53,0.42,2026-09-06,2225,N20,nominal,2.0NRT,291.79,0.83,N
29.15135,55.36777,308.46,0.51,0.41,2026-09-06,2225,N20,nominal,2.0NRT,291.83,1.23,N
29.13343,55.3795,304.42,0.51,0.41,2026-09-06,2225,N20,nominal,2.0NRT,293.83,1.34,N
29.2036,54.48244,303.95,0.47,0.4,2026-09-06,2225,N20,nominal,2.0NRT,292.74,0.67,N
27.16753,56.09672,315.02,0.4,0.44,2026-09-06,2227,N20,nominal,2.0NRT,298.71,3.93,N
27.16271,56.09972,324.86,0.4,0.44,2026-09-06,2227,N20,nominal,2.0NRT,298.54,2.98,N
27.16191,56.1037,319.68,0.4,0.44,2026-09-06,2227,N20,nominal,2.0NRT,299.31,2.98,N
27.15869,56.09872,327.75,0.4,0.44,2026-09-06,2227,N20,nominal,2.0NRT,298.22,2.98,N
27.14339,56.11177,312.69,0.4,0.45,2026-09-06,2227,N20,nominal,2.0NRT,298.57,4.48,N
39.85252,66.19701,299.26,0.37,0.58,2026-09-06,2225,N20,nominal,2.0NRT,287.51,0.6,N
39.8534,66.19924,305.28,0.37,0.58,2026-09-06,2225,N20,nominal,2.0NRT,289.66,0.78,N
38.56998,68.89522,299.04,0.56,0.69,2026-09-06,2225,N20,nominal,2.0NRT,286.07,1.68,N
39.18393,65.31139,299.89,0.35,0.57,2026-09-06,2225,N20,nominal,2.0NRT,287.97,0.7,N
39.18172,65.31372,300.76,0.35,0.57,2026-09-06,2225,N20,nominal,2.0NRT,287.22,0.85,N
38.6823,65.95519,301.01,0.39,0.59,2026-09-06,2225,N20,nominal,2.0NRT,288.79,1.3,N
39.25143,63.21214,303.45,0.54,0.51,2026-09-06,2225,N20,nominal,2.0NRT,286.32,1.4,N
38.55215,65.94738,300.46,0.39,0.6,2026-09-06,2225,N20,nominal,2.0NRT,289.43,0.81,N
39.2774,63.08415,299.42,0.54,0.5,2026-09-06,2225,N20,nominal,2.0NRT,286.44,0.82,N
39.19761,63.21034,295.56,0.55,0.51,2026-09-06,2225,N20,nominal,2.0NRT,285.25,0.54,N
39.17216,63.27364,300.32,0.55,0.51,2026-09-06,2225,N20,nominal,2.0NRT,286.43,0.81,N
39.13103,63.41982,306.75,0.56,0.52,2026-09-06,2225,N20,nominal,2.0NRT,285.9,1.23,N
39.16766,63.25169,306.4,0.55,0.51,2026-09-06,2225,N20,nominal,2.0NRT,287.56,1.22,N
39.16615,63.25778,298.9,0.55,0.51,2026-09-06,2225,N20,nominal,2.0NRT,286.7,2.09,N
39.11774,63.3327,303.24,0.56,0.51,2026-09-06,2225,N20,nominal,2.0NRT,286.04,2.06,N
39.11531,63.33201,302.2,0.56,0.51,2026-09-06,2225,N20,nominal,2.0NRT,285.98,0.88,N
38.45493,65.80386,303.08,0.39,0.59,2026-09-06,2225,N20,nominal,2.0NRT,288.58,0.94,N
38.96527,63.69525,298.99,0.59,0.53,2026-09-06,2225,N20,nominal,2.0NRT,287.69,0.83,N
38.66693,64.77581,299.1,0.34,0.56,2026-09-06,2225,N20,nominal,2.0NRT,288.53,0.27,N
38.16375,64.59369,298.65,0.34,0.56,2026-09-06,2225,N20,nominal,2.0NRT,286.52,0.31,N
38.13129,64.67564,306.37,0.35,0.56,2026-09-06,2225,N20,nominal,2.0NRT,288.81,0.64,N
38.05466,64.9023,302.23,0.36,0.57,2026-09-06,2225,N20,nominal,2.0NRT,287.03,0.58,N
38.05378,64.8847,307.76,0.36,0.57,2026-09-06,2225,N20,nominal,2.0NRT,287.48,0.81,N
25.97408,56.06945,324.05,0.42,0.45,2026-09-06,2227,N20,nominal,2.0NRT,300.38,1.63,N
25.96587,56.06744,316.17,0.42,0.45,2026-09-06,2227,N20,nominal,2.0NRT,299.18,1.78,N
25.7044,54.30266,323.26,0.51,0.41,2026-09-06,2227,N20,nominal,2.0NRT,302.34,2.25,N
25.29645,55.61783,312.71,0.41,0.45,2026-09-06,2227,N20,nominal,2.0NRT,300.59,1.08,N
24.99129,55.62734,325.28,0.42,0.45,2026-09-06,2227,N20,nominal,2.0NRT,299.54,6.51,N
24.51021,54.01852,331.05,0.52,0.41,2026-09-06,2227,N20,nominal,2.0NRT,300.96,2.48,N
24.00332,55.44015,315.27,0.42,0.45,2026-09-06,2227,N20,nominal,2.0NRT,300.36,1.88,N
24.21221,54.14327,320.39,0.53,0.42,2026-09-06,2227,N20,nominal,2.0NRT,299.55,1.69,N
24.21,54.14179,316.91,0.53,0.42,2026-09-06,2227,N20,nominal,2.0NRT,299.42,1.6,N
23.36674,56.28325,309.57,0.49,0.48,2026-09-06,2227,N20,nominal,2.0NRT,298.56,1.42,N
23.19224,55.4638,311.78,0.44,0.46,2026-09-06,2227,N20,nominal,2.0NRT,299.37,3.74,N
23.18891,55.45865,322.6,0.44,0.46,2026-09-06,2227,N20,nominal,2.0NRT,299.92,4.59,N
23.18976,55.45448,310.3,0.44,0.46,2026-09-06,2227,N20,nominal,2.0NRT,298.94,3.86,N
23.19317,55.4562,325.87,0.44,0.46,2026-09-06,2227,N20,nominal,2.0NRT,299.49,4.69,N
23.19154,55.46457,310.15,0.44,0.46,2026-09-06,2227,N20,nominal,2.0NRT,299.35,5.63,N
23.3116,54.18012,310.81,0.55,0.43,2026-09-06,2227,N20,nominal,2.0NRT,299.03,1.35,N
22.87877,55.92543,324.82,0.47,0.48,2026-09-06,2227,N20,nominal,2.0NRT,297.51,2.87,N
22.87784,55.92994,309.58,0.47,0.48,2026-09-06,2227,N20,nominal,2.0NRT,297.01,2.87,N
22.88167,55.9277,316.44,0.47,0.48,2026-09-06,2227,N20,nominal,2.0NRT,297.26,4.52,N
22.67102,56.25074,312.73,0.5,0.49,2026-09-06,2227,N20,nominal,2.0NRT,296.72,2.24,N
22.40553,56.98715,321.78,0.56,0.52,2026-09-06,2227,N20,nominal,2.0NRT,294.98,3.15,N
22.32748,56.49095,339.03,0.52,0.5,2026-09-06,2227,N20,nominal,2.0NRT,296.11,5.24,N
22.32737,56.48824,337.14,0.52,0.5,2026-09-06,2227,N20,nominal,2.0NRT,295.82,4.57,N
22.60727,54.06993,310.6,0.56,0.43,2026-09-06,2227,N20,nominal,2.0NRT,299.75,3.18,N
21.93984,57.07368,323.33,0.58,0.52,2026-09-06,2227,N20,nominal,2.0NRT,294.6,3.21,N
21.89283,56.84496,312.91,0.56,0.52,2026-09-06,2227,N20,nominal,2.0NRT,295,1.53,N
21.83441,56.68204,314.23,0.55,0.51,2026-09-06,2227,N20,nominal,2.0NRT,295.13,1.94,N
21.83661,56.68003,315.89,0.55,0.51,2026-09-06,2227,N20,nominal,2.0NRT,295.04,1.98,N
21.33411,57.72156,309.86,0.33,0.55,2026-09-06,2227,N20,nominal,2.0NRT,293.89,0.64,N
21.31316,57.74582,328.83,0.33,0.55,2026-09-06,2227,N20,nominal,2.0NRT,295.03,1.92,N
21.3185,57.7211,316.27,0.33,0.55,2026-09-06,2227,N20,nominal,2.0NRT,294.53,0.77,N
21.31383,57.74271,320,0.33,0.55,2026-09-06,2227,N20,nominal,2.0NRT,294.55,2.01,N
21.30233,57.79579,307.62,0.33,0.55,2026-09-06,2227,N20,nominal,2.0NRT,294.31,0.63,N
21.30166,57.79892,310.71,0.33,0.55,2026-09-06,2227,N20,nominal,2.0NRT,294.73,0.63,N
21.30625,57.70517,318.98,0.33,0.55,2026-09-06,2227,N20,nominal,2.0NRT,294.36,1.13,N
21.30632,57.70771,305.37,0.33,0.55,2026-09-06,2227,N20,nominal,2.0NRT,294.46,0.93,N
21.29663,57.67929,315.31,0.33,0.55,2026-09-06,2227,N20,nominal,2.0NRT,294.36,0.74,N
20.37159,55.93338,330.22,0.53,0.5,2026-09-06,2229,N20,nominal,2.0NRT,295.84,3.56,N
20.38782,55.66091,329.52,0.51,0.49,2026-09-06,2229,N20,nominal,2.0NRT,295.92,3.54,N
20.38619,55.64569,317.62,0.51,0.49,2026-09-06,2229,N20,nominal,2.0NRT,295.8,1.19,N
20.22481,55.74179,332.06,0.52,0.5,2026-09-06,2229,N20,nominal,2.0NRT,296.78,3.94,N
20.21271,55.70877,308.18,0.51,0.5,2026-09-06,2229,N20,nominal,2.0NRT,294.84,1.06,N
20.21173,55.71364,307.38,0.51,0.5,2026-09-06,2229,N20,nominal,2.0NRT,295.14,1.2,N
19.34924,56.45813,306.76,0.6,0.53,2026-09-06,2229,N20,nominal,2.0NRT,293.69,0.6,N
18.32205,55.10752,331.52,0.51,0.49,2026-09-06,2229,N20,nominal,2.0NRT,295.02,2.93,N
18.32296,55.10277,307.3,0.51,0.49,2026-09-06,2229,N20,nominal,2.0NRT,293.96,2.03,N
22.17217,99.19225,326.09,0.38,0.43,2026-09-07,0618,N20,nominal,2.0NRT,295.8,2.39,D
23.10064,101.7437,329.45,0.42,0.38,2026-09-07,0618,N20,nominal,2.0NRT,293.32,1.88,D
23.53551,99.40033,325.78,0.53,0.42,2026-09-07,0620,N20,low,2.0NRT,297.79,3.1,D
23.25359,97.80548,325.56,0.44,0.46,2026-09-07,0620,N20,low,2.0NRT,299.19,3.56,D
23.25274,97.80108,326.33,0.44,0.46,2026-09-07,0620,N20,low,2.0NRT,299.75,3.56,D
23.43533,98.733,340.72,0.39,0.44,2026-09-07,0620,N20,nominal,2.0NRT,295.07,5.32,D
24.2225,98.20184,337.5,0.4,0.45,2026-09-07,0620,N20,nominal,2.0NRT,297.06,3.28,D
24.23529,97.23015,338.31,0.46,0.47,2026-09-07,0620,N20,nominal,2.0NRT,293,2.71,D
25.37957,100.51462,327.75,0.45,0.39,2026-09-07,0620,N20,low,2.0NRT,301.87,4.1,D
25.57311,101.22971,329.3,0.42,0.38,2026-09-07,0620,N20,low,2.0NRT,300.91,1.62,D
25.41581,100.22406,325.7,0.46,0.39,2026-09-07,0620,N20,low,2.0NRT,299.36,3.1,D
26.02496,101.72231,339.44,0.4,0.37,2026-09-07,0620,N20,nominal,2.0NRT,307.92,8.33,D
26.02431,101.71832,333.63,0.4,0.37,2026-09-07,0620,N20,nominal,2.0NRT,304.98,5,D
26.11386,99.94964,328.26,0.46,0.39,2026-09-07,0620,N20,low,2.0NRT,302.27,4.13,D
26.52543,101.70016,332.66,0.4,0.37,2026-09-07,0620,N20,low,2.0NRT,305.99,7.6,D
26.62114,101.59893,329.62,0.4,0.37,2026-09-07,0620,N20,nominal,2.0NRT,299.58,10.28,D
27.8688,96.92564,333.24,0.41,0.45,2026-09-07,0620,N20,nominal,2.0NRT,291.64,4.24,D
28.50017,97.02524,329.42,0.4,0.44,2026-09-07,0620,N20,nominal,2.0NRT,295.01,3.15,D
28.57545,96.95508,326.49,0.4,0.44,2026-09-07,0620,N20,nominal,2.0NRT,294.32,3.48,D
6.78229,101.36192,333.05,0.51,0.49,2026-09-07,0614,N20,nominal,2.0NRT,277.57,3.67,D
7.59868,99.39725,337.1,0.33,0.56,2026-09-07,0614,N20,nominal,2.0NRT,282.03,2.77,D
7.5974,99.39661,330.68,0.33,0.56,2026-09-07,0614,N20,nominal,2.0NRT,282.13,2.66,D
13.34166,99.40526,342.7,0.53,0.5,2026-09-07,0616,N20,nominal,2.0NRT,288.73,9.39,D
15.21069,100.27454,340.44,0.43,0.46,2026-09-07,0616,N20,nominal,2.0NRT,285.06,5.21,D
15.84107,99.61911,330.12,0.46,0.47,2026-09-07,0616,N20,nominal,2.0NRT,289.44,2.29,D
16.03392,100.19688,330.65,0.42,0.45,2026-09-07,0616,N20,nominal,2.0NRT,289.23,2.71,D
16.07176,99.99715,330.89,0.43,0.46,2026-09-07,0616,N20,nominal,2.0NRT,289.98,3.91,D
16.11913,99.99621,340.55,0.43,0.46,2026-09-07,0616,N20,nominal,2.0NRT,288.64,4.59,D
16.13331,99.93121,330.83,0.44,0.46,2026-09-07,0616,N20,nominal,2.0NRT,288.38,3.34,D
16.12876,99.62232,330.81,0.46,0.47,2026-09-07,0616,N20,nominal,2.0NRT,289.53,1.64,D
16.11537,99.55052,332.24,0.46,0.47,2026-09-07,0616,N20,nominal,2.0NRT,290.23,1.98,D
16.3156,99.99635,329.78,0.43,0.46,2026-09-07,0616,N20,nominal,2.0NRT,287.8,2.25,D
16.2778,99.79125,329.21,0.44,0.46,2026-09-07,0616,N20,nominal,2.0NRT,288.45,2.87,D
16.85573,99.92136,333.07,0.43,0.46,2026-09-07,0618,N20,nominal,2.0NRT,293,4.24,D
16.83724,99.11435,328.62,0.48,0.48,2026-09-07,0618,N20,nominal,2.0NRT,288.73,5.82,D
17.00907,100.02458,335.81,0.42,0.45,2026-09-07,0618,N20,nominal,2.0NRT,290.44,3.52,D
17.13582,100.0985,334.02,0.41,0.45,2026-09-07,0618,N20,nominal,2.0NRT,292.24,1.77,D
6.36661,80.79317,337.76,0.42,0.37,2026-09-07,0756,N20,nominal,2.0NRT,295.96,4.59,D
6.37002,80.79258,335.82,0.42,0.37,2026-09-07,0756,N20,nominal,2.0NRT,293.77,4.59,D
6.80827,81.52845,341.3,0.39,0.37,2026-09-07,0756,N20,low,2.0NRT,307.23,9.72,D
6.77661,81.21552,355.42,0.4,0.37,2026-09-07,0756,N20,nominal,2.0NRT,306.49,13.44,D
6.77997,81.215,348.03,0.4,0.37,2026-09-07,0756,N20,nominal,2.0NRT,303.13,13.09,D
6.77829,81.20419,333.88,0.4,0.37,2026-09-07,0756,N20,nominal,2.0NRT,298.92,3.09,D
6.88153,81.58227,338.92,0.39,0.36,2026-09-07,0756,N20,low,2.0NRT,304.92,7.27,D
6.88173,81.5171,339.83,0.39,0.37,2026-09-07,0756,N20,low,2.0NRT,303.48,6.45,D
7.29526,81.84274,336.14,0.39,0.36,2026-09-07,0756,N20,nominal,2.0NRT,302.52,2.42,D
7.29279,81.76085,339.19,0.39,0.36,2026-09-07,0756,N20,low,2.0NRT,308.63,7.42,D
7.27614,81.58742,339.57,0.39,0.36,2026-09-07,0756,N20,low,2.0NRT,306.44,6.87,D
7.31833,81.72821,340.1,0.39,0.36,2026-09-07,0756,N20,low,2.0NRT,308.49,6.66,D
7.29508,81.55561,341.95,0.39,0.36,2026-09-07,0756,N20,nominal,2.0NRT,305.73,5.04,D
7.38413,81.82478,333.68,0.39,0.36,2026-09-07,0756,N20,nominal,2.0NRT,301.86,2.24,D
7.24286,80.85553,333.73,0.41,0.37,2026-09-07,0756,N20,nominal,2.0NRT,300.23,3.17,D
7.46433,81.61852,352.47,0.39,0.36,2026-09-07,0756,N20,nominal,2.0NRT,306.57,10.07,D
7.37748,80.88722,346.82,0.41,0.37,2026-09-07,0756,N20,nominal,2.0NRT,303.21,16.93,D
7.42242,80.93114,336.89,0.4,0.37,2026-09-07,0756,N20,nominal,2.0NRT,299.85,9.75,D
7.3755,79.91693,337.52,0.44,0.38,2026-09-07,0756,N20,nominal,2.0NRT,299.23,6.32,D
7.59198,81.04412,333.28,0.4,0.37,2026-09-07,0756,N20,low,2.0NRT,303.4,8.02,D
7.6807,80.8518,330.32,0.4,0.37,2026-09-07,0756,N20,low,2.0NRT,301.46,6.5,D
7.90697,81.18501,335.36,0.4,0.37,2026-09-07,0756,N20,nominal,2.0NRT,297.72,4.24,D
7.93657,81.18358,333.58,0.4,0.37,2026-09-07,0756,N20,nominal,2.0NRT,299.29,3.09,D
7.93936,81.1795,332.2,0.4,0.37,2026-09-07,0756,N20,nominal,2.0NRT,298.86,3.37,D
7.90105,80.1841,340.49,0.42,0.38,2026-09-07,0756,N20,nominal,2.0NRT,300.61,5.67,D
7.94653,80.44749,330.64,0.41,0.37,2026-09-07,0756,N20,low,2.0NRT,302.84,3.71,D
7.94594,80.44376,343.27,0.41,0.37,2026-09-07,0756,N20,nominal,2.0NRT,302.74,3.71,D
7.93089,80.32699,334.53,0.42,0.38,2026-09-07,0756,N20,nominal,2.0NRT,298.48,2.97,D
8.0247,80.49986,343.15,0.41,0.37,2026-09-07,0756,N20,nominal,2.0NRT,303.32,6.65,D
7.97786,80.1327,334.55,0.43,0.38,2026-09-07,0756,N20,nominal,2.0NRT,297.22,2.59,D
8.01622,80.35577,339.59,0.42,0.37,2026-09-07,0756,N20,low,2.0NRT,304.17,8.81,D
8.0704,80.60928,337.22,0.41,0.37,2026-09-07,0756,N20,low,2.0NRT,299.75,5.51,D
8.04061,80.28951,331.77,0.42,0.38,2026-09-07,0756,N20,low,2.0NRT,299.75,4.29,D
8.05834,80.37908,340.94,0.42,0.37,2026-09-07,0756,N20,low,2.0NRT,295.86,5.4,D
8.21503,81.02512,337.77,0.4,0.37,2026-09-07,0756,N20,low,2.0NRT,296.93,6.29,D
8.12862,80.29116,340.82,0.42,0.38,2026-09-07,0756,N20,nominal,2.0NRT,299.65,4.02,D
8.1816,80.15854,330.46,0.42,0.38,2026-09-07,0756,N20,nominal,2.0NRT,296.23,2.28,D
8.181,80.15474,332.61,0.42,0.38,2026-09-07,0756,N20,nominal,2.0NRT,297.15,2.45,D
8.32512,81.01137,334.55,0.4,0.37,2026-09-07,0756,N20,low,2.0NRT,296.11,4.56,D
8.33349,80.27773,338.11,0.42,0.37,2026-09-07,0756,N20,low,2.0NRT,299.07,5.98,D
8.33692,80.27718,344.37,0.42,0.37,2026-09-07,0756,N20,nominal,2.0NRT,298.29,5.98,D
8.33696,80.27749,340.22,0.42,0.37,2026-09-07,0756,N20,nominal,2.0NRT,298.09,6.51,D
8.4376,80.6262,350.48,0.41,0.37,2026-09-07,0756,N20,nominal,2.0NRT,300.69,8,D
8.38549,80.2736,337.65,0.42,0.37,2026-09-07,0756,N20,nominal,2.0NRT,296.63,5.84,D
8.40553,80.17766,333.03,0.42,0.38,2026-09-07,0756,N20,low,2.0NRT,299.17,6.91,D
8.52708,80.4381,335.63,0.41,0.37,2026-09-07,0756,N20,low,2.0NRT,298.55,8.75,D
8.49773,80.1628,337.82,0.42,0.38,2026-09-07,0756,N20,nominal,2.0NRT,296.7,5.73,D
8.64462,80.44922,336.1,0.41,0.37,2026-09-07,0756,N20,low,2.0NRT,300.72,6.17,D
8.79838,80.56017,335.29,0.41,0.37,2026-09-07,0756,N20,nominal,2.0NRT,297.29,4.96,D
8.79781,80.55651,338.43,0.41,0.37,2026-09-07,0756,N20,nominal,2.0NRT,296.98,4.96,D
8.90334,80.86642,333.69,0.4,0.37,2026-09-07,0756,N20,low,2.0NRT,296.81,8.54,D
8.94466,80.88927,336.7,0.4,0.37,2026-09-07,0756,N20,low,2.0NRT,297.69,9.22,D
9.40744,80.41663,338.39,0.41,0.37,2026-09-07,0756,N20,low,2.0NRT,301.2,4.96,D
9.41803,80.37354,336.42,0.41,0.37,2026-09-07,0756,N20,low,2.0NRT,301.75,4.36,D
9.45828,80.49841,340.29,0.4,0.37,2026-09-07,0756,N20,low,2.0NRT,302.49,3.76,D
9.45994,80.49815,339.69,0.4,0.37,2026-09-07,0756,N20,low,2.0NRT,301.76,5.53,D
9.31087,78.70359,337.45,0.48,0.4,2026-09-07,0756,N20,low,2.0NRT,297.83,5.85,D
9.17588,77.52955,333.67,0.55,0.43,2026-09-07,0756,N20,nominal,2.0NRT,299.97,8.74,D
9.8492,79.02195,337.74,0.45,0.39,2026-09-07,0756,N20,nominal,2.0NRT,299.89,6.43,D
9.85275,79.02138,332.75,0.45,0.39,2026-09-07,0756,N20,low,2.0NRT,300.37,6.25,D
9.63529,77.60835,342.81,0.54,0.42,2026-09-07,0756,N20,nominal,2.0NRT,302.94,8.02,D
9.8457,78.13853,334.93,0.5,0.41,2026-09-07,0756,N20,nominal,2.0NRT,300.66,2.71,D
10.22468,77.77197,334.69,0.52,0.41,2026-09-07,0756,N20,low,2.0NRT,306.1,8.85,D
11.83675,79.64706,330.56,0.41,0.37,2026-09-07,0758,N20,low,2.0NRT,303.37,2.82,D
12.96295,76.32122,331.95,0.38,0.43,2026-09-07,0758,N20,nominal,2.0NRT,297.55,2.32,D
13.38845,78.06381,332.82,0.46,0.39,2026-09-07,0758,N20,low,2.0NRT,306.44,1.99,D
13.54776,78.48175,334.21,0.44,0.38,2026-09-07,0758,N20,low,2.0NRT,304.84,3.39,D
14.04605,80.13187,341.07,0.39,0.36,2026-09-07,0758,N20,nominal,2.0NRT,305.84,6.63,D
13.73131,77.50441,334.5,0.48,0.4,2026-09-07,0758,N20,low,2.0NRT,306.13,7.2,D
13.62806,76.70334,339.65,0.53,0.42,2026-09-07,0758,N20,nominal,2.0NRT,298.98,2.49,D
14.41096,80.11783,335.9,0.39,0.36,2026-09-07,0758,N20,low,2.0NRT,306.11,4.35,D
13.86799,75.6541,342.27,0.41,0.45,2026-09-07,0758,N20,nominal,2.0NRT,299.36,5.94,D
14.77634,79.65341,335.97,0.39,0.37,2026-09-07,0758,N20,low,2.0NRT,304.72,5.99,D
15.0153,79.70184,335.52,0.39,0.36,2026-09-07,0758,N20,low,2.0NRT,301.28,5.42,D
15.34806,79.41764,336.9,0.4,0.37,2026-09-07,0758,N20,low,2.0NRT,304.73,3.98,D
15.18157,76.66959,336.02,0.51,0.41,2026-09-07,0758,N20,low,2.0NRT,301.93,6.93,D
15.52241,78.59602,330.49,0.42,0.37,2026-09-07,0758,N20,nominal,2.0NRT,298.13,4.41,D
16.2048,79.93924,331.35,0.39,0.36,2026-09-07,0758,N20,nominal,2.0NRT,299.62,0.85,D
16.71002,80.86552,333,0.39,0.36,2026-09-07,0758,N20,nominal,2.0NRT,298.99,2.81,D
16.70949,80.86193,331.56,0.39,0.36,2026-09-07,0758,N20,nominal,2.0NRT,300.65,3.2,D
16.87751,80.85262,337.08,0.39,0.36,2026-09-07,0758,N20,nominal,2.0NRT,301.12,2.2,D
17.60768,83.20284,331.05,0.45,0.39,2026-09-07,0758,N20,nominal,2.0NRT,300.57,5.01,D
17.60594,83.19016,336.4,0.45,0.39,2026-09-07,0758,N20,nominal,2.0NRT,299.77,4.36,D
17.91346,83.45412,331.62,0.47,0.39,2026-09-07,0758,N20,nominal,2.0NRT,299.02,2.62,D
17.648,80.69142,333.24,0.39,0.36,2026-09-07,0758,N20,low,2.0NRT,303.36,4.59,D
17.64549,77.66038,333.52,0.43,0.38,2026-09-07,0758,N20,nominal,2.0NRT,294.47,7.32,D
19.0995,82.16937,334.66,0.42,0.38,2026-09-07,0758,N20,nominal,2.0NRT,299.24,4.49,D
19.10239,82.16484,332.4,0.42,0.38,2026-09-07,0758,N20,nominal,2.0NRT,299.62,4.49,D
18.71933,79.53963,330.8,0.38,0.36,2026-09-07,0758,N20,low,2.0NRT,303.51,4.81,D
18.66639,79.11244,336.2,0.39,0.36,2026-09-07,0758,N20,nominal,2.0NRT,297.08,2.92,D
20.78684,85.25983,333.27,0.42,0.45,2026-09-07,0801,N20,nominal,2.0NRT,297.54,7.8,D
20.79469,85.25458,344.67,0.42,0.45,2026-09-07,0801,N20,nominal,2.0NRT,297.22,7.05,D
20.95021,86.05007,340.86,0.47,0.48,2026-09-07,0801,N20,nominal,2.0NRT,296.12,7.31,D
20.95033,86.05112,332.77,0.47,0.48,2026-09-07,0801,N20,nominal,2.0NRT,296.42,7.12,D
20.94981,86.04648,331.13,0.47,0.48,2026-09-07,0801,N20,nominal,2.0NRT,296.62,5.24,D
20.9633,86.00773,348.77,0.47,0.48,2026-09-07,0801,N20,nominal,2.0NRT,296.04,12.26,D
20.96821,86.01177,341.58,0.47,0.48,2026-09-07,0801,N20,nominal,2.0NRT,296.75,12.09,D
20.86253,84.9941,333.85,0.41,0.45,2026-09-07,0801,N20,nominal,2.0NRT,296.09,4.78,D
20.86206,84.99013,340.33,0.41,0.45,2026-09-07,0801,N20,nominal,2.0NRT,295.76,4.78,D
20.87122,84.99692,341.45,0.41,0.45,2026-09-07,0801,N20,nominal,2.0NRT,295.73,4.38,D
20.88621,84.98294,337.22,0.41,0.45,2026-09-07,0801,N20,nominal,2.0NRT,296.21,4.17,D
20.96817,85.15446,341.46,0.42,0.45,2026-09-07,0801,N20,nominal,2.0NRT,293.35,2.84,D
19.84601,75.83554,334.34,0.49,0.4,2026-09-07,0801,N20,low,2.0NRT,303.92,7.27,D
21.74162,83.84051,331.78,0.54,0.42,2026-09-07,0801,N20,nominal,2.0NRT,298.09,5.62,D
21.74616,83.84521,338.03,0.54,0.42,2026-09-07,0801,N20,nominal,2.0NRT,298.98,12.97,D
21.7539,83.84416,340.58,0.54,0.42,2026-09-07,0801,N20,nominal,2.0NRT,298.58,9.39,D
21.76231,83.8483,334.62,0.54,0.42,2026-09-07,0801,N20,nominal,2.0NRT,297.63,5.14,D
21.75552,83.84646,333.55,0.54,0.42,2026-09-07,0801,N20,nominal,2.0NRT,297.77,5.67,D
21.80068,83.89312,336.54,0.54,0.42,2026-09-07,0801,N20,nominal,2.0NRT,297.41,6.46,D
22.35682,82.30369,342.43,0.46,0.39,2026-09-07,0758,N20,nominal,2.0NRT,299.76,6.37,D
22.3604,82.30314,331.8,0.46,0.39,2026-09-07,0758,N20,nominal,2.0NRT,297.96,6.37,D
27.91547,67.57617,333.22,0.35,0.57,2026-09-07,0801,N20,nominal,2.0NRT,302.36,2.05,D
28.35803,67.92278,331.87,0.33,0.55,2026-09-07,0801,N20,nominal,2.0NRT,301.65,2.37,D
28.46146,67.8708,348.47,0.33,0.55,2026-09-07,0801,N20,nominal,2.0NRT,303.88,2.57,D
28.46639,67.86936,336.35,0.33,0.55,2026-09-07,0801,N20,nominal,2.0NRT,303.19,2.57,D
28.4836,67.8989,333.13,0.33,0.55,2026-09-07,0801,N20,nominal,2.0NRT,302.88,1.1,D
28.48717,67.75492,342.39,0.33,0.55,2026-09-07,0801,N20,nominal,2.0NRT,303.34,2.92,D
29.29025,70.98552,331.43,0.41,0.45,2026-09-07,0801,N20,low,2.0NRT,306.31,5.03,D
31.93335,74.71996,332.96,0.4,0.37,2026-09-07,0801,N20,nominal,2.0NRT,300.15,3.03,D
32.65147,73.67501,331.37,0.42,0.38,2026-09-07,0801,N20,nominal,2.0NRT,303.96,2.23,D
35.71199,66.87357,352.74,0.51,0.5,2026-09-07,0803,N20,nominal,2.0NRT,304.78,18.5,D
37.48974,66.0332,340.66,0.52,0.5,2026-09-07,0803,N20,low,2.0NRT,311.84,3.29,D
37.48594,66.03259,342.65,0.52,0.5,2026-09-07,0803,N20,nominal,2.0NRT,312.29,3.48,D
37.49035,66.03099,339.02,0.52,0.5,2026-09-07,0803,N20,nominal,2.0NRT,311.47,3.48,D
38.05038,67.2664,349.18,0.43,0.46,2026-09-07,0803,N20,nominal,2.0NRT,321.06,20.34,D
37.02895,62.41886,342.15,0.41,0.61,2026-09-07,0803,N20,low,2.0NRT,317.06,9.99,D
37.03427,62.41665,342.84,0.41,0.61,2026-09-07,0803,N20,low,2.0NRT,315.97,8.6,D
37.11462,62.36304,343.42,0.41,0.61,2026-09-07,0803,N20,low,2.0NRT,316.11,5.47,D
37.12112,62.3652,342.3,0.41,0.61,2026-09-07,0803,N20,low,2.0NRT,317.23,11.95,D
37.11993,62.36076,347.69,0.41,0.61,2026-09-07,0803,N20,nominal,2.0NRT,317.31,5.47,D
37.12042,62.3632,367,0.41,0.61,2026-09-07,0803,N20,high,2.0NRT,318.1,12.13,D
37.43348,59.88015,334.15,0.55,0.68,2026-09-07,0805,N20,nominal,2.0NRT,308.33,2.84,D
37.43198,59.87888,333.76,0.55,0.68,2026-09-07,0805,N20,nominal,2.0NRT,308.51,3.41,D
37.94061,60.4083,339.29,0.5,0.66,2026-09-07,0805,N20,low,2.0NRT,311.29,4.06,D
39.1691,63.25547,332.19,0.33,0.55,2026-09-07,0805,N20,low,2.0NRT,307.1,1.42,D
24.50573,56.60833,345.98,0.47,0.39,2026-09-07,0941,N20,nominal,2.0NRT,308.56,16.99,D
25.30655,56.37473,333.82,0.46,0.39,2026-09-07,0941,N20,nominal,2.0NRT,302.93,2.64,D
27.1594,56.10445,335.85,0.47,0.4,2026-09-07,0941,N20,nominal,2.0NRT,305.56,8.19,D
27.15879,56.09971,339.25,0.47,0.4,2026-09-07,0941,N20,nominal,2.0NRT,305.57,8.19,D
27.16788,56.05479,347.16,0.47,0.4,2026-09-07,0941,N20,nominal,2.0NRT,306.75,10.47,D
34.50991,63.87305,333.32,0.53,0.67,2026-09-07,0943,N20,low,2.0NRT,307.16,4.96,D
37.11755,62.36647,353.46,0.45,0.63,2026-09-07,0945,N20,nominal,2.0NRT,317.71,10.3,D
37.11702,62.36569,367,0.45,0.63,2026-09-07,0945,N20,high,2.0NRT,318.66,17.37,D
37.13022,61.36437,356.03,0.39,0.6,2026-09-07,0945,N20,low,2.0NRT,307.77,9.41,D
37.13574,61.36395,367,0.39,0.6,2026-09-07,0945,N20,high,2.0NRT,305.86,9.41,D
36.85705,54.27446,330.98,0.5,0.41,2026-09-07,0945,N20,nominal,2.0NRT,300.68,2.9,D
36.94563,54.89082,333.15,0.53,0.42,2026-09-07,0945,N20,low,2.0NRT,303.18,6.06,D
36.94351,54.62909,333.93,0.52,0.41,2026-09-07,0945,N20,nominal,2.0NRT,302.8,4.65,D
36.9426,54.62713,331.88,0.52,0.41,2026-09-07,0945,N20,low,2.0NRT,302.36,3.48,D
36.99013,54.39776,337.89,0.5,0.41,2026-09-07,0945,N20,nominal,2.0NRT,305.47,2.73,D
38.64816,54.28484,339.42,0.52,0.41,2026-09-07,0945,N20,nominal,2.0NRT,308.7,5.96,D
38.67868,54.31607,338.72,0.52,0.42,2026-09-07,0945,N20,nominal,2.0NRT,307.35,2.5,D
18.32164,55.10532,349.45,0.39,0.36,2026-09-07,0941,N20,nominal,2.0NRT,314.59,9.56,D
18.55999,55.86964,335.9,0.4,0.37,2026-09-07,0941,N20,low,2.0NRT,309.38,2.06,D
19.26857,56.17419,341.52,0.41,0.37,2026-09-07,0941,N20,nominal,2.0NRT,311.49,4.17,D
20.21266,55.71081,342.16,0.4,0.37,2026-09-07,0941,N20,low,2.0NRT,315.51,1.83,D
20.22381,55.74023,342.29,0.4,0.37,2026-09-07,0941,N20,low,2.0NRT,315.53,1.08,D
20.37555,55.93658,340.53,0.41,0.37,2026-09-07,0941,N20,low,2.0NRT,311.8,0.83,D
20.38836,55.66319,344.51,0.4,0.37,2026-09-07,0941,N20,nominal,2.0NRT,314.25,3.19,D
20.38617,55.64796,341.74,0.4,0.37,2026-09-07,0941,N20,nominal,2.0NRT,310.24,0.97,D
21.3092,57.74673,341.94,0.49,0.4,2026-09-07,0941,N20,low,2.0NRT,314.07,4.43,D
21.33261,57.72421,341.47,0.49,0.4,2026-09-07,0941,N20,low,2.0NRT,314.5,1.63,D
21.46246,56.96808,344.29,0.45,0.39,2026-09-07,0941,N20,low,2.0NRT,316.14,1.23,D
21.83477,56.68261,342.56,0.44,0.39,2026-09-07,0943,N20,low,2.0NRT,316.68,2.39,D
21.93699,57.07568,341.26,0.46,0.39,2026-09-07,0943,N20,low,2.0NRT,314.18,4.12,D
22.32781,56.48865,341.1,0.44,0.38,2026-09-07,0943,N20,low,2.0NRT,312.94,1.78,D
22.40176,56.98811,340.13,0.46,0.39,2026-09-07,0943,N20,low,2.0NRT,311.53,3.98,D
22.34549,56.43392,341.61,0.44,0.38,2026-09-07,0943,N20,low,2.0NRT,311.7,1.21,D
22.44258,56.69946,348.63,0.45,0.39,2026-09-07,0943,N20,nominal,2.0NRT,313.58,15.21,D
22.67042,56.25192,342.91,0.43,0.38,2026-09-07,0943,N20,low,2.0NRT,313.98,0.33,D
22.8797,55.92745,345.68,0.42,0.38,2026-09-07,0943,N20,nominal,2.0NRT,315.07,17.51,D
