latitude,longitude,bright_ti4,scan,track,acq_date,acq_time,satellite,confidence,version,bright_ti5,frp,daynight
36.62579,101.62735,334.79,0.45,0.39,2026-08-31,0557,N21,nominal,2.0NRT,303.75,6.06,D
36.79141,101.74784,337.38,0.45,0.39,2026-08-31,0557,N21,nominal,2.0NRT,304.21,4.79,D
27.71302,68.48718,340.49,0.61,0.71,2026-08-31,0737,N21,nominal,2.0NRT,295.57,8.86,D
29.72424,72.49563,335.37,0.64,0.54,2026-08-31,0737,N21,nominal,2.0NRT,299.46,6.23,D
29.83538,72.73585,333.11,0.61,0.54,2026-08-31,0737,N21,nominal,2.0NRT,297.33,8.11,D
29.83337,72.73394,339.7,0.61,0.54,2026-08-31,0737,N21,nominal,2.0NRT,297.71,8.63,D
29.95839,69.32169,367,0.48,0.65,2026-08-31,0737,N21,high,2.0NRT,308.63,8.59,D
31.52207,72.39377,340.09,0.59,0.53,2026-08-31,0737,N21,nominal,2.0NRT,293.93,10.29,D
31.52356,72.39872,339.9,0.59,0.53,2026-08-31,0737,N21,nominal,2.0NRT,293.88,9.95,D
31.52217,72.39277,331.99,0.59,0.53,2026-08-31,0737,N21,nominal,2.0NRT,293.62,9.95,D
37.30502,78.87849,367,0.39,0.36,2026-08-31,0739,N21,high,2.0NRT,313.86,15.77,D
37.31399,78.84939,367,0.39,0.36,2026-08-31,0739,N21,high,2.0NRT,314.49,13.75,D
37.475,79.74489,347.69,0.38,0.36,2026-08-31,0739,N21,nominal,2.0NRT,318.62,5.17,D
37.47826,79.7441,350.47,0.38,0.36,2026-08-31,0739,N21,nominal,2.0NRT,319.25,5.66,D
38.04887,67.26337,367,0.39,0.59,2026-08-31,0739,N21,high,2.0NRT,321.7,15.59,D
38.62393,67.99313,336.14,0.35,0.56,2026-08-31,0739,N21,nominal,2.0NRT,301.61,4.66,D
37.11576,62.35703,333.03,0.75,0.77,2026-08-31,0739,N21,low,2.0NRT,303.06,7.13,D
37.11747,62.36304,341.9,0.75,0.77,2026-08-31,0739,N21,nominal,2.0NRT,304.38,14.03,D
6.35075,81.24818,338.17,0.48,0.48,2026-08-31,0731,N21,nominal,2.0NRT,296.71,4.27,D
6.79038,81.44179,330.68,0.46,0.47,2026-08-31,0731,N21,nominal,2.0NRT,299.56,7.17,D
6.8733,81.70708,330.31,0.44,0.46,2026-08-31,0731,N21,low,2.0NRT,303.47,10.63,D
6.95182,81.46968,330.87,0.45,0.47,2026-08-31,0731,N21,nominal,2.0NRT,296,5.39,D
7.0032,81.59778,342.17,0.44,0.46,2026-08-31,0731,N21,nominal,2.0NRT,301.84,5.88,D
7.30419,81.76376,338.81,0.43,0.46,2026-08-31,0731,N21,nominal,2.0NRT,292.25,5.01,D
7.30356,81.75993,334.68,0.43,0.46,2026-08-31,0731,N21,nominal,2.0NRT,292.16,7.86,D
7.31772,81.82027,341.27,0.43,0.46,2026-08-31,0731,N21,nominal,2.0NRT,295.39,6.74,D
7.31523,81.80508,334.99,0.43,0.46,2026-08-31,0731,N21,nominal,2.0NRT,293.53,1.71,D
7.30898,81.76691,333.98,0.43,0.46,2026-08-31,0731,N21,nominal,2.0NRT,293.11,5.01,D
7.31063,81.75089,338.84,0.43,0.46,2026-08-31,0731,N21,nominal,2.0NRT,293.64,4.25,D
7.32209,81.76869,345.08,0.43,0.46,2026-08-31,0731,N21,nominal,2.0NRT,291.69,3.61,D
7.32625,81.768,335.65,0.43,0.46,2026-08-31,0731,N21,nominal,2.0NRT,292.25,3.61,D
7.32394,81.76893,348.8,0.43,0.46,2026-08-31,0731,N21,nominal,2.0NRT,291.94,6.06,D
7.35151,81.83083,336.08,0.42,0.45,2026-08-31,0731,N21,nominal,2.0NRT,296.71,2.11,D
7.33342,81.46716,341.13,0.45,0.47,2026-08-31,0731,N21,nominal,2.0NRT,294.03,4.16,D
7.31087,81.17319,333.6,0.47,0.48,2026-08-31,0731,N21,nominal,2.0NRT,294.86,4.78,D
7.40394,81.54904,331.04,0.44,0.46,2026-08-31,0731,N21,nominal,2.0NRT,286.62,5.68,D
7.52587,81.71207,341.92,0.43,0.46,2026-08-31,0731,N21,nominal,2.0NRT,297.16,6.61,D
7.52748,81.71138,337.44,0.43,0.46,2026-08-31,0731,N21,nominal,2.0NRT,296.53,6.19,D
7.547,81.70036,333.38,0.43,0.46,2026-08-31,0731,N21,nominal,2.0NRT,300.34,4.33,D
7.55875,81.38422,336.8,0.45,0.47,2026-08-31,0731,N21,nominal,2.0NRT,302.12,1.62,D
7.55606,81.36801,343.87,0.45,0.47,2026-08-31,0731,N21,nominal,2.0NRT,306.26,14.39,D
7.60501,80.95575,333.1,0.48,0.48,2026-08-31,0731,N21,nominal,2.0NRT,300.9,4.35,D
7.59092,80.81683,333.92,0.49,0.49,2026-08-31,0731,N21,nominal,2.0NRT,299.43,4.87,D
7.92859,81.38584,335.13,0.44,0.46,2026-08-31,0731,N21,low,2.0NRT,306.34,5.31,D
7.93282,81.38515,344.45,0.44,0.46,2026-08-31,0731,N21,nominal,2.0NRT,305.81,7.9,D
7.92194,81.32151,336.96,0.45,0.47,2026-08-31,0731,N21,nominal,2.0NRT,303.16,5.58,D
7.92126,81.31751,342.39,0.45,0.47,2026-08-31,0731,N21,nominal,2.0NRT,303.84,5.58,D
7.93807,81.33938,344.22,0.45,0.47,2026-08-31,0731,N21,nominal,2.0NRT,305.26,5.81,D
7.74101,80.13753,332.72,0.54,0.51,2026-08-31,0731,N21,nominal,2.0NRT,292.16,6.94,D
7.96403,81.1816,332.63,0.46,0.47,2026-08-31,0731,N21,nominal,2.0NRT,301.39,3.56,D
7.88021,80.68107,333,0.5,0.49,2026-08-31,0731,N21,nominal,2.0NRT,298.09,4.43,D
7.89795,80.65073,335.5,0.5,0.49,2026-08-31,0731,N21,nominal,2.0NRT,298.14,4.96,D
7.8962,80.43355,333.28,0.51,0.5,2026-08-31,0731,N21,nominal,2.0NRT,300.09,5.51,D
7.93259,80.61817,331.47,0.5,0.49,2026-08-31,0731,N21,nominal,2.0NRT,301.38,6.62,D
8.01236,80.61018,341.33,0.5,0.49,2026-08-31,0731,N21,nominal,2.0NRT,301.3,13.74,D
8.01158,80.60573,340.29,0.5,0.49,2026-08-31,0731,N21,nominal,2.0NRT,300.89,15.07,D
7.96328,80.27494,341.46,0.53,0.5,2026-08-31,0731,N21,nominal,2.0NRT,298.51,16.31,D
7.96101,80.09879,345.81,0.54,0.51,2026-08-31,0731,N21,nominal,2.0NRT,299.64,11.14,D
8.06882,80.64643,342.31,0.49,0.49,2026-08-31,0731,N21,nominal,2.0NRT,302.74,13.02,D
8.06807,80.64201,339.43,0.5,0.49,2026-08-31,0731,N21,nominal,2.0NRT,300.4,11.09,D
8.03635,80.40153,339.91,0.51,0.5,2026-08-31,0731,N21,nominal,2.0NRT,299.38,4.72,D
8.03412,80.19515,342.01,0.53,0.5,2026-08-31,0731,N21,nominal,2.0NRT,299.78,17.47,D
8.03408,80.19231,340.68,0.53,0.5,2026-08-31,0731,N21,nominal,2.0NRT,299.7,16.12,D
8.12984,80.14678,330.18,0.53,0.5,2026-08-31,0731,N21,nominal,2.0NRT,299.5,3.91,D
8.13024,80.1483,330.09,0.53,0.5,2026-08-31,0731,N21,nominal,2.0NRT,299.51,4.73,D
8.33201,81.02064,332.14,0.46,0.47,2026-08-31,0731,N21,low,2.0NRT,302.86,3.77,D
8.33131,81.01652,339.23,0.46,0.47,2026-08-31,0731,N21,nominal,2.0NRT,303.18,3.77,D
8.3335,81.00343,332.98,0.46,0.47,2026-08-31,0731,N21,low,2.0NRT,305.09,4.98,D
8.25412,80.51249,336.71,0.5,0.49,2026-08-31,0731,N21,nominal,2.0NRT,301.62,9.33,D
8.36337,81.04925,347.43,0.46,0.47,2026-08-31,0731,N21,nominal,2.0NRT,306.18,8.81,D
8.22025,80.20634,331.08,0.53,0.5,2026-08-31,0731,N21,nominal,2.0NRT,298.58,2.74,D
8.34818,80.79399,332.25,0.48,0.48,2026-08-31,0731,N21,low,2.0NRT,303.26,3.89,D
8.37055,80.74158,340.3,0.48,0.48,2026-08-31,0731,N21,nominal,2.0NRT,304.11,5.15,D
8.39373,80.63971,330.31,0.49,0.49,2026-08-31,0731,N21,low,2.0NRT,302.1,3.32,D
8.43034,80.80201,340.11,0.48,0.48,2026-08-31,0731,N21,nominal,2.0NRT,301.18,5.39,D
8.42529,80.74567,342.4,0.48,0.48,2026-08-31,0731,N21,nominal,2.0NRT,305.1,8.2,D
8.42456,80.74141,330.3,0.48,0.48,2026-08-31,0731,N21,low,2.0NRT,304.08,8.2,D
8.33914,80.21149,342.98,0.52,0.5,2026-08-31,0731,N21,nominal,2.0NRT,303.33,11.28,D
8.34743,80.20525,342.35,0.52,0.5,2026-08-31,0731,N21,nominal,2.0NRT,304.4,17.86,D
8.4486,80.75056,331.12,0.48,0.48,2026-08-31,0731,N21,low,2.0NRT,303.96,4.98,D
8.51206,81.10396,334.39,0.45,0.47,2026-08-31,0731,N21,nominal,2.0NRT,303.24,6.7,D
8.39142,80.38304,341.08,0.51,0.49,2026-08-31,0731,N21,nominal,2.0NRT,300.9,10.55,D
8.47237,80.81231,330.71,0.48,0.48,2026-08-31,0731,N21,low,2.0NRT,301.98,1.78,D
8.51124,81.10506,336.3,0.45,0.47,2026-08-31,0731,N21,nominal,2.0NRT,303.89,6.16,D
8.52257,81.1198,335.23,0.45,0.47,2026-08-31,0731,N21,nominal,2.0NRT,303.94,4.33,D
8.39323,80.38007,340.17,0.51,0.49,2026-08-31,0731,N21,nominal,2.0NRT,299.37,4.19,D
8.47298,80.80927,330.07,0.47,0.48,2026-08-31,0731,N21,low,2.0NRT,302.47,4.01,D
8.47578,80.77385,336,0.48,0.48,2026-08-31,0731,N21,nominal,2.0NRT,304.26,6.39,D
8.49258,80.81905,351.33,0.47,0.48,2026-08-31,0731,N21,nominal,2.0NRT,299.65,9.75,D
8.49186,80.81484,341.26,0.47,0.48,2026-08-31,0731,N21,nominal,2.0NRT,302.72,8.86,D
8.47713,80.72977,330.72,0.48,0.48,2026-08-31,0731,N21,nominal,2.0NRT,299.61,6.58,D
8.49839,80.82677,336.61,0.47,0.48,2026-08-31,0731,N21,nominal,2.0NRT,302.93,6.85,D
8.49766,80.82256,330.62,0.47,0.48,2026-08-31,0731,N21,low,2.0NRT,302.04,7.47,D
8.38305,80.16289,343,0.53,0.5,2026-08-31,0731,N21,nominal,2.0NRT,304.62,14.97,D
8.38223,80.15819,339.04,0.53,0.5,2026-08-31,0731,N21,nominal,2.0NRT,303.09,14.97,D
8.41513,80.32014,334.19,0.51,0.5,2026-08-31,0731,N21,nominal,2.0NRT,303.8,7.71,D
8.38678,80.1574,341.99,0.53,0.5,2026-08-31,0731,N21,nominal,2.0NRT,303.55,14.97,D
8.38596,80.15272,340.08,0.53,0.5,2026-08-31,0731,N21,nominal,2.0NRT,301.55,8.28,D
8.51288,80.859,339.11,0.47,0.48,2026-08-31,0731,N21,nominal,2.0NRT,303.36,5.04,D
8.50709,80.82535,336.44,0.47,0.48,2026-08-31,0731,N21,nominal,2.0NRT,302.69,5.68,D
8.43551,80.33078,340.64,0.51,0.5,2026-08-31,0731,N21,nominal,2.0NRT,300.02,4.88,D
8.54822,80.88338,354.59,0.47,0.48,2026-08-31,0731,N21,nominal,2.0NRT,304.02,20.54,D
8.53608,80.81186,331.27,0.47,0.48,2026-08-31,0731,N21,low,2.0NRT,302.24,2.78,D
8.43957,80.19196,337.9,0.52,0.5,2026-08-31,0731,N21,nominal,2.0NRT,301.65,6.35,D
8.61808,81.14131,350.06,0.45,0.47,2026-08-31,0731,N21,nominal,2.0NRT,302.52,5.33,D
8.55718,80.77786,338.25,0.48,0.48,2026-08-31,0731,N21,nominal,2.0NRT,303.07,6.43,D
8.56803,80.78912,330.47,0.48,0.48,2026-08-31,0731,N21,low,2.0NRT,302.19,2.05,D
8.55086,80.68662,350.81,0.48,0.48,2026-08-31,0731,N21,nominal,2.0NRT,304.54,8.31,D
8.55154,80.68698,349.54,0.48,0.48,2026-08-31,0731,N21,nominal,2.0NRT,303.56,8.76,D
8.55804,80.67258,333.16,0.48,0.48,2026-08-31,0731,N21,low,2.0NRT,303.49,3.2,D
8.55408,80.62409,339.39,0.49,0.48,2026-08-31,0731,N21,nominal,2.0NRT,301.67,11.28,D
8.623,80.99452,332.24,0.46,0.47,2026-08-31,0731,N21,low,2.0NRT,303.12,2.32,D
8.5942,80.82852,340.94,0.47,0.48,2026-08-31,0731,N21,nominal,2.0NRT,305.89,10.15,D
8.59348,80.82437,340.4,0.47,0.48,2026-08-31,0731,N21,nominal,2.0NRT,303.75,8.66,D
8.55849,80.62339,349.02,0.49,0.48,2026-08-31,0731,N21,nominal,2.0NRT,307.73,11.28,D
8.65302,80.98958,341.78,0.46,0.47,2026-08-31,0731,N21,nominal,2.0NRT,303.82,4.38,D
8.62025,80.79829,335.26,0.47,0.48,2026-08-31,0731,N21,nominal,2.0NRT,301.4,10.61,D
8.66218,81.01741,333.19,0.46,0.47,2026-08-31,0731,N21,low,2.0NRT,306.17,4.02,D
8.60188,80.66514,330.13,0.48,0.48,2026-08-31,0731,N21,low,2.0NRT,303.7,5.77,D
8.60311,80.56652,334.39,0.49,0.49,2026-08-31,0731,N21,nominal,2.0NRT,300.61,5.92,D
8.68784,81.01306,333.47,0.46,0.47,2026-08-31,0731,N21,low,2.0NRT,308.4,4.86,D
8.59065,80.41304,345.04,0.5,0.49,2026-08-31,0731,N21,nominal,2.0NRT,302.86,7.92,D
8.6758,80.83646,334.68,0.47,0.48,2026-08-31,0731,N21,nominal,2.0NRT,304.62,3.21,D
8.68184,80.76595,333.3,0.47,0.48,2026-08-31,0731,N21,nominal,2.0NRT,300.93,2.39,D
8.68315,80.76617,339.75,0.47,0.48,2026-08-31,0731,N21,nominal,2.0NRT,301.2,2.19,D
8.62995,80.38409,332.97,0.5,0.49,2026-08-31,0731,N21,nominal,2.0NRT,301.43,8.8,D
8.73659,80.97143,331.55,0.46,0.47,2026-08-31,0731,N21,low,2.0NRT,305.12,5.75,D
8.70029,80.65791,338.88,0.48,0.48,2026-08-31,0731,N21,nominal,2.0NRT,302.49,7.16,D
8.19619,77.55958,330.48,0.4,0.6,2026-08-31,0731,N21,nominal,2.0NRT,293.99,3.4,D
8.68145,80.28164,333.86,0.51,0.49,2026-08-31,0731,N21,low,2.0NRT,304.54,6.77,D
8.71056,80.42584,333.21,0.5,0.49,2026-08-31,0731,N21,low,2.0NRT,305.36,9.1,D
8.86551,80.88265,341.98,0.46,0.47,2026-08-31,0731,N21,nominal,2.0NRT,305.47,11.19,D
8.8648,80.87851,330.48,0.46,0.47,2026-08-31,0731,N21,low,2.0NRT,301.83,11.19,D
8.80248,80.43476,338.61,0.5,0.49,2026-08-31,0731,N21,nominal,2.0NRT,303.56,5.73,D
8.85929,80.74162,335.47,0.47,0.48,2026-08-31,0731,N21,low,2.0NRT,309.55,76.14,D
8.91246,80.88351,330.63,0.46,0.47,2026-08-31,0731,N21,low,2.0NRT,302.96,1.73,D
8.85157,80.38142,342.74,0.5,0.49,2026-08-31,0731,N21,nominal,2.0NRT,306.84,8.64,D
8.88955,80.52087,335.88,0.49,0.48,2026-08-31,0731,N21,nominal,2.0NRT,305.24,4.36,D
8.90189,80.48717,340.04,0.49,0.49,2026-08-31,0731,N21,nominal,2.0NRT,303.36,5.56,D
8.97073,80.75806,331.68,0.47,0.48,2026-08-31,0731,N21,low,2.0NRT,305.78,6.77,D
8.91413,80.42585,349.56,0.5,0.49,2026-08-31,0731,N21,nominal,2.0NRT,304.37,18.71,D
8.91856,80.42508,342.21,0.5,0.49,2026-08-31,0731,N21,nominal,2.0NRT,303.72,7.11,D
9.04075,80.45049,340.34,0.49,0.49,2026-08-31,0731,N21,nominal,2.0NRT,302.43,8.69,D
9.02162,80.11128,332.81,0.52,0.5,2026-08-31,0731,N21,low,2.0NRT,306.54,8.25,D
9.10929,80.50784,335.01,0.49,0.48,2026-08-31,0731,N21,nominal,2.0NRT,306.82,6.19,D
9.1948,80.65673,342.05,0.47,0.48,2026-08-31,0731,N21,nominal,2.0NRT,304.02,5.81,D
9.22388,80.69515,338.34,0.47,0.48,2026-08-31,0731,N21,nominal,2.0NRT,308.05,7.24,D
9.18292,80.30522,346.26,0.5,0.49,2026-08-31,0731,N21,nominal,2.0NRT,307.74,7.77,D
9.18737,80.30444,340.18,0.5,0.49,2026-08-31,0731,N21,nominal,2.0NRT,306.14,3.69,D
8.73938,77.75655,342.22,0.38,0.59,2026-08-31,0731,N21,nominal,2.0NRT,300.04,3.62,D
9.26718,80.71373,335.31,0.47,0.48,2026-08-31,0731,N21,nominal,2.0NRT,304.53,5.89,D
9.2866,80.72333,339.12,0.47,0.48,2026-08-31,0731,N21,nominal,2.0NRT,303.66,6.22,D
9.30883,80.43028,340.98,0.49,0.48,2026-08-31,0731,N21,nominal,2.0NRT,301.88,5.16,D
9.41315,80.40452,331.74,0.49,0.48,2026-08-31,0731,N21,low,2.0NRT,304.03,4.13,D
9.41239,80.40015,342.7,0.49,0.48,2026-08-31,0731,N21,nominal,2.0NRT,305.44,8.5,D
9.41755,80.40376,334.45,0.49,0.48,2026-08-31,0731,N21,low,2.0NRT,305.1,4.13,D
9.42924,80.39275,344.1,0.49,0.48,2026-08-31,0731,N21,nominal,2.0NRT,305.97,10.52,D
9.4262,80.37522,332.58,0.49,0.49,2026-08-31,0731,N21,low,2.0NRT,305.5,4.35,D
9.4417,80.38611,333.88,0.49,0.48,2026-08-31,0731,N21,low,2.0NRT,305.23,3.15,D
9.44836,80.39847,332.98,0.49,0.48,2026-08-31,0731,N21,low,2.0NRT,305.51,3.02,D
9.45276,80.39771,342.11,0.49,0.48,2026-08-31,0731,N21,nominal,2.0NRT,305.09,3.02,D
8.93458,77.4248,331.74,0.4,0.6,2026-08-31,0731,N21,nominal,2.0NRT,296.67,2.81,D
8.95756,77.42812,343.07,0.4,0.6,2026-08-31,0731,N21,nominal,2.0NRT,299.6,7.03,D
8.95907,77.42636,336.72,0.4,0.6,2026-08-31,0731,N21,nominal,2.0NRT,299.34,6.43,D
9.22205,78.65817,333.87,0.32,0.55,2026-08-31,0731,N21,low,2.0NRT,305.2,1.05,D
9.20535,78.30312,332.69,0.34,0.56,2026-08-31,0731,N21,nominal,2.0NRT,302.34,1.84,D
9.52986,78.55909,344.82,0.32,0.55,2026-08-31,0731,N21,nominal,2.0NRT,295.68,10.57,D
9.41918,77.50965,335.16,0.38,0.59,2026-08-31,0731,N21,nominal,2.0NRT,299.91,2.45,D
9.71414,78.92452,340.23,0.61,0.53,2026-08-31,0731,N21,nominal,2.0NRT,296.96,2.93,D
9.7306,78.41191,337.64,0.33,0.55,2026-08-31,0731,N21,nominal,2.0NRT,294.09,2.59,D
9.76943,78.36863,332.83,0.33,0.55,2026-08-31,0731,N21,nominal,2.0NRT,289.29,3.13,D
9.6418,77.65417,330.61,0.37,0.58,2026-08-31,0731,N21,nominal,2.0NRT,299.92,2.09,D
9.65658,77.64974,339.31,0.37,0.58,2026-08-31,0731,N21,nominal,2.0NRT,304.18,7.4,D
9.65597,77.64645,331.61,0.37,0.58,2026-08-31,0731,N21,low,2.0NRT,303.13,4.33,D
9.8097,77.88875,340.38,0.36,0.57,2026-08-31,0731,N21,nominal,2.0NRT,307.56,4.27,D
10.04896,78.97438,339.72,0.59,0.53,2026-08-31,0731,N21,nominal,2.0NRT,301.32,8.45,D
11.39743,78.70004,354.25,0.59,0.53,2026-08-31,0731,N21,nominal,2.0NRT,286.76,14.75,D
12.1731,79.82799,339.93,0.48,0.48,2026-08-31,0731,N21,nominal,2.0NRT,294.09,8.65,D
12.58453,79.64104,332.82,0.49,0.48,2026-08-31,0731,N21,nominal,2.0NRT,297.71,1.87,D
12.70339,79.7732,340.67,0.47,0.48,2026-08-31,0731,N21,nominal,2.0NRT,298.26,6.14,D
13.29946,79.8628,341.58,0.46,0.47,2026-08-31,0733,N21,nominal,2.0NRT,299.8,2.73,D
13.3195,79.92703,339.93,0.45,0.47,2026-08-31,0733,N21,nominal,2.0NRT,295.66,5.81,D
13.31914,79.92836,337.11,0.45,0.47,2026-08-31,0733,N21,nominal,2.0NRT,295.25,7.56,D
13.41108,80.26926,332.33,0.43,0.46,2026-08-31,0733,N21,nominal,2.0NRT,296.76,1.98,D
12.81064,76.9621,329.86,0.36,0.58,2026-08-31,0733,N21,nominal,2.0NRT,275.93,5.58,D
13.38021,79.70301,333.34,0.47,0.47,2026-08-31,0733,N21,nominal,2.0NRT,298.87,4.52,D
13.46564,79.86813,341.58,0.45,0.47,2026-08-31,0733,N21,nominal,2.0NRT,297.63,10.54,D
13.82067,79.34486,341.88,0.48,0.48,2026-08-31,0733,N21,nominal,2.0NRT,281.74,8.45,D
13.81982,79.34018,332.98,0.48,0.48,2026-08-31,0733,N21,nominal,2.0NRT,281.5,8.45,D
22.79767,86.20526,330.49,0.43,0.38,2026-08-31,0735,N21,nominal,2.0NRT,284.14,4.82,D
25.30671,56.37373,335.05,0.4,0.37,2026-08-31,0917,N21,low,2.0NRT,308.31,5.48,D
27.71215,68.49017,367,0.44,0.63,2026-08-31,0917,N21,high,2.0NRT,302.57,8.24,D
27.71182,68.48566,336.18,0.44,0.63,2026-08-31,0917,N21,nominal,2.0NRT,301.11,8.24,D
28.18835,67.79112,341.14,0.41,0.6,2026-08-31,0917,N21,nominal,2.0NRT,304.16,3.05,D
27.15989,56.10014,347.29,0.39,0.36,2026-08-31,0917,N21,nominal,2.0NRT,316.36,20.18,D
29.98743,55.8544,346.53,0.39,0.36,2026-08-31,0920,N21,nominal,2.0NRT,315.12,6.77,D
37.03439,62.41856,342.24,0.49,0.48,2026-08-31,0920,N21,low,2.0NRT,313.98,16.13,D
37.0334,62.41651,342.33,0.49,0.48,2026-08-31,0920,N21,low,2.0NRT,314.9,16.43,D
37.11433,62.36713,348.93,0.48,0.48,2026-08-31,0920,N21,nominal,2.0NRT,323.37,25.03,D
37.11385,62.36169,345.24,0.48,0.48,2026-08-31,0920,N21,nominal,2.0NRT,314.4,25.03,D
37.11876,62.36653,343.24,0.48,0.48,2026-08-31,0920,N21,low,2.0NRT,315.7,25.03,D
37.10186,60.57857,340.61,0.39,0.44,2026-08-31,0920,N21,nominal,2.0NRT,309.96,3.55,D
37.48169,61.79168,340.39,0.45,0.47,2026-08-31,0920,N21,nominal,2.0NRT,311.68,2.73,D
37.61055,61.60607,338.52,0.45,0.47,2026-08-31,0922,N21,low,2.0NRT,311.77,3.72,D
36.9456,54.88836,343.88,0.38,0.36,2026-08-31,0922,N21,nominal,2.0NRT,304.47,4.85,D
37.29079,55.38529,340.9,0.39,0.36,2026-08-31,0922,N21,nominal,2.0NRT,308.01,8.81,D
37.28923,55.3274,332.09,0.39,0.36,2026-08-31,0922,N21,low,2.0NRT,305.91,2.17,D
37.82732,59.06958,334.9,0.51,0.41,2026-08-31,0922,N21,low,2.0NRT,308.79,6.71,D
37.38682,55.24876,335.11,0.39,0.36,2026-08-31,0922,N21,low,2.0NRT,307.22,1.64,D
39.48106,65.05426,331.49,0.36,0.57,2026-08-31,0922,N21,low,2.0NRT,305.45,2.14,D
38.68082,54.31379,338.55,0.38,0.36,2026-08-31,0922,N21,nominal,2.0NRT,303.29,2.52,D
39.27302,56.25076,344.15,0.41,0.37,2026-08-31,0922,N21,nominal,2.0NRT,307.58,8.93,D
39.27705,56.25479,335.23,0.41,0.37,2026-08-31,0922,N21,low,2.0NRT,306.72,8.93,D
39.27662,56.25204,344.22,0.42,0.37,2026-08-31,0922,N21,nominal,2.0NRT,306.2,4.18,D
39.31827,55.75347,339.88,0.4,0.37,2026-08-31,0922,N21,nominal,2.0NRT,310.85,12.21,D
39.32088,55.73613,346.18,0.4,0.37,2026-08-31,0922,N21,nominal,2.0NRT,306.81,5.28,D
39.32362,55.73073,337.65,0.4,0.37,2026-08-31,0922,N21,nominal,2.0NRT,307.34,5.65,D
22.05649,59.34969,340.69,0.39,0.36,2026-08-31,0915,N21,low,2.0NRT,314.9,5.51,D
24.50512,56.60691,348.52,0.4,0.37,2026-08-31,0917,N21,low,2.0NRT,316.09,20.63,D
25.87093,62.51902,341.38,0.55,0.42,2026-08-31,0917,N21,low,2.0NRT,311.4,12.92,D
8.85866,101.26748,300.77,0.57,0.43,2026-08-31,1826,N21,nominal,2.0NRT,270.03,0.76,N
7.24992,100.41132,312.33,0.41,0.45,2026-08-31,1826,N21,nominal,2.0NRT,289.94,2.13,N
7.24887,100.41868,308.05,0.41,0.45,2026-08-31,1826,N21,nominal,2.0NRT,290.43,1.6,N
7.21896,100.22725,304.29,0.42,0.45,2026-08-31,1826,N21,nominal,2.0NRT,281.79,0.62,N
39.40258,99.85577,367,0.51,0.66,2026-08-31,1817,N21,high,2.0NRT,293.12,14.26,N
39.40229,99.85733,352.79,0.51,0.66,2026-08-31,1817,N21,nominal,2.0NRT,291.08,12.07,N
39.40251,99.85125,313.39,0.51,0.66,2026-08-31,1817,N21,nominal,2.0NRT,289.76,9.33,N
36.58909,101.48635,306.64,0.4,0.6,2026-08-31,1817,N21,nominal,2.0NRT,283.34,1.54,N
36.58851,101.48812,296.69,0.4,0.6,2026-08-31,1817,N21,nominal,2.0NRT,283.4,1.8,N
36.56961,101.52766,298.96,0.39,0.6,2026-08-31,1817,N21,nominal,2.0NRT,282.5,1.51,N
36.43761,101.60366,295.08,0.39,0.59,2026-08-31,1817,N21,nominal,2.0NRT,280.38,0.95,N
26.62263,101.45623,295.25,0.63,0.54,2026-08-31,1821,N21,nominal,2.0NRT,276.8,0.93,N
26.62164,101.45522,295.3,0.63,0.54,2026-08-31,1821,N21,nominal,2.0NRT,280.19,2.1,N
26.57671,101.66453,333.05,0.61,0.53,2026-08-31,1821,N21,nominal,2.0NRT,291.09,9.97,N
26.56574,101.67582,307.14,0.61,0.53,2026-08-31,1821,N21,nominal,2.0NRT,292.58,4.38,N
22.63056,100.73275,301.77,0.63,0.54,2026-08-31,1821,N21,nominal,2.0NRT,286.47,1.36,N
13.8191,79.35138,304.87,0.43,0.38,2026-08-31,2006,N21,nominal,2.0NRT,292.17,2.95,N
13.82083,79.35246,308.89,0.43,0.38,2026-08-31,2006,N21,nominal,2.0NRT,292.28,2.29,N
13.7698,79.52962,315.63,0.42,0.38,2026-08-31,2006,N21,nominal,2.0NRT,293.75,3.59,N
13.39139,80.10024,308.06,0.4,0.37,2026-08-31,2006,N21,nominal,2.0NRT,289.62,1.4,N
13.62572,78.44389,308.4,0.47,0.4,2026-08-31,2006,N21,nominal,2.0NRT,289.97,0.99,N
13.39185,80.07369,307.57,0.41,0.37,2026-08-31,2006,N21,nominal,2.0NRT,292.82,1.15,N
13.62445,78.44543,303.26,0.47,0.4,2026-08-31,2006,N21,nominal,2.0NRT,290.03,1.39,N
13.04406,77.66707,304.66,0.51,0.41,2026-08-31,2006,N21,nominal,2.0NRT,288.69,0.53,N
12.80597,77.4342,303.35,0.52,0.42,2026-08-31,2006,N21,nominal,2.0NRT,281.03,1.99,N
12.17032,78.99065,297.43,0.43,0.38,2026-08-31,2008,N21,nominal,2.0NRT,286.67,1.61,N
11.81635,77.91774,305.18,0.48,0.4,2026-08-31,2008,N21,nominal,2.0NRT,293.35,1.96,N
11.26925,80.00533,313.95,0.4,0.37,2026-08-31,2008,N21,nominal,2.0NRT,284.5,1.18,N
11.0839,78.75246,309.64,0.43,0.38,2026-08-31,2008,N21,nominal,2.0NRT,293.1,1.03,N
11.08219,78.75288,315.78,0.43,0.38,2026-08-31,2008,N21,nominal,2.0NRT,292.3,1.2,N
10.26561,78.37807,308.2,0.44,0.38,2026-08-31,2008,N21,nominal,2.0NRT,294.61,1.49,N
10.41422,77.11642,320.12,0.51,0.41,2026-08-31,2008,N21,nominal,2.0NRT,290.43,2.48,N
9.06696,77.89515,314.44,0.45,0.39,2026-08-31,2008,N21,nominal,2.0NRT,295.57,0.92,N
8.86698,78.1198,308.69,0.44,0.38,2026-08-31,2008,N21,nominal,2.0NRT,296.2,0.48,N
8.46689,80.25317,306.42,0.39,0.36,2026-08-31,2008,N21,nominal,2.0NRT,294.25,0.63,N
8.7414,78.08978,308.15,0.44,0.38,2026-08-31,2008,N21,nominal,2.0NRT,295.37,0.94,N
8.74081,78.09372,309.71,0.44,0.38,2026-08-31,2008,N21,nominal,2.0NRT,295.3,0.88,N
8.17575,80.37391,309.36,0.38,0.36,2026-08-31,2008,N21,nominal,2.0NRT,291.5,1.19,N
8.09008,80.79288,322.73,0.38,0.36,2026-08-31,2008,N21,nominal,2.0NRT,294.61,2.2,N
8.11107,79.86932,310.67,0.39,0.36,2026-08-31,2008,N21,nominal,2.0NRT,292.79,1.7,N
7.98893,79.86812,306.27,0.39,0.36,2026-08-31,2008,N21,nominal,2.0NRT,293.48,1.45,N
7.70559,80.66081,321.06,0.38,0.36,2026-08-31,2008,N21,nominal,2.0NRT,293.6,2.22,N
7.3909,80.89053,330.59,0.39,0.36,2026-08-31,2008,N21,nominal,2.0NRT,293.88,8.82,N
7.26313,81.18134,312.14,0.39,0.36,2026-08-31,2008,N21,nominal,2.0NRT,294.4,3.05,N
6.96047,79.9621,304.49,0.38,0.36,2026-08-31,2008,N21,nominal,2.0NRT,292.95,2.41,N
6.95824,79.95467,307.98,0.38,0.36,2026-08-31,2008,N21,nominal,2.0NRT,292.43,1.48,N
37.3045,77.71889,296.82,0.33,0.55,2026-08-31,2000,N21,nominal,2.0NRT,282.11,0.51,N
37.30535,77.7195,299.82,0.33,0.55,2026-08-31,2000,N21,nominal,2.0NRT,282.12,0.52,N
29.78645,91.60583,303.29,0.39,0.44,2026-08-31,2002,N21,nominal,2.0NRT,283.13,1.02,N
24.76254,74.6077,300.58,0.37,0.58,2026-08-31,2004,N21,nominal,2.0NRT,276.94,0.93,N
21.10521,72.64474,328.52,0.45,0.63,2026-08-31,2004,N21,nominal,2.0NRT,285.25,6.75,N
19.93664,73.71329,302.54,0.37,0.58,2026-08-31,2004,N21,nominal,2.0NRT,286.53,1.72,N
18.79948,74.2539,305.94,0.33,0.55,2026-08-31,2006,N21,nominal,2.0NRT,288.24,1.46,N
18.6894,73.03887,302.48,0.4,0.6,2026-08-31,2006,N21,nominal,2.0NRT,289.75,0.61,N
18.68763,73.04997,301.29,0.4,0.6,2026-08-31,2006,N21,nominal,2.0NRT,289.04,1.39,N
18.68412,73.03058,318.49,0.4,0.6,2026-08-31,2006,N21,nominal,2.0NRT,289.99,2.81,N
17.13949,77.17442,301.3,0.41,0.45,2026-08-31,2006,N21,nominal,2.0NRT,280.77,0.6,N
17.06384,76.97977,302.15,0.42,0.45,2026-08-31,2006,N21,nominal,2.0NRT,278.25,0.78,N
17.06124,76.97998,300.95,0.42,0.45,2026-08-31,2006,N21,nominal,2.0NRT,277.75,0.42,N
39.86194,98.25172,308.22,0.54,0.51,2026-08-31,1957,N21,nominal,2.0NRT,291.08,2.93,N
39.84127,98.27617,309.07,0.54,0.51,2026-08-31,1957,N21,nominal,2.0NRT,288.97,2.48,N
39.86181,98.25266,313.58,0.54,0.51,2026-08-31,1957,N21,nominal,2.0NRT,292.21,1.82,N
39.84131,98.27718,300.61,0.54,0.51,2026-08-31,1957,N21,nominal,2.0NRT,288.22,1.14,N
39.40388,99.85352,341.59,0.33,0.55,2026-08-31,1957,N21,nominal,2.0NRT,292.5,8.33,N
39.40294,99.85716,350.97,0.33,0.56,2026-08-31,1957,N21,nominal,2.0NRT,290.6,8,N
36.58998,101.48476,301.05,0.48,0.65,2026-08-31,1957,N21,nominal,2.0NRT,281.61,1.72,N
36.4379,101.60268,301.33,0.5,0.65,2026-08-31,1957,N21,nominal,2.0NRT,280.8,1.33,N
35.99007,94.83196,297.61,0.44,0.46,2026-08-31,2000,N21,nominal,2.0NRT,280.19,1.4,N
35.36796,59.30377,311.55,0.42,0.38,2026-08-31,2142,N21,nominal,2.0NRT,289.81,0.97,N
32.88955,71.61756,314.72,0.34,0.56,2026-08-31,2142,N21,nominal,2.0NRT,291.26,2.28,N
32.2922,70.72919,305.84,0.62,0.54,2026-08-31,2142,N21,nominal,2.0NRT,291.98,2.52,N
33.75174,59.14524,319.54,0.42,0.37,2026-08-31,2142,N21,nominal,2.0NRT,290.22,2.17,N
33.62954,59.16907,302.66,0.42,0.37,2026-08-31,2142,N21,nominal,2.0NRT,291.75,1.12,N
30.18717,74.48603,305.14,0.57,0.69,2026-08-31,2142,N21,nominal,2.0NRT,289.73,1.24,N
33.27083,57.53969,302.35,0.47,0.4,2026-08-31,2142,N21,nominal,2.0NRT,291.85,0.62,N
33.042,56.84645,320.72,0.5,0.41,2026-08-31,2142,N21,nominal,2.0NRT,298.83,3.09,N
33.04137,56.85178,317.92,0.5,0.41,2026-08-31,2142,N21,nominal,2.0NRT,298.03,3.09,N
30.49198,67.17836,301.37,0.43,0.46,2026-08-31,2142,N21,nominal,2.0NRT,289.98,1.74,N
30.49111,67.18256,317.73,0.43,0.46,2026-08-31,2142,N21,nominal,2.0NRT,290.59,1.74,N
32.33403,54.08655,306.04,0.46,0.47,2026-08-31,2142,N21,nominal,2.0NRT,293.86,1.33,N
32.33624,54.0885,303.91,0.46,0.47,2026-08-31,2142,N21,nominal,2.0NRT,292.96,1.56,N
31.70268,55.44767,308.43,0.57,0.43,2026-08-31,2144,N21,nominal,2.0NRT,297.85,2.94,N
31.6237,54.72355,308.73,0.41,0.45,2026-08-31,2144,N21,nominal,2.0NRT,292.71,1.79,N
31.62102,54.72355,311.53,0.41,0.45,2026-08-31,2144,N21,nominal,2.0NRT,293.7,2.4,N
30.75341,56.65732,311.82,0.48,0.4,2026-08-31,2144,N21,nominal,2.0NRT,294.18,2.16,N
30.75443,56.65443,304.32,0.48,0.4,2026-08-31,2144,N21,nominal,2.0NRT,294.04,1.7,N
30.75378,56.6595,307.41,0.48,0.4,2026-08-31,2144,N21,nominal,2.0NRT,293.15,1.72,N
28.42339,69.7014,313.99,0.33,0.55,2026-08-31,2144,N21,nominal,2.0NRT,296.94,1.34,N
30.66515,56.61928,309.42,0.48,0.4,2026-08-31,2144,N21,nominal,2.0NRT,289.71,1.1,N
30.73316,55.387,301.81,0.56,0.43,2026-08-31,2144,N21,nominal,2.0NRT,291.52,0.93,N
30.3692,56.12785,305.54,0.51,0.41,2026-08-31,2144,N21,nominal,2.0NRT,291.13,1.37,N
30.32272,56.22713,302.62,0.5,0.41,2026-08-31,2144,N21,nominal,2.0NRT,290.36,1.1,N
30.23392,56.9101,324.34,0.47,0.39,2026-08-31,2144,N21,nominal,2.0NRT,293.33,3.65,N
30.32238,55.9751,312.08,0.52,0.41,2026-08-31,2144,N21,nominal,2.0NRT,291.72,1.62,N
29.47516,60.80801,308.64,0.39,0.36,2026-08-31,2144,N21,nominal,2.0NRT,294.51,1.22,N
29.92796,56.73544,315.3,0.47,0.4,2026-08-31,2144,N21,nominal,2.0NRT,290.19,2.09,N
30.082,55.39827,306.09,0.55,0.43,2026-08-31,2144,N21,nominal,2.0NRT,292.61,1.81,N
29.99018,55.85291,338.66,0.52,0.41,2026-08-31,2144,N21,nominal,2.0NRT,290.29,7.93,N
29.99058,55.85131,334.42,0.52,0.41,2026-08-31,2144,N21,nominal,2.0NRT,288,3.97,N
29.98995,55.85642,302.81,0.52,0.41,2026-08-31,2144,N21,nominal,2.0NRT,287.14,3.97,N
29.51176,55.79657,303.21,0.52,0.41,2026-08-31,2144,N21,nominal,2.0NRT,291.18,0.9,N
29.15174,55.36456,309.33,0.54,0.42,2026-08-31,2144,N21,nominal,2.0NRT,294.26,1.53,N
29.13437,55.3787,303.97,0.54,0.42,2026-08-31,2144,N21,nominal,2.0NRT,293.81,1.5,N
25.85953,68.9313,304.91,0.34,0.56,2026-08-31,2144,N21,nominal,2.0NRT,294.57,0.51,N
25.76952,68.55756,305.44,0.32,0.55,2026-08-31,2144,N21,nominal,2.0NRT,295.02,0.55,N
27.40647,59.87672,310.63,0.38,0.36,2026-08-31,2144,N21,nominal,2.0NRT,296.56,0.79,N
27.22723,60.48951,319.97,0.39,0.36,2026-08-31,2144,N21,nominal,2.0NRT,300.42,2.7,N
27.4228,56.50357,316.82,0.45,0.39,2026-08-31,2144,N21,nominal,2.0NRT,301.14,2.38,N
27.42071,56.5,322.18,0.45,0.39,2026-08-31,2144,N21,nominal,2.0NRT,301.55,2.42,N
27.30188,56.3041,320.73,0.46,0.39,2026-08-31,2144,N21,nominal,2.0NRT,301.76,2.25,N
39.85423,66.1992,302.68,0.42,0.38,2026-08-31,2140,N21,nominal,2.0NRT,291.39,1.02,N
39.17669,68.61008,295.22,0.52,0.42,2026-08-31,2140,N21,nominal,2.0NRT,283.93,1.32,N
39.20108,66.83621,306.09,0.44,0.39,2026-08-31,2140,N21,nominal,2.0NRT,293.92,0.91,N
39.97635,61.68142,298.78,0.4,0.37,2026-08-31,2140,N21,nominal,2.0NRT,288.4,0.27,N
39.26308,65.20273,304.85,0.4,0.37,2026-08-31,2140,N21,nominal,2.0NRT,290.87,1.23,N
39.25976,65.20177,308.74,0.4,0.37,2026-08-31,2140,N21,nominal,2.0NRT,290.47,1.23,N
39.18094,65.31374,316.5,0.4,0.37,2026-08-31,2140,N21,nominal,2.0NRT,292.52,1.82,N
39.43372,62.99546,301.61,0.38,0.36,2026-08-31,2140,N21,nominal,2.0NRT,290.05,0.75,N
39.25013,63.21201,316.04,0.38,0.36,2026-08-31,2140,N21,nominal,2.0NRT,291.14,2.07,N
38.33434,68.12044,321.33,0.51,0.41,2026-08-31,2140,N21,nominal,2.0NRT,295.97,2.64,N
39.20212,63.23627,302.4,0.38,0.36,2026-08-31,2140,N21,nominal,2.0NRT,290.73,0.61,N
39.18497,63.34612,304.03,0.38,0.36,2026-08-31,2140,N21,nominal,2.0NRT,290.33,0.48,N
39.15908,63.46739,309.49,0.38,0.36,2026-08-31,2140,N21,nominal,2.0NRT,290.49,1.08,N
27.16864,56.09854,331.54,0.47,0.4,2026-08-31,2144,N21,nominal,2.0NRT,302.89,6.49,N
39.1347,63.62112,304.24,0.38,0.36,2026-08-31,2140,N21,nominal,2.0NRT,290.84,0.6,N
27.17043,56.05539,312.45,0.47,0.4,2026-08-31,2144,N21,nominal,2.0NRT,301.17,3.69,N
39.17241,63.27194,303.84,0.38,0.36,2026-08-31,2140,N21,nominal,2.0NRT,290.94,0.71,N
27.16079,56.10209,322.03,0.47,0.4,2026-08-31,2144,N21,nominal,2.0NRT,302.79,5.38,N
39.17035,63.28511,313.83,0.38,0.36,2026-08-31,2140,N21,nominal,2.0NRT,291.42,0.76,N
39.17666,63.22279,311.74,0.38,0.36,2026-08-31,2140,N21,nominal,2.0NRT,291.21,1.08,N
27.16016,56.07786,312.52,0.47,0.4,2026-08-31,2144,N21,nominal,2.0NRT,301.93,3.73,N
39.15263,63.37649,302.19,0.38,0.36,2026-08-31,2140,N21,nominal,2.0NRT,290.3,0.7,N
27.1441,56.11054,317.64,0.47,0.4,2026-08-31,2144,N21,nominal,2.0NRT,301.64,3.04,N
39.16792,63.25708,313.21,0.38,0.36,2026-08-31,2140,N21,nominal,2.0NRT,291.56,1.32,N
39.16396,63.26063,308.97,0.38,0.36,2026-08-31,2140,N21,nominal,2.0NRT,290.48,1.32,N
39.15504,63.31771,311.24,0.38,0.36,2026-08-31,2140,N21,nominal,2.0NRT,290.67,1.38,N
39.13019,63.47578,301.7,0.38,0.36,2026-08-31,2140,N21,nominal,2.0NRT,290.2,0.41,N
39.12573,63.46091,306.52,0.38,0.36,2026-08-31,2140,N21,nominal,2.0NRT,290.53,0.6,N
39.12868,63.42056,312.75,0.38,0.36,2026-08-31,2140,N21,nominal,2.0NRT,290.21,1.1,N
38.68483,65.98631,310.67,0.42,0.38,2026-08-31,2140,N21,nominal,2.0NRT,290.7,0.75,N
39.11578,63.39437,303.48,0.38,0.36,2026-08-31,2140,N21,nominal,2.0NRT,290.07,0.65,N
39.12628,63.30574,321.55,0.38,0.36,2026-08-31,2140,N21,nominal,2.0NRT,292.11,1.44,N
38.6798,65.95466,314.06,0.42,0.38,2026-08-31,2140,N21,nominal,2.0NRT,292.16,1.38,N
39.11493,63.33477,314.81,0.38,0.36,2026-08-31,2140,N21,nominal,2.0NRT,292.19,1.82,N
39.08489,63.48227,301.32,0.38,0.36,2026-08-31,2140,N21,nominal,2.0NRT,289.86,0.34,N
39.01513,63.70621,302.35,0.39,0.36,2026-08-31,2140,N21,nominal,2.0NRT,290.58,0.69,N
38.95559,63.75596,309.44,0.39,0.36,2026-08-31,2140,N21,nominal,2.0NRT,291.11,1.04,N
38.97175,63.59115,302.35,0.38,0.36,2026-08-31,2140,N21,nominal,2.0NRT,290.46,0.7,N
38.96686,63.62177,306.17,0.38,0.36,2026-08-31,2140,N21,nominal,2.0NRT,290.43,0.74,N
38.97419,63.46856,314.91,0.38,0.36,2026-08-31,2140,N21,nominal,2.0NRT,291.82,1.69,N
38.91693,63.80524,307.38,0.39,0.36,2026-08-31,2140,N21,nominal,2.0NRT,290.67,0.77,N
38.54928,65.94824,306.69,0.42,0.38,2026-08-31,2140,N21,nominal,2.0NRT,291.21,0.9,N
38.90852,63.79387,301.63,0.39,0.36,2026-08-31,2140,N21,nominal,2.0NRT,290.68,0.38,N
38.87791,63.77206,301.52,0.39,0.36,2026-08-31,2140,N21,nominal,2.0NRT,289.83,0.67,N
38.84002,63.8786,302.36,0.39,0.36,2026-08-31,2140,N21,nominal,2.0NRT,291.15,0.6,N
38.83616,63.81806,313.68,0.39,0.36,2026-08-31,2140,N21,nominal,2.0NRT,290.99,1.2,N
38.8336,63.81281,303.16,0.39,0.36,2026-08-31,2140,N21,nominal,2.0NRT,291.12,0.67,N
38.78302,63.91387,300.58,0.39,0.36,2026-08-31,2140,N21,nominal,2.0NRT,290.2,0.53,N
26.95609,55.54377,316.48,0.5,0.41,2026-08-31,2144,N21,nominal,2.0NRT,303.54,1.89,N
38.4547,65.80361,304.63,0.42,0.38,2026-08-31,2140,N21,nominal,2.0NRT,292.06,1.03,N
38.71053,63.93805,302.52,0.39,0.36,2026-08-31,2140,N21,nominal,2.0NRT,290.05,0.39,N
38.652,63.98206,305.56,0.39,0.36,2026-08-31,2140,N21,nominal,2.0NRT,289.89,0.89,N
38.05061,67.26479,329.83,0.48,0.4,2026-08-31,2140,N21,nominal,2.0NRT,294.63,8.9,N
38.45243,64.35828,301.94,0.39,0.36,2026-08-31,2140,N21,nominal,2.0NRT,291.5,0.57,N
38.43222,64.19347,306.54,0.39,0.36,2026-08-31,2140,N21,nominal,2.0NRT,291.11,0.53,N
38.28423,64.38198,306.47,0.39,0.36,2026-08-31,2140,N21,nominal,2.0NRT,291.32,0.5,N
38.16303,64.59262,306.35,0.4,0.37,2026-08-31,2140,N21,nominal,2.0NRT,292.48,0.79,N
38.11843,64.71153,306.92,0.4,0.37,2026-08-31,2140,N21,nominal,2.0NRT,292.12,0.85,N
38.0494,65.10971,309.8,0.41,0.37,2026-08-31,2140,N21,nominal,2.0NRT,293.58,0.53,N
38.08719,64.87263,305.66,0.4,0.37,2026-08-31,2140,N21,nominal,2.0NRT,291.02,0.43,N
37.93015,65.64027,306.75,0.42,0.38,2026-08-31,2140,N21,nominal,2.0NRT,292.58,1.24,N
38.05329,64.88688,323.15,0.4,0.37,2026-08-31,2140,N21,nominal,2.0NRT,293.18,2.35,N
37.95911,65.05817,302.53,0.41,0.37,2026-08-31,2140,N21,nominal,2.0NRT,291.51,0.77,N
37.96451,65.00716,307.76,0.41,0.37,2026-08-31,2140,N21,nominal,2.0NRT,292.47,1.18,N
37.90516,65.10528,306.75,0.41,0.37,2026-08-31,2140,N21,nominal,2.0NRT,293.29,0.92,N
37.88748,65.08594,308.03,0.41,0.37,2026-08-31,2140,N21,nominal,2.0NRT,293.55,0.92,N
37.88609,65.08831,305.17,0.41,0.37,2026-08-31,2140,N21,nominal,2.0NRT,293.15,0.71,N
37.8173,65.17947,307.03,0.41,0.37,2026-08-31,2140,N21,nominal,2.0NRT,293.71,0.65,N
37.80143,65.18945,303.7,0.41,0.37,2026-08-31,2140,N21,nominal,2.0NRT,293.35,0.63,N
37.74796,65.21004,303.99,0.41,0.37,2026-08-31,2140,N21,nominal,2.0NRT,293.34,0.77,N
37.67513,65.26202,303.82,0.41,0.37,2026-08-31,2140,N21,nominal,2.0NRT,293,0.91,N
37.66427,65.2832,310.42,0.41,0.37,2026-08-31,2140,N21,nominal,2.0NRT,292.67,0.95,N
37.95908,62.66508,310.58,0.38,0.36,2026-08-31,2140,N21,nominal,2.0NRT,292.54,1.33,N
25.97164,56.07117,319.59,0.46,0.39,2026-08-31,2144,N21,nominal,2.0NRT,302.78,2.25,N
37.98839,61.88084,310.21,0.39,0.36,2026-08-31,2140,N21,nominal,2.0NRT,291.92,1.08,N
25.96507,56.06542,312.44,0.46,0.39,2026-08-31,2144,N21,nominal,2.0NRT,302.43,1.75,N
37.98444,61.88446,306.34,0.39,0.36,2026-08-31,2140,N21,nominal,2.0NRT,291.83,0.95,N
25.9663,56.06782,318.06,0.46,0.39,2026-08-31,2144,N21,nominal,2.0NRT,302.67,1.85,N
37.90491,61.98487,301.63,0.39,0.36,2026-08-31,2140,N21,nominal,2.0NRT,288.03,0.48,N
25.90223,54.53242,312.71,0.54,0.42,2026-08-31,2144,N21,nominal,2.0NRT,301.48,1.01,N
37.88589,62.02106,311,0.39,0.36,2026-08-31,2140,N21,nominal,2.0NRT,290.55,1.56,N
22.39004,73.12098,309.44,0.73,0.76,2026-08-31,2144,N21,nominal,2.0NRT,270.65,4.01,N
37.79873,62.55288,309.39,0.38,0.36,2026-08-31,2140,N21,nominal,2.0NRT,291.12,1.22,N
22.3833,73.1189,311.62,0.73,0.76,2026-08-31,2144,N21,nominal,2.0NRT,268.93,2.43,N
37.79611,62.54776,307.71,0.38,0.36,2026-08-31,2140,N21,nominal,2.0NRT,291.22,1.15,N
25.57177,55.98727,314.37,0.46,0.39,2026-08-31,2144,N21,nominal,2.0NRT,302.63,1.49,N
37.79545,62.55207,311.37,0.38,0.36,2026-08-31,2140,N21,nominal,2.0NRT,291.94,1.15,N
37.78761,62.53673,331.8,0.38,0.36,2026-08-31,2140,N21,nominal,2.0NRT,294.22,3.61,N
37.78237,62.5265,308.33,0.38,0.36,2026-08-31,2140,N21,nominal,2.0NRT,291.27,0.93,N
37.82579,61.99065,300.17,0.39,0.36,2026-08-31,2140,N21,nominal,2.0NRT,289.7,0.56,N
37.77532,62.1004,301.52,0.39,0.36,2026-08-31,2140,N21,nominal,2.0NRT,290.86,0.66,N
25.30737,56.37357,320.7,0.44,0.38,2026-08-31,2144,N21,nominal,2.0NRT,301.56,1.92,N
37.84496,61.60525,315.37,0.39,0.36,2026-08-31,2140,N21,nominal,2.0NRT,292.97,1.15,N
37.77584,62.02848,310.28,0.39,0.36,2026-08-31,2140,N21,nominal,2.0NRT,291.48,1.16,N
38.25418,58.38797,308.63,0.49,0.4,2026-08-31,2140,N21,nominal,2.0NRT,293.4,1.93,N
37.7438,62.1289,318.99,0.39,0.36,2026-08-31,2140,N21,nominal,2.0NRT,291.37,1.68,N
37.74174,62.07445,307.44,0.39,0.36,2026-08-31,2140,N21,nominal,2.0NRT,289.66,0.9,N
37.72534,62.09306,320.39,0.39,0.36,2026-08-31,2140,N21,nominal,2.0NRT,292.45,2.1,N
37.75075,61.85335,313.14,0.39,0.36,2026-08-31,2140,N21,nominal,2.0NRT,289.78,1.14,N
37.79305,61.49529,310.49,0.39,0.36,2026-08-31,2140,N21,nominal,2.0NRT,292.5,1.48,N
37.66977,62.23459,310.88,0.39,0.36,2026-08-31,2140,N21,nominal,2.0NRT,291.56,1.44,N
37.66912,62.23892,318.37,0.39,0.36,2026-08-31,2140,N21,nominal,2.0NRT,292.11,1.44,N
37.6619,62.24168,302.96,0.39,0.36,2026-08-31,2140,N21,nominal,2.0NRT,290.61,0.55,N
37.65862,62.2409,304.14,0.39,0.36,2026-08-31,2140,N21,nominal,2.0NRT,290.96,0.79,N
38.21885,57.98746,305.23,0.51,0.41,2026-08-31,2140,N21,nominal,2.0NRT,291.08,1.26,N
37.65467,62.24443,310.14,0.39,0.36,2026-08-31,2140,N21,nominal,2.0NRT,290.65,0.79,N
37.64811,62.24287,301.83,0.39,0.36,2026-08-31,2140,N21,nominal,2.0NRT,289.89,0.65,N
38.19453,58.10028,301.52,0.5,0.41,2026-08-31,2140,N21,nominal,2.0NRT,290.53,0.98,N
38.19224,58.05323,303.89,0.5,0.41,2026-08-31,2140,N21,nominal,2.0NRT,291.27,1.14,N
37.68494,61.88315,301.46,0.39,0.36,2026-08-31,2140,N21,nominal,2.0NRT,288.58,0.73,N
37.63692,62.20437,318.62,0.39,0.36,2026-08-31,2140,N21,nominal,2.0NRT,291.81,1.64,N
37.6284,62.21578,310.62,0.39,0.36,2026-08-31,2140,N21,nominal,2.0NRT,291.68,1.46,N
37.62576,62.21067,315.38,0.39,0.36,2026-08-31,2140,N21,nominal,2.0NRT,292.41,1.21,N
37.62506,62.17019,320.16,0.39,0.36,2026-08-31,2140,N21,nominal,2.0NRT,292.7,2.01,N
37.625,62.12534,318.88,0.39,0.36,2026-08-31,2140,N21,nominal,2.0NRT,292.3,1.8,N
37.61976,62.13755,322.07,0.39,0.36,2026-08-31,2140,N21,nominal,2.0NRT,293.8,2.7,N
37.65406,61.90747,319.22,0.39,0.36,2026-08-31,2140,N21,nominal,2.0NRT,292.16,2.03,N
37.61911,62.14188,309.66,0.39,0.36,2026-08-31,2140,N21,nominal,2.0NRT,292.2,1.3,N
37.62922,61.96017,304.39,0.39,0.36,2026-08-31,2140,N21,nominal,2.0NRT,292.22,0.82,N
37.63042,61.72251,308.85,0.39,0.36,2026-08-31,2140,N21,nominal,2.0NRT,292.24,0.9,N
37.80577,60.33012,307.87,0.41,0.37,2026-08-31,2140,N21,nominal,2.0NRT,292.57,0.87,N
37.6101,61.60464,330.14,0.39,0.36,2026-08-31,2140,N21,nominal,2.0NRT,297.34,5,N
37.61457,61.57391,313.48,0.39,0.36,2026-08-31,2140,N21,nominal,2.0NRT,292.14,1.47,N
37.61393,61.5783,303.5,0.39,0.36,2026-08-31,2140,N21,nominal,2.0NRT,291.95,1.47,N
37.61201,61.59148,305.45,0.39,0.36,2026-08-31,2140,N21,nominal,2.0NRT,292.36,0.83,N
37.60946,61.60902,304.74,0.39,0.36,2026-08-31,2140,N21,nominal,2.0NRT,291.97,2.02,N
37.60795,61.57239,307.96,0.39,0.36,2026-08-31,2140,N21,nominal,2.0NRT,292.01,1.53,N
37.5547,61.93471,304.46,0.39,0.36,2026-08-31,2140,N21,nominal,2.0NRT,291.72,0.66,N
37.60388,61.5533,315.41,0.39,0.36,2026-08-31,2140,N21,nominal,2.0NRT,292.55,1.48,N
37.59662,61.55618,319.41,0.39,0.36,2026-08-31,2140,N21,nominal,2.0NRT,292.55,1.3,N
37.59599,61.56057,304.31,0.39,0.36,2026-08-31,2140,N21,nominal,2.0NRT,291.44,1.34,N
37.59381,61.5283,322.55,0.39,0.36,2026-08-31,2140,N21,nominal,2.0NRT,292.56,1.64,N
24.50589,56.60785,343.14,0.42,0.38,2026-08-31,2144,N21,nominal,2.0NRT,304.44,5.33,N
37.58873,61.56345,304.01,0.39,0.36,2026-08-31,2140,N21,nominal,2.0NRT,292.3,0.88,N
24.50301,56.60311,319.65,0.42,0.38,2026-08-31,2144,N21,nominal,2.0NRT,305.04,5.33,N
37.55487,61.79527,303.56,0.39,0.36,2026-08-31,2140,N21,nominal,2.0NRT,292.47,0.58,N
37.5905,61.52755,310.29,0.39,0.36,2026-08-31,2140,N21,nominal,2.0NRT,292.58,1.64,N
37.58541,61.56269,306.29,0.39,0.36,2026-08-31,2140,N21,nominal,2.0NRT,293.39,0.88,N
24.47176,56.63253,316.24,0.42,0.38,2026-08-31,2144,N21,nominal,2.0NRT,302.74,1.42,N
37.5821,61.56194,304.69,0.39,0.36,2026-08-31,2140,N21,nominal,2.0NRT,291.74,1.42,N
24.46714,56.64026,315.3,0.42,0.38,2026-08-31,2144,N21,nominal,2.0NRT,302.73,1.65,N
37.50244,61.98738,314.8,0.39,0.36,2026-08-31,2140,N21,nominal,2.0NRT,291.38,0.85,N
37.72697,60.36893,302.7,0.41,0.37,2026-08-31,2140,N21,nominal,2.0NRT,291.93,0.36,N
24.45462,56.5532,320.86,0.43,0.38,2026-08-31,2144,N21,nominal,2.0NRT,303.84,1.72,N
37.94778,58.58931,303.07,0.48,0.4,2026-08-31,2140,N21,nominal,2.0NRT,291.94,0.58,N
37.48335,61.97841,307.27,0.39,0.36,2026-08-31,2140,N21,nominal,2.0NRT,292.42,0.48,N
37.47881,62.00872,309.05,0.39,0.36,2026-08-31,2140,N21,nominal,2.0NRT,291.67,1.16,N
37.94007,58.56032,305.38,0.48,0.4,2026-08-31,2140,N21,nominal,2.0NRT,292.65,0.99,N
37.93942,58.56572,304.6,0.48,0.4,2026-08-31,2140,N21,nominal,2.0NRT,292.43,1,N
37.49617,61.84674,339.19,0.39,0.36,2026-08-31,2140,N21,nominal,2.0NRT,295.47,4.49,N
37.42262,62.31267,320.79,0.38,0.36,2026-08-31,2140,N21,nominal,2.0NRT,291.67,1.67,N
37.42327,62.30836,307.84,0.38,0.36,2026-08-31,2140,N21,nominal,2.0NRT,290.75,1.69,N
37.40622,62.30875,300.94,0.38,0.36,2026-08-31,2140,N21,nominal,2.0NRT,290.37,0.49,N
37.39506,62.315,308.32,0.38,0.36,2026-08-31,2140,N21,nominal,2.0NRT,292.43,0.82,N
37.62275,60.43997,308.31,0.41,0.37,2026-08-31,2142,N21,nominal,2.0NRT,292.58,0.96,N
37.6333,60.33718,315.48,0.41,0.37,2026-08-31,2142,N21,nominal,2.0NRT,292.78,1.08,N
37.63267,60.34184,302.46,0.41,0.37,2026-08-31,2142,N21,nominal,2.0NRT,292.43,1.08,N
37.61889,60.39149,304.69,0.41,0.37,2026-08-31,2142,N21,nominal,2.0NRT,292.95,0.86,N
37.51136,61.01525,318.29,0.4,0.37,2026-08-31,2142,N21,nominal,2.0NRT,294.89,1.88,N
37.50277,61.02719,307.78,0.4,0.37,2026-08-31,2142,N21,nominal,2.0NRT,293.89,1.26,N
37.82689,58.3839,308.02,0.48,0.4,2026-08-31,2142,N21,nominal,2.0NRT,291.04,1.15,N
37.48688,60.46005,312.49,0.41,0.37,2026-08-31,2142,N21,nominal,2.0NRT,292.35,1.18,N
37.34572,61.36383,309.03,0.39,0.36,2026-08-31,2142,N21,nominal,2.0NRT,292.79,0.9,N
37.36612,61.0535,305.88,0.4,0.37,2026-08-31,2142,N21,nominal,2.0NRT,292.33,0.75,N
37.38682,60.75765,309.05,0.4,0.37,2026-08-31,2142,N21,nominal,2.0NRT,290.75,0.89,N
37.32709,61.08613,314.39,0.4,0.37,2026-08-31,2142,N21,nominal,2.0NRT,292.84,1.91,N
37.32584,61.09501,316.43,0.4,0.37,2026-08-31,2142,N21,nominal,2.0NRT,293.15,1.78,N
37.11785,62.36465,324.74,0.38,0.36,2026-08-31,2142,N21,nominal,2.0NRT,294.13,3.52,N
23.55513,58.20176,317.6,0.39,0.36,2026-08-31,2146,N21,nominal,2.0NRT,301.76,1.45,N
37.11851,62.36036,304.41,0.38,0.36,2026-08-31,2142,N21,nominal,2.0NRT,292.7,3.52,N
37.11457,62.36386,311.89,0.38,0.36,2026-08-31,2142,N21,nominal,2.0NRT,293.27,1.77,N
37.35639,60.46777,305.37,0.41,0.37,2026-08-31,2142,N21,nominal,2.0NRT,293.17,0.9,N
23.48203,58.28129,320.47,0.39,0.36,2026-08-31,2146,N21,nominal,2.0NRT,304.16,1.47,N
37.03195,62.41491,321.18,0.38,0.36,2026-08-31,2142,N21,nominal,2.0NRT,294.16,1.91,N
37.03129,62.41919,321.57,0.38,0.36,2026-08-31,2142,N21,nominal,2.0NRT,295.66,3.44,N
37.17871,60.86483,304.66,0.4,0.37,2026-08-31,2142,N21,nominal,2.0NRT,290.79,0.95,N
37.21703,60.02348,307.14,0.42,0.38,2026-08-31,2142,N21,nominal,2.0NRT,292.05,1.37,N
37.45253,57.68729,308.53,0.51,0.41,2026-08-31,2142,N21,nominal,2.0NRT,293.29,1.71,N
37.03158,60.68426,300.9,0.4,0.37,2026-08-31,2142,N21,nominal,2.0NRT,290.46,0.59,N
36.47683,61.62393,305.68,0.39,0.36,2026-08-31,2142,N21,nominal,2.0NRT,294.71,2.61,N
36.43757,61.21959,321.1,0.39,0.36,2026-08-31,2142,N21,nominal,2.0NRT,294.16,1.94,N
36.99031,56.23081,306.7,0.4,0.44,2026-08-31,2142,N21,nominal,2.0NRT,291.49,0.86,N
35.98313,63.6402,318.13,0.39,0.36,2026-08-31,2142,N21,nominal,2.0NRT,292.34,1.65,N
36.49915,59.33419,305.35,0.43,0.38,2026-08-31,2142,N21,nominal,2.0NRT,291.51,0.86,N
35.94823,62.91684,304.16,0.39,0.36,2026-08-31,2142,N21,nominal,2.0NRT,294.04,0.65,N
36.44585,59.40474,309.38,0.43,0.38,2026-08-31,2142,N21,nominal,2.0NRT,291.94,1.63,N
35.90655,62.9638,312.62,0.39,0.36,2026-08-31,2142,N21,nominal,2.0NRT,294.21,1.5,N
36.2693,59.65136,308.29,0.42,0.38,2026-08-31,2142,N21,nominal,2.0NRT,292.9,0.94,N
36.23759,59.73081,308.62,0.42,0.38,2026-08-31,2142,N21,nominal,2.0NRT,291.81,1.38,N
36.29527,54.78555,305.98,0.46,0.47,2026-08-31,2142,N21,nominal,2.0NRT,292.4,1.16,N
35.92308,57.83453,302.23,0.49,0.4,2026-08-31,2142,N21,nominal,2.0NRT,289.67,0.59,N
22.6614,59.40939,314.46,0.39,0.36,2026-08-31,2146,N21,nominal,2.0NRT,301.71,0.86,N
22.6608,59.41314,313.47,0.39,0.36,2026-08-31,2146,N21,nominal,2.0NRT,301.31,0.86,N
23.18881,55.45914,321.13,0.46,0.39,2026-08-31,2146,N21,nominal,2.0NRT,303.12,2.9,N
23.30979,54.17888,335.19,0.53,0.42,2026-08-31,2146,N21,nominal,2.0NRT,302.11,4.87,N
22.92504,55.80349,320.07,0.44,0.38,2026-08-31,2146,N21,nominal,2.0NRT,300.56,1.64,N
22.87943,55.92628,334.2,0.44,0.38,2026-08-31,2146,N21,nominal,2.0NRT,303.35,7.3,N
22.78262,55.81628,316.46,0.44,0.38,2026-08-31,2146,N21,nominal,2.0NRT,301.64,1.3,N
22.67375,56.25122,312.53,0.42,0.38,2026-08-31,2146,N21,nominal,2.0NRT,300.7,1.29,N
22.40692,56.9874,321.82,0.4,0.37,2026-08-31,2146,N21,nominal,2.0NRT,301.03,1.64,N
22.40636,56.99126,314.41,0.4,0.37,2026-08-31,2146,N21,nominal,2.0NRT,300.15,1.44,N
22.32828,56.48898,338.54,0.41,0.37,2026-08-31,2146,N21,nominal,2.0NRT,303.56,6.43,N
22.3278,56.48977,333.96,0.41,0.37,2026-08-31,2146,N21,nominal,2.0NRT,303.86,7.02,N
22.32669,56.47334,331.32,0.41,0.37,2026-08-31,2146,N21,nominal,2.0NRT,305.61,4.17,N
21.9354,57.07465,328.54,0.4,0.37,2026-08-31,2146,N21,nominal,2.0NRT,300.35,6.02,N
21.89077,56.84801,325.14,0.4,0.37,2026-08-31,2146,N21,nominal,2.0NRT,300.68,1.78,N
21.80101,57.09231,324.88,0.4,0.37,2026-08-31,2146,N21,nominal,2.0NRT,299.55,1.7,N
21.83422,56.68073,330.08,0.4,0.37,2026-08-31,2146,N21,nominal,2.0NRT,301.24,3.1,N
21.6628,56.41317,328.05,0.41,0.37,2026-08-31,2146,N21,nominal,2.0NRT,299.98,2.88,N
21.46179,57.24443,321.21,0.39,0.36,2026-08-31,2146,N21,nominal,2.0NRT,299.33,0.91,N
21.33516,57.72313,316.85,0.39,0.36,2026-08-31,2146,N21,nominal,2.0NRT,297.86,1.64,N
21.32196,57.72084,307.8,0.39,0.36,2026-08-31,2146,N21,nominal,2.0NRT,297.35,1.37,N
21.31866,57.72026,320.68,0.39,0.36,2026-08-31,2146,N21,nominal,2.0NRT,297.62,1.37,N
21.31199,57.74178,323.05,0.39,0.36,2026-08-31,2146,N21,nominal,2.0NRT,297.53,2.62,N
21.31142,57.74547,331.21,0.39,0.36,2026-08-31,2146,N21,nominal,2.0NRT,298.26,2.62,N
21.30353,57.79712,326.36,0.39,0.36,2026-08-31,2146,N21,nominal,2.0NRT,298.38,1.5,N
21.30714,57.70689,321.98,0.39,0.36,2026-08-31,2146,N21,nominal,2.0NRT,297.99,1.38,N
21.2973,57.68245,309.62,0.39,0.36,2026-08-31,2146,N21,nominal,2.0NRT,297.31,0.74,N
21.37693,56.71739,331.7,0.4,0.37,2026-08-31,2146,N21,nominal,2.0NRT,300.54,4.27,N
21.40852,55.74089,315.72,0.43,0.38,2026-08-31,2146,N21,nominal,2.0NRT,301.96,1.56,N
21.24475,56.34773,311.74,0.41,0.37,2026-08-31,2146,N21,nominal,2.0NRT,299.04,0.77,N
20.98729,56.77552,308.81,0.4,0.37,2026-08-31,2146,N21,nominal,2.0NRT,298.18,0.35,N
20.55776,56.42149,316.76,0.4,0.37,2026-08-31,2146,N21,nominal,2.0NRT,297.95,1.15,N
20.37627,55.93452,331.13,0.42,0.37,2026-08-31,2146,N21,nominal,2.0NRT,300.08,3.87,N
20.38664,55.66238,330.39,0.42,0.38,2026-08-31,2146,N21,nominal,2.0NRT,299.56,4.1,N
20.38545,55.64563,329.31,0.42,0.38,2026-08-31,2146,N21,nominal,2.0NRT,299.54,2.01,N
20.3863,55.64689,325.43,0.42,0.38,2026-08-31,2146,N21,nominal,2.0NRT,298.98,2.57,N
20.21229,55.71013,326.42,0.42,0.38,2026-08-31,2146,N21,nominal,2.0NRT,298.3,1.58,N
18.32407,55.10411,329.13,0.43,0.38,2026-08-31,2146,N21,nominal,2.0NRT,298.07,3.66,N
18.3206,55.10358,339.02,0.43,0.38,2026-08-31,2146,N21,nominal,2.0NRT,300.78,3.66,N
18.01228,54.57114,332.83,0.45,0.39,2026-08-31,2146,N21,nominal,2.0NRT,305.25,10.35,N
23.09925,101.16467,325.31,0.55,0.68,2026-09-01,0536,N21,nominal,2.0NRT,295.77,6.16,D
23.09881,101.16599,327.2,0.55,0.68,2026-09-01,0536,N21,nominal,2.0NRT,295.21,6.39,D
25.78834,101.82743,326.94,0.44,0.62,2026-09-01,0536,N21,low,2.0NRT,301.66,6.04,D
26.57477,101.66924,325.85,0.43,0.62,2026-09-01,0536,N21,low,2.0NRT,299.8,4.49,D
26.57362,101.66439,330.51,0.43,0.62,2026-09-01,0536,N21,nominal,2.0NRT,299.91,4.49,D
36.65713,101.55399,329.37,0.51,0.49,2026-09-01,0540,N21,nominal,2.0NRT,298.06,6.85,D
36.75555,101.56012,339.79,0.51,0.49,2026-09-01,0540,N21,nominal,2.0NRT,300.85,5.81,D
38.23345,101.93394,337.42,0.45,0.47,2026-09-01,0540,N21,nominal,2.0NRT,304.17,5.15,D
38.26402,101.99099,336.67,0.45,0.47,2026-09-01,0540,N21,nominal,2.0NRT,305.32,2.76,D
6.7114,81.58937,348.86,0.48,0.65,2026-09-01,0712,N21,nominal,2.0NRT,292.68,15.12,D
6.71725,81.58833,346.15,0.48,0.65,2026-09-01,0712,N21,nominal,2.0NRT,292.26,6.9,D
6.60747,80.93373,332.41,0.53,0.67,2026-09-01,0712,N21,nominal,2.0NRT,289.22,5.76,D
6.82114,81.49781,330.96,0.48,0.65,2026-09-01,0712,N21,nominal,2.0NRT,287.17,3.37,D
6.8405,81.57301,335.52,0.48,0.64,2026-09-01,0712,N21,nominal,2.0NRT,291.61,9.7,D
6.83964,81.57272,338.2,0.48,0.64,2026-09-01,0712,N21,nominal,2.0NRT,291.77,11.85,D
7.16898,81.5699,330.42,0.47,0.64,2026-09-01,0712,N21,nominal,2.0NRT,294.73,3.6,D
7.16885,81.56881,334.2,0.47,0.64,2026-09-01,0712,N21,nominal,2.0NRT,292.95,2.83,D
7.21728,81.7672,333.12,0.46,0.63,2026-09-01,0712,N21,nominal,2.0NRT,296.56,1.91,D
7.30622,81.76859,335.28,0.45,0.63,2026-09-01,0712,N21,nominal,2.0NRT,293.85,6.77,D
7.30749,81.76774,336.36,0.45,0.63,2026-09-01,0712,N21,nominal,2.0NRT,293.75,2.86,D
7.32363,81.56375,345.64,0.47,0.64,2026-09-01,0712,N21,nominal,2.0NRT,297.29,7.09,D
7.38272,81.79197,339.72,0.45,0.63,2026-09-01,0712,N21,nominal,2.0NRT,295.57,3.72,D
7.39058,81.77007,343.39,0.45,0.63,2026-09-01,0712,N21,nominal,2.0NRT,297.46,4.93,D
7.36664,81.10676,333.48,0.5,0.66,2026-09-01,0712,N21,nominal,2.0NRT,295.58,8.66,D
7.36582,81.10229,340.8,0.5,0.66,2026-09-01,0712,N21,nominal,2.0NRT,297.76,8.66,D
7.52218,81.37037,330.62,0.48,0.65,2026-09-01,0712,N21,nominal,2.0NRT,297.88,7.17,D
7.57215,81.3828,331.7,0.48,0.64,2026-09-01,0712,N21,nominal,2.0NRT,296.4,9.97,D
7.57381,81.06113,347.51,0.5,0.66,2026-09-01,0712,N21,nominal,2.0NRT,297.64,8.22,D
7.94428,81.31894,339.66,0.48,0.64,2026-09-01,0712,N21,nominal,2.0NRT,298.04,6.41,D
7.94351,81.31474,330.37,0.48,0.64,2026-09-01,0712,N21,nominal,2.0NRT,297.19,6.41,D
8.03915,81.28013,334.42,0.48,0.64,2026-09-01,0712,N21,nominal,2.0NRT,297.09,6.98,D
7.9692,80.59388,335.14,0.53,0.67,2026-09-01,0712,N21,nominal,2.0NRT,292.65,7.46,D
8.11285,81.12814,335.44,0.49,0.65,2026-09-01,0712,N21,nominal,2.0NRT,294.83,7.04,D
8.11205,81.12383,332.56,0.49,0.65,2026-09-01,0712,N21,nominal,2.0NRT,296.16,10.07,D
8.30814,81.01736,333.6,0.49,0.65,2026-09-01,0714,N21,nominal,2.0NRT,291.72,7.86,D
8.40332,81.04671,367,0.49,0.65,2026-09-01,0714,N21,high,2.0NRT,296.8,25.81,D
8.38633,80.82423,336.66,0.5,0.66,2026-09-01,0714,N21,nominal,2.0NRT,294.84,8.1,D
8.38549,80.8197,331.03,0.51,0.66,2026-09-01,0714,N21,nominal,2.0NRT,295.74,8.1,D
8.43838,80.80535,332.05,0.51,0.66,2026-09-01,0714,N21,nominal,2.0NRT,297.07,7.21,D
8.40153,80.62936,333.23,0.52,0.67,2026-09-01,0714,N21,nominal,2.0NRT,294.88,7.65,D
8.46502,80.80076,334.22,0.5,0.66,2026-09-01,0714,N21,nominal,2.0NRT,294.68,4.86,D
8.41019,80.40926,330.06,0.54,0.68,2026-09-01,0714,N21,nominal,2.0NRT,293.49,3.7,D
8.42441,80.4514,335.35,0.53,0.67,2026-09-01,0714,N21,nominal,2.0NRT,293.71,4.99,D
8.40674,80.25502,367,0.55,0.68,2026-09-01,0714,N21,high,2.0NRT,294.07,20.93,D
8.46624,80.40448,336.17,0.54,0.68,2026-09-01,0714,N21,nominal,2.0NRT,291.02,7.32,D
8.46535,80.39966,333.49,0.54,0.68,2026-09-01,0714,N21,nominal,2.0NRT,293.25,7,D
8.51987,80.59413,332.8,0.52,0.67,2026-09-01,0714,N21,nominal,2.0NRT,293.92,4.57,D
8.51833,80.77255,330.05,0.51,0.66,2026-09-01,0714,N21,nominal,2.0NRT,295.95,3.93,D
8.46658,80.4045,338.18,0.54,0.68,2026-09-01,0714,N21,nominal,2.0NRT,291.45,7.16,D
8.46566,80.3997,334.71,0.54,0.68,2026-09-01,0714,N21,nominal,2.0NRT,293.24,9.48,D
8.51548,80.59484,343.26,0.52,0.67,2026-09-01,0714,N21,nominal,2.0NRT,293.55,6.03,D
8.57219,80.76335,345.17,0.51,0.66,2026-09-01,0714,N21,nominal,2.0NRT,297.84,12.24,D
8.68167,81.02359,334.61,0.48,0.65,2026-09-01,0714,N21,nominal,2.0NRT,294.54,7.32,D
8.66219,80.884,332.07,0.49,0.65,2026-09-01,0714,N21,nominal,2.0NRT,296.59,9.61,D
8.65176,80.82707,349.46,0.5,0.66,2026-09-01,0714,N21,nominal,2.0NRT,295.36,7.6,D
8.68581,81.02026,353.74,0.48,0.65,2026-09-01,0714,N21,nominal,2.0NRT,290.85,9.44,D
8.64862,80.82517,346.23,0.5,0.66,2026-09-01,0714,N21,nominal,2.0NRT,294.29,6.28,D
8.67462,80.89732,333.49,0.49,0.65,2026-09-01,0714,N21,nominal,2.0NRT,296.38,6.35,D
8.69019,80.81751,332.43,0.5,0.66,2026-09-01,0714,N21,nominal,2.0NRT,298.19,15.55,D
8.69613,80.81642,335.84,0.5,0.66,2026-09-01,0714,N21,nominal,2.0NRT,297.88,11.59,D
8.79095,80.87604,330.73,0.49,0.65,2026-09-01,0714,N21,nominal,2.0NRT,295.83,8.09,D
9.02386,80.16743,343.87,0.55,0.68,2026-09-01,0714,N21,nominal,2.0NRT,294.87,6.69,D
8.60666,77.96648,345.72,0.79,0.78,2026-09-01,0714,N21,nominal,2.0NRT,293.74,16.02,D
9.1143,80.27499,338.23,0.53,0.67,2026-09-01,0714,N21,nominal,2.0NRT,297.66,6.34,D
8.69465,78.05344,333.02,0.77,0.77,2026-09-01,0714,N21,nominal,2.0NRT,296,5.99,D
9.25485,80.28175,339.79,0.53,0.67,2026-09-01,0714,N21,nominal,2.0NRT,298.03,11.2,D
9.25305,80.2723,337.98,0.53,0.67,2026-09-01,0714,N21,nominal,2.0NRT,298.23,16.27,D
9.39192,80.43458,339.99,0.51,0.66,2026-09-01,0714,N21,nominal,2.0NRT,296.83,8.13,D
9.41682,80.40154,355.11,0.52,0.67,2026-09-01,0714,N21,nominal,2.0NRT,298.05,17.61,D
9.42457,80.40965,367,0.52,0.67,2026-09-01,0714,N21,high,2.0NRT,297.45,21.12,D
9.42543,80.41423,348.55,0.52,0.67,2026-09-01,0714,N21,nominal,2.0NRT,297.09,18.66,D
9.42039,80.41064,335.58,0.52,0.66,2026-09-01,0714,N21,nominal,2.0NRT,296.58,12.21,D
9.4186,80.40147,349.15,0.52,0.67,2026-09-01,0714,N21,nominal,2.0NRT,297.98,8.13,D
9.41771,80.39689,332.31,0.52,0.67,2026-09-01,0714,N21,nominal,2.0NRT,297.25,8.13,D
9.42642,80.40956,367,0.52,0.66,2026-09-01,0714,N21,high,2.0NRT,297.61,12.21,D
9.42731,80.41415,336.19,0.52,0.66,2026-09-01,0714,N21,nominal,2.0NRT,297.09,16.15,D
9.5339,80.38524,348.83,0.52,0.67,2026-09-01,0714,N21,nominal,2.0NRT,298.05,11.05,D
9.5355,80.38216,352.5,0.52,0.66,2026-09-01,0714,N21,nominal,2.0NRT,298.21,9.46,D
10.3891,79.27283,340.75,0.59,0.7,2026-09-01,0714,N21,nominal,2.0NRT,293.63,6.32,D
10.77498,78.64761,339.35,0.64,0.72,2026-09-01,0714,N21,nominal,2.0NRT,298.22,9.28,D
11.15095,78.03052,334.43,0.7,0.75,2026-09-01,0714,N21,nominal,2.0NRT,293.33,14.18,D
11.14715,78.03418,342.27,0.7,0.75,2026-09-01,0714,N21,nominal,2.0NRT,292.94,8.84,D
11.23065,78.08495,331.82,0.69,0.74,2026-09-01,0714,N21,nominal,2.0NRT,295.11,5.38,D
11.84292,78.90423,338.89,0.59,0.7,2026-09-01,0714,N21,nominal,2.0NRT,296.6,12.68,D
15.7039,99.75574,344.92,0.38,0.59,2026-09-01,0714,N21,nominal,2.0NRT,288.58,5.85,D
15.78675,99.76369,334.52,0.38,0.59,2026-09-01,0714,N21,nominal,2.0NRT,288.48,3.9,D
15.78429,99.76498,329.78,0.38,0.59,2026-09-01,0714,N21,nominal,2.0NRT,288.59,4.49,D
12.70483,79.3057,335.48,0.53,0.67,2026-09-01,0714,N21,nominal,2.0NRT,295.2,4.05,D
12.82289,79.10335,333.2,0.55,0.68,2026-09-01,0714,N21,nominal,2.0NRT,294.83,5.79,D
12.9195,79.45843,337.1,0.52,0.67,2026-09-01,0714,N21,nominal,2.0NRT,290.6,4.66,D
17.0825,99.53908,334.02,0.39,0.59,2026-09-01,0714,N21,nominal,2.0NRT,281.29,5,D
17.08211,99.53546,343.12,0.38,0.59,2026-09-01,0714,N21,nominal,2.0NRT,281.52,6.33,D
17.55967,101.34721,326.77,0.52,0.67,2026-09-01,0714,N21,nominal,2.0NRT,287.92,4.03,D
14.26651,79.09661,340.26,0.51,0.66,2026-09-01,0714,N21,nominal,2.0NRT,285.82,2.99,D
14.26936,79.09819,334.88,0.51,0.66,2026-09-01,0714,N21,nominal,2.0NRT,285.69,5.89,D
14.43295,77.70949,338.48,0.63,0.72,2026-09-01,0714,N21,nominal,2.0NRT,287.65,11.05,D
14.97559,79.35465,332.13,0.48,0.65,2026-09-01,0714,N21,nominal,2.0NRT,289.04,2.02,D
14.97541,79.35614,330.4,0.48,0.65,2026-09-01,0714,N21,nominal,2.0NRT,288.52,4.59,D
15.16886,80.03398,337.89,0.43,0.62,2026-09-01,0714,N21,nominal,2.0NRT,290.91,9.24,D
15.27038,79.58337,333.62,0.46,0.63,2026-09-01,0714,N21,nominal,2.0NRT,288.42,4.71,D
16.11085,81.14068,335.18,0.34,0.56,2026-09-01,0716,N21,nominal,2.0NRT,289.37,2.67,D
15.88671,79.82129,337.9,0.43,0.62,2026-09-01,0716,N21,nominal,2.0NRT,289.62,5.45,D
16.85769,80.79336,340.49,0.35,0.57,2026-09-01,0716,N21,nominal,2.0NRT,288.83,5.17,D
17.40365,80.95362,336.38,0.34,0.56,2026-09-01,0716,N21,nominal,2.0NRT,288.08,3.34,D
22.79331,100.87498,332.58,0.55,0.68,2026-09-01,0716,N21,nominal,2.0NRT,297.09,3.91,D
23.08903,101.16095,338.23,0.58,0.7,2026-09-01,0716,N21,nominal,2.0NRT,299.66,9.37,D
23.08495,101.1611,327.43,0.58,0.7,2026-09-01,0716,N21,nominal,2.0NRT,294.79,8.93,D
23.24108,101.61373,335.05,0.62,0.72,2026-09-01,0716,N21,nominal,2.0NRT,295.25,8.12,D
23.24019,101.61237,332.07,0.62,0.72,2026-09-01,0716,N21,nominal,2.0NRT,295.15,9.56,D
23.44311,100.45747,334.05,0.53,0.67,2026-09-01,0716,N21,nominal,2.0NRT,293.13,6.11,D
23.8285,101.78009,367,0.65,0.73,2026-09-01,0716,N21,high,2.0NRT,296,23.13,D
26.57403,101.66475,330.09,0.68,0.74,2026-09-01,0718,N21,nominal,2.0NRT,298.8,9.68,D
26.57654,101.66647,333.95,0.68,0.74,2026-09-01,0718,N21,nominal,2.0NRT,298.46,10.27,D
7.24555,100.42451,340.41,0.32,0.55,2026-09-01,0712,N21,nominal,2.0NRT,279.67,11.71,D
7.24436,100.41577,338.74,0.32,0.55,2026-09-01,0712,N21,nominal,2.0NRT,285.36,27.96,D
7.24356,100.40996,351.34,0.32,0.55,2026-09-01,0712,N21,nominal,2.0NRT,280.47,39,D
7.24317,100.40704,337.75,0.32,0.55,2026-09-01,0712,N21,nominal,2.0NRT,276.03,39.77,D
7.24277,100.40414,328.18,0.32,0.55,2026-09-01,0712,N21,nominal,2.0NRT,271.83,39.77,D
7.24515,100.4216,355.61,0.32,0.55,2026-09-01,0712,N21,low,2.0NRT,281.88,11.71,D
7.24475,100.41869,355.58,0.32,0.55,2026-09-01,0712,N21,low,2.0NRT,285.65,27.96,D
7.24396,100.41286,355.58,0.32,0.55,2026-09-01,0712,N21,low,2.0NRT,282.65,39,D
7.24897,100.41216,367,0.32,0.55,2026-09-01,0712,N21,high,2.0NRT,291.04,39,D
7.25017,100.42091,330.4,0.32,0.55,2026-09-01,0712,N21,nominal,2.0NRT,281.56,11.71,D
7.24977,100.41798,344.98,0.32,0.55,2026-09-01,0712,N21,nominal,2.0NRT,282.22,27.96,D
7.24858,100.40925,348.03,0.32,0.55,2026-09-01,0712,N21,nominal,2.0NRT,287.79,39,D
7.24818,100.40633,339.6,0.32,0.55,2026-09-01,0712,N21,nominal,2.0NRT,285.8,39.77,D
7.24937,100.41507,355.97,0.32,0.55,2026-09-01,0712,N21,low,2.0NRT,284.88,27.96,D
7.25359,100.40855,327.53,0.32,0.55,2026-09-01,0712,N21,nominal,2.0NRT,280.22,6.15,D
31.1218,74.69038,353.18,0.42,0.61,2026-09-01,0720,N21,nominal,2.0NRT,293.24,13.13,D
31.1214,74.69007,350.72,0.42,0.61,2026-09-01,0720,N21,nominal,2.0NRT,292.99,10.48,D
39.42419,87.48053,367,0.45,0.39,2026-09-01,0722,N21,low,2.0NRT,325.65,5.88,D
39.42356,87.47536,367,0.45,0.39,2026-09-01,0722,N21,low,2.0NRT,325.72,5.88,D
39.4271,87.47468,367,0.45,0.39,2026-09-01,0722,N21,high,2.0NRT,325.25,2.69,D
39.42772,87.47978,367,0.45,0.39,2026-09-01,0722,N21,low,2.0NRT,325.03,2.69,D
39.42647,87.46955,322.32,0.45,0.39,2026-09-01,0722,N21,low,2.0NRT,322.62,4.17,D
39.43063,87.47395,367,0.45,0.39,2026-09-01,0722,N21,high,2.0NRT,325.89,2.69,D
39.43125,87.47902,367,0.45,0.39,2026-09-01,0722,N21,low,2.0NRT,328.07,2.69,D
39.43,87.46887,322.4,0.45,0.39,2026-09-01,0722,N21,low,2.0NRT,322.91,4.17,D
39.43478,87.47823,367,0.45,0.39,2026-09-01,0722,N21,low,2.0NRT,327.49,6.7,D
39.43416,87.47322,367,0.45,0.39,2026-09-01,0722,N21,low,2.0NRT,327.29,6.7,D
39.43354,87.46816,323.5,0.45,0.39,2026-09-01,0722,N21,low,2.0NRT,323.64,9.05,D
38.05264,67.26131,367,0.69,0.74,2026-09-01,0722,N21,high,2.0NRT,308.18,13.36,D
39.85014,66.71445,335.7,0.65,0.73,2026-09-01,0722,N21,nominal,2.0NRT,296.75,6.52,D
8.95145,77.77085,345.86,0.53,0.67,2026-09-01,0854,N21,nominal,2.0NRT,300.27,4.04,D
8.95153,77.77248,336.6,0.53,0.67,2026-09-01,0854,N21,nominal,2.0NRT,300.01,4.11,D
9.11347,77.46972,367,0.51,0.66,2026-09-01,0854,N21,high,2.0NRT,299.16,9.51,D
9.59852,77.79555,335.09,0.54,0.68,2026-09-01,0854,N21,nominal,2.0NRT,296.83,12.55,D
9.5979,77.7906,343.48,0.54,0.68,2026-09-01,0854,N21,nominal,2.0NRT,299.17,18.25,D
10.01406,78.08731,332.78,0.58,0.7,2026-09-01,0854,N21,nominal,2.0NRT,297.7,3.52,D
10.8313,78.8009,336.72,0.66,0.73,2026-09-01,0854,N21,nominal,2.0NRT,294.99,5.56,D
19.5703,71.35628,339.27,0.54,0.51,2026-09-01,0856,N21,nominal,2.0NRT,286.58,8.73,D
18.01223,54.56967,352.2,0.38,0.59,2026-09-01,0858,N21,nominal,2.0NRT,313.98,11.13,D
18.01295,54.57316,355.9,0.38,0.59,2026-09-01,0858,N21,low,2.0NRT,317.97,13.25,D
18.31907,55.10263,353.62,0.35,0.56,2026-09-01,0858,N21,nominal,2.0NRT,316.15,3.58,D
19.26854,56.17662,342.87,0.56,0.52,2026-09-01,0858,N21,low,2.0NRT,315.05,3.42,D
20.3774,55.9345,347.45,0.56,0.51,2026-09-01,0858,N21,nominal,2.0NRT,315.48,3.24,D
21.30274,57.799,341.53,0.41,0.45,2026-09-01,0858,N21,low,2.0NRT,316.15,0.41,D
21.30956,57.74502,344.89,0.41,0.45,2026-09-01,0858,N21,low,2.0NRT,318.31,2.2,D
21.31363,57.74417,346.6,0.41,0.45,2026-09-01,0858,N21,low,2.0NRT,318.11,3.34,D
21.31325,57.74361,346.79,0.41,0.45,2026-09-01,0858,N21,low,2.0NRT,318.08,3.03,D
21.30645,57.70835,341.61,0.42,0.45,2026-09-01,0858,N21,low,2.0NRT,315.88,0.46,D
21.29328,57.09864,346.07,0.45,0.47,2026-09-01,0858,N21,low,2.0NRT,318.79,3.73,D
21.3348,56.6972,353.35,0.48,0.48,2026-09-01,0858,N21,nominal,2.0NRT,321.95,17.08,D
23.33648,69.71748,344.43,0.47,0.48,2026-09-01,0858,N21,nominal,2.0NRT,297.19,12,D
21.66257,56.41151,346.11,0.49,0.49,2026-09-01,0858,N21,low,2.0NRT,318.15,1.31,D
21.83451,56.68248,345.73,0.47,0.48,2026-09-01,0858,N21,low,2.0NRT,319.5,3.83,D
21.93666,57.0743,346.62,0.44,0.46,2026-09-01,0858,N21,nominal,2.0NRT,319.39,6.36,D
22.4069,56.98843,345.35,0.44,0.46,2026-09-01,0858,N21,low,2.0NRT,318.55,2.35,D
22.32698,56.49184,345.76,0.47,0.48,2026-09-01,0858,N21,low,2.0NRT,320.71,3.05,D
22.88137,55.92729,352.48,0.5,0.49,2026-09-01,0858,N21,low,2.0NRT,324.67,6.91,D
22.88674,55.93105,367,0.5,0.49,2026-09-01,0858,N21,low,2.0NRT,325.18,1.08,D
22.52302,54.04938,346.26,0.33,0.56,2026-09-01,0858,N21,low,2.0NRT,320.78,2.75,D
22.77977,54.72646,346.83,0.6,0.53,2026-09-01,0858,N21,low,2.0NRT,320.81,5.59,D
23.27885,54.25864,347.02,0.62,0.54,2026-09-01,0858,N21,low,2.0NRT,317.61,4.45,D
24.50481,56.60661,346.19,0.42,0.45,2026-09-01,0858,N21,nominal,2.0NRT,313.47,19.82,D
24.98868,55.62662,349.34,0.47,0.48,2026-09-01,0858,N21,low,2.0NRT,322.41,4.33,D
33.23684,71.51589,331.52,0.39,0.6,2026-09-01,0900,N21,nominal,2.0NRT,292.09,1.57,D
28.23834,67.94341,342.24,0.42,0.45,2026-09-01,0900,N21,nominal,2.0NRT,304.98,6.14,D
28.30462,67.87436,348.75,0.42,0.45,2026-09-01,0900,N21,nominal,2.0NRT,306.27,5.71,D
27.16822,56.05492,349.58,0.41,0.45,2026-09-01,0900,N21,nominal,2.0NRT,314.06,8.77,D
27.16742,56.05093,345.77,0.41,0.45,2026-09-01,0900,N21,nominal,2.0NRT,315.23,8.77,D
27.17786,56.061,344.56,0.41,0.45,2026-09-01,0900,N21,nominal,2.0NRT,313.2,11.97,D
35.76958,63.11222,345.92,0.45,0.39,2026-09-01,0902,N21,nominal,2.0NRT,316.78,12.38,D
37.03241,62.41645,347.26,0.44,0.38,2026-09-01,0902,N21,low,2.0NRT,318.14,11.48,D
37.42295,62.31221,336.14,0.44,0.38,2026-09-01,0902,N21,nominal,2.0NRT,307.29,3.05,D
37.42459,62.29681,333.8,0.44,0.38,2026-09-01,0902,N21,nominal,2.0NRT,306.64,2,D
38.05171,67.2636,344.64,0.5,0.49,2026-09-01,0902,N21,nominal,2.0NRT,315.91,9.71,D
37.49885,61.84623,337.78,0.42,0.38,2026-09-01,0902,N21,low,2.0NRT,310.41,2.29,D
37.98449,65.37023,353.45,0.4,0.44,2026-09-01,0902,N21,nominal,2.0NRT,313.44,15.93,D
37.61154,61.60662,341.52,0.42,0.38,2026-09-01,0902,N21,low,2.0NRT,312.82,3.55,D
37.54356,60.54933,342.37,0.4,0.37,2026-09-01,0902,N21,low,2.0NRT,317.15,20.58,D
37.55021,60.54786,347.08,0.4,0.37,2026-09-01,0902,N21,nominal,2.0NRT,315.07,16.83,D
37.63329,60.3399,335.6,0.39,0.36,2026-09-01,0902,N21,low,2.0NRT,309.67,3.23,D
37.72156,60.60393,337.33,0.4,0.37,2026-09-01,0902,N21,low,2.0NRT,311.68,2.46,D
37.77594,60.07283,346.52,0.39,0.36,2026-09-01,0902,N21,nominal,2.0NRT,315.92,7.76,D
37.89705,58.51111,347.45,0.38,0.36,2026-09-01,0902,N21,nominal,2.0NRT,309.53,4.2,D
37.89637,58.50679,344.02,0.38,0.36,2026-09-01,0902,N21,nominal,2.0NRT,308.91,4.2,D
38.90035,66.73603,340.06,0.48,0.48,2026-09-01,0902,N21,nominal,2.0NRT,307.35,4.39,D
38.8999,66.73057,332.87,0.48,0.48,2026-09-01,0902,N21,nominal,2.0NRT,306.14,4.39,D
38.04286,58.59322,338.91,0.38,0.36,2026-09-01,0902,N21,low,2.0NRT,312.18,4.57,D
38.06975,58.61347,340.56,0.38,0.36,2026-09-01,0902,N21,low,2.0NRT,312.29,3.24,D
38.25678,58.38878,340.28,0.38,0.36,2026-09-01,0902,N21,low,2.0NRT,313.19,6.58,D
39.27614,56.28022,347.38,0.41,0.37,2026-09-01,0902,N21,nominal,2.0NRT,313.34,14.48,D
39.28028,56.28389,337.01,0.41,0.37,2026-09-01,0902,N21,nominal,2.0NRT,306.89,14.48,D
39.28362,56.28294,346.86,0.41,0.37,2026-09-01,0902,N21,nominal,2.0NRT,306.56,3.71,D
39.86259,98.25658,306.45,0.48,0.4,2026-09-01,1940,N21,nominal,2.0NRT,289.72,1.06,N
39.859,98.25535,309.64,0.48,0.4,2026-09-01,1940,N21,nominal,2.0NRT,291.43,1.06,N
39.84386,98.27372,337.05,0.48,0.4,2026-09-01,1940,N21,nominal,2.0NRT,289.33,6.71,N
39.84,98.25472,298.69,0.48,0.4,2026-09-01,1940,N21,nominal,2.0NRT,288.09,0.6,N
39.81366,98.29227,308.05,0.49,0.4,2026-09-01,1940,N21,nominal,2.0NRT,294.94,3.45,N
39.79015,97.88937,298.99,0.47,0.4,2026-09-01,1940,N21,nominal,2.0NRT,288.46,1.74,N
39.7918,97.89354,302.4,0.47,0.4,2026-09-01,1940,N21,nominal,2.0NRT,291.4,1.29,N
36.65388,101.63943,295.11,0.54,0.51,2026-09-01,1940,N21,nominal,2.0NRT,281.13,0.67,N
37.34725,97.41034,299.48,0.49,0.4,2026-09-01,1940,N21,nominal,2.0NRT,285.79,1.12,N
37.34791,97.40968,296.79,0.49,0.4,2026-09-01,1940,N21,nominal,2.0NRT,284.76,1.02,N
36.37983,94.95564,333.18,0.41,0.37,2026-09-01,1940,N21,nominal,2.0NRT,291.28,9.34,N
35.99088,94.82967,305.33,0.41,0.37,2026-09-01,1940,N21,nominal,2.0NRT,285.01,1.54,N
12.7745,80.06129,307.55,0.47,0.48,2026-09-01,1947,N21,nominal,2.0NRT,288.41,2.27,N
12.74623,77.62025,303.7,0.34,0.56,2026-09-01,1947,N21,nominal,2.0NRT,286.49,0.65,N
12.29299,79.93951,323.45,0.47,0.48,2026-09-01,1947,N21,nominal,2.0NRT,289.13,5.71,N
12.29194,79.93996,319.76,0.47,0.48,2026-09-01,1947,N21,nominal,2.0NRT,289.14,5.06,N
11.26855,80.00151,320.92,0.45,0.47,2026-09-01,1947,N21,nominal,2.0NRT,291.48,7.53,N
11.59137,77.27103,348.16,0.35,0.57,2026-09-01,1947,N21,nominal,2.0NRT,283.6,3.82,N
11.59178,77.26778,306.06,0.35,0.57,2026-09-01,1947,N21,nominal,2.0NRT,281.89,3.82,N
29.66276,90.90688,295.86,0.38,0.36,2026-09-01,1942,N21,nominal,2.0NRT,283.18,1.32,N
11.42617,77.40337,319.32,0.34,0.56,2026-09-01,1947,N21,nominal,2.0NRT,290.58,2.14,N
29.65747,90.89764,305.34,0.38,0.36,2026-09-01,1942,N21,nominal,2.0NRT,283.17,0.85,N
11.42341,77.40266,324.28,0.34,0.56,2026-09-01,1947,N21,nominal,2.0NRT,290.37,1.92,N
11.43303,77.16435,309.49,0.35,0.57,2026-09-01,1947,N21,nominal,2.0NRT,290.7,1.15,N
10.99405,79.23645,332.49,0.5,0.49,2026-09-01,1947,N21,nominal,2.0NRT,290.43,7.05,N
10.43844,77.555,304.16,0.32,0.55,2026-09-01,1947,N21,nominal,2.0NRT,290.23,0.47,N
9.58245,77.54297,326.75,0.63,0.54,2026-09-01,1947,N21,nominal,2.0NRT,289.94,6.72,N
29.26505,91.92413,297.2,0.4,0.37,2026-09-01,1942,N21,nominal,2.0NRT,284.78,0.77,N
9.58175,77.54842,322.31,0.63,0.54,2026-09-01,1947,N21,nominal,2.0NRT,289.54,6.28,N
29.26438,91.92816,296.03,0.4,0.37,2026-09-01,1942,N21,nominal,2.0NRT,283.71,0.77,N
9.58542,77.54805,310.36,0.63,0.54,2026-09-01,1947,N21,nominal,2.0NRT,289.06,3.82,N
29.26174,91.92335,300.92,0.4,0.37,2026-09-01,1942,N21,nominal,2.0NRT,284.29,0.77,N
9.58051,77.54716,331.25,0.63,0.54,2026-09-01,1947,N21,nominal,2.0NRT,289.78,3.82,N
9.58125,77.54169,309.06,0.63,0.54,2026-09-01,1947,N21,nominal,2.0NRT,288.53,3.82,N
16.30448,77.35959,301.2,0.4,0.6,2026-09-01,1947,N21,nominal,2.0NRT,284.66,0.61,N
9.57271,77.53027,304.62,0.63,0.54,2026-09-01,1947,N21,nominal,2.0NRT,286.81,2.62,N
15.182,76.66639,302.72,0.43,0.62,2026-09-01,1949,N21,nominal,2.0NRT,275.51,2.1,N
9.57194,77.53596,318.87,0.63,0.54,2026-09-01,1947,N21,nominal,2.0NRT,286.52,2.62,N
15.17762,76.65395,304.08,0.43,0.62,2026-09-01,1949,N21,nominal,2.0NRT,279.58,1.44,N
9.56769,77.5301,311.36,0.63,0.54,2026-09-01,1947,N21,nominal,2.0NRT,286.65,3.24,N
15.17719,76.65791,300.23,0.43,0.62,2026-09-01,1949,N21,nominal,2.0NRT,278.41,1.44,N
8.45078,80.39306,304.02,0.39,0.44,2026-09-01,1949,N21,nominal,2.0NRT,285.45,1.2,N
15.17202,76.38217,295.27,0.45,0.63,2026-09-01,1949,N21,nominal,2.0NRT,279.88,2.13,N
8.44677,80.39247,311.66,0.39,0.44,2026-09-01,1949,N21,nominal,2.0NRT,288.1,1.85,N
15.1653,76.37858,298.37,0.45,0.63,2026-09-01,1949,N21,nominal,2.0NRT,279.99,1.61,N
8.2405,80.55211,308.73,0.57,0.43,2026-09-01,1949,N21,nominal,2.0NRT,293.35,3.13,N
14.51374,75.63936,299.94,0.49,0.65,2026-09-01,1949,N21,nominal,2.0NRT,280.55,0.72,N
8.07735,80.76861,310.31,0.55,0.43,2026-09-01,1949,N21,nominal,2.0NRT,294.5,2.43,N
8.07345,80.76807,306.93,0.55,0.43,2026-09-01,1949,N21,nominal,2.0NRT,294.38,2.43,N
8.07302,80.76559,305.95,0.55,0.43,2026-09-01,1949,N21,nominal,2.0NRT,294.17,0.7,N
7.88977,81.18888,306.11,0.52,0.41,2026-09-01,1949,N21,nominal,2.0NRT,293.79,1.34,N
7.88937,81.19119,307.69,0.52,0.41,2026-09-01,1949,N21,nominal,2.0NRT,293.9,1.24,N
7.43656,81.24056,331.53,0.51,0.41,2026-09-01,1949,N21,nominal,2.0NRT,295.34,5.91,N
7.24864,80.88853,309.79,0.53,0.42,2026-09-01,1949,N21,nominal,2.0NRT,292.93,1.86,N
7.21416,81.04359,310,0.52,0.41,2026-09-01,1949,N21,nominal,2.0NRT,295.32,2.83,N
7.21348,81.04823,313.68,0.52,0.41,2026-09-01,1949,N21,nominal,2.0NRT,295.77,3.6,N
6.97214,81.59323,345.22,0.48,0.4,2026-09-01,1949,N21,nominal,2.0NRT,296.27,17.61,N
6.97252,81.59039,330.57,0.48,0.4,2026-09-01,1949,N21,nominal,2.0NRT,295.65,8.43,N
6.97187,81.59468,328.88,0.48,0.4,2026-09-01,1949,N21,nominal,2.0NRT,294.19,8.43,N
6.95986,79.96089,305.3,0.4,0.44,2026-09-01,1949,N21,nominal,2.0NRT,293.54,1.93,N
6.72321,81.22498,309.44,0.5,0.41,2026-09-01,1949,N21,nominal,2.0NRT,293.73,1.55,N
6.71949,81.22442,326.27,0.5,0.41,2026-09-01,1949,N21,nominal,2.0NRT,299.96,25.63,N
6.72014,81.21996,305.4,0.5,0.41,2026-09-01,1949,N21,nominal,2.0NRT,293.75,11.32,N
6.57154,81.11928,313.9,0.5,0.41,2026-09-01,1949,N21,nominal,2.0NRT,294.32,1.74,N
6.36372,80.74462,307.39,0.52,0.42,2026-09-01,1949,N21,nominal,2.0NRT,293.64,1.62,N
32.3351,54.08697,306.47,0.44,0.62,2026-09-01,2123,N21,nominal,2.0NRT,293.51,1.59,N
32.33329,54.08667,307.26,0.44,0.62,2026-09-01,2123,N21,nominal,2.0NRT,293.55,1.58,N
31.70321,55.44772,311.51,0.36,0.57,2026-09-01,2123,N21,nominal,2.0NRT,299.07,2.47,N
31.62349,54.72407,308.34,0.39,0.6,2026-09-01,2123,N21,nominal,2.0NRT,293.93,1.23,N
30.75642,56.6576,309.66,0.59,0.53,2026-09-01,2123,N21,nominal,2.0NRT,293.45,3.51,N
30.75277,56.65583,310.02,0.59,0.53,2026-09-01,2123,N21,nominal,2.0NRT,293.36,2.76,N
30.66404,56.62039,299.91,0.59,0.53,2026-09-01,2123,N21,nominal,2.0NRT,289.61,1.21,N
30.73293,55.38615,306.36,0.35,0.57,2026-09-01,2123,N21,nominal,2.0NRT,292.12,0.68,N
30.38824,55.7762,306.2,0.33,0.55,2026-09-01,2123,N21,nominal,2.0NRT,292.64,0.54,N
30.32116,55.97171,303.81,0.32,0.55,2026-09-01,2123,N21,nominal,2.0NRT,291.99,0.87,N
30.23188,56.9053,302.12,0.56,0.52,2026-09-01,2123,N21,nominal,2.0NRT,290.3,4.85,N
28.42226,69.70229,315.37,0.53,0.42,2026-09-01,2123,N21,nominal,2.0NRT,297,2.05,N
30.07984,55.39784,312.34,0.35,0.56,2026-09-01,2123,N21,nominal,2.0NRT,293.32,1.84,N
29.99196,55.85019,330.45,0.32,0.55,2026-09-01,2123,N21,nominal,2.0NRT,288.49,9.14,N
29.99171,55.85328,353.04,0.32,0.55,2026-09-01,2123,N21,nominal,2.0NRT,291.53,9.14,N
29.47663,60.80867,305.25,0.5,0.41,2026-09-01,2123,N21,nominal,2.0NRT,292.56,1.22,N
29.99236,55.85141,367,0.32,0.55,2026-09-01,2123,N21,high,2.0NRT,292.63,14.98,N
29.99209,55.8545,337.64,0.32,0.55,2026-09-01,2123,N21,nominal,2.0NRT,288.39,11.11,N
30.00041,55.19724,301.6,0.36,0.57,2026-09-01,2123,N21,nominal,2.0NRT,290.55,0.7,N
29.51099,55.79676,303.91,0.32,0.55,2026-09-01,2123,N21,nominal,2.0NRT,293.04,0.74,N
29.12599,58.27552,316.15,0.45,0.47,2026-09-01,2123,N21,nominal,2.0NRT,294.09,1.27,N
26.25521,74.09451,301.91,0.35,0.57,2026-09-01,2123,N21,nominal,2.0NRT,290.16,0.5,N
29.15324,55.36625,308.5,0.34,0.56,2026-09-01,2123,N21,nominal,2.0NRT,293.48,0.95,N
29.13693,55.37518,314.37,0.34,0.56,2026-09-01,2123,N21,nominal,2.0NRT,296.89,1.79,N
39.85333,66.19946,304.19,0.4,0.37,2026-09-01,2123,N21,nominal,2.0NRT,289.76,1.1,N
39.17585,68.61243,301.29,0.39,0.36,2026-09-01,2123,N21,nominal,2.0NRT,285.36,1.21,N
39.97433,61.68213,297.34,0.4,0.44,2026-09-01,2123,N21,nominal,2.0NRT,287.2,0.31,N
38.83875,69.94716,300.98,0.4,0.37,2026-09-01,2123,N21,nominal,2.0NRT,288.5,0.55,N
25.9415,72.19106,303.53,0.54,0.51,2026-09-01,2125,N21,nominal,2.0NRT,288.57,0.48,N
39.20219,66.83691,303.41,0.39,0.36,2026-09-01,2123,N21,nominal,2.0NRT,291.55,0.96,N
39.18742,65.28953,302.54,0.42,0.38,2026-09-01,2123,N21,nominal,2.0NRT,292.14,1.07,N
39.18428,65.31366,299.47,0.42,0.38,2026-09-01,2123,N21,nominal,2.0NRT,289.37,0.91,N
39.18085,65.31291,313.95,0.42,0.38,2026-09-01,2123,N21,nominal,2.0NRT,289.86,0.91,N
39.18127,65.31511,316.13,0.42,0.38,2026-09-01,2123,N21,nominal,2.0NRT,289.75,0.96,N
39.43453,62.99216,296.59,0.51,0.41,2026-09-01,2123,N21,nominal,2.0NRT,284.56,0.7,N
39.2486,63.21235,310.2,0.5,0.41,2026-09-01,2123,N21,nominal,2.0NRT,288.16,1.79,N
39.20411,63.25559,300.56,0.49,0.41,2026-09-01,2123,N21,nominal,2.0NRT,287.74,0.59,N
39.17808,63.34933,302.18,0.49,0.4,2026-09-01,2123,N21,nominal,2.0NRT,287.3,0.52,N
39.15697,63.46588,307.81,0.48,0.4,2026-09-01,2123,N21,nominal,2.0NRT,287.98,1.15,N
39.13507,63.6203,299,0.48,0.4,2026-09-01,2123,N21,nominal,2.0NRT,287.83,0.64,N
39.17767,63.2215,301.96,0.5,0.41,2026-09-01,2123,N21,nominal,2.0NRT,287.51,0.95,N
39.17179,63.27288,307.13,0.49,0.41,2026-09-01,2123,N21,nominal,2.0NRT,288.2,1.33,N
39.17004,63.2551,295.7,0.49,0.41,2026-09-01,2123,N21,nominal,2.0NRT,285.57,0.55,N
24.93119,74.63396,301.45,0.4,0.6,2026-09-01,2125,N21,nominal,2.0NRT,286.91,0.97,N
26.09372,68.87788,305.62,0.52,0.42,2026-09-01,2125,N21,nominal,2.0NRT,294.84,0.98,N
39.16632,63.2544,297.51,0.49,0.41,2026-09-01,2123,N21,nominal,2.0NRT,286.84,0.55,N
27.22925,60.48863,312.4,0.49,0.4,2026-09-01,2125,N21,nominal,2.0NRT,302.1,3.69,N
39.16196,63.25941,301.5,0.49,0.41,2026-09-01,2123,N21,nominal,2.0NRT,287.3,1.03,N
39.15546,63.3162,303.04,0.49,0.4,2026-09-01,2123,N21,nominal,2.0NRT,287.94,1.18,N
39.1284,63.42045,311.83,0.49,0.4,2026-09-01,2123,N21,nominal,2.0NRT,288.23,1.86,N
39.1265,63.30497,306.13,0.49,0.4,2026-09-01,2123,N21,nominal,2.0NRT,288.73,0.79,N
39.11525,63.33752,310.43,0.49,0.4,2026-09-01,2123,N21,nominal,2.0NRT,289.38,1.91,N
39.05754,63.55323,299.36,0.48,0.4,2026-09-01,2123,N21,nominal,2.0NRT,288.83,0.5,N
38.77386,65.63427,329.05,0.41,0.37,2026-09-01,2123,N21,nominal,2.0NRT,288.49,3.67,N
38.67817,65.95148,301.23,0.4,0.37,2026-09-01,2123,N21,nominal,2.0NRT,288.75,0.91,N
38.67753,65.95605,300.34,0.4,0.37,2026-09-01,2123,N21,nominal,2.0NRT,287.61,0.77,N
38.95533,63.75675,300.43,0.47,0.4,2026-09-01,2123,N21,nominal,2.0NRT,288.01,0.36,N
38.96756,63.62022,302.61,0.48,0.4,2026-09-01,2123,N21,nominal,2.0NRT,287.85,0.84,N
38.9737,63.46945,301.51,0.48,0.4,2026-09-01,2123,N21,nominal,2.0NRT,288.61,0.7,N
38.97466,63.4675,301.88,0.48,0.4,2026-09-01,2123,N21,nominal,2.0NRT,288.73,1.02,N
38.91524,63.80722,299.79,0.47,0.39,2026-09-01,2123,N21,nominal,2.0NRT,287.68,0.68,N
38.87189,63.79881,301.55,0.47,0.39,2026-09-01,2123,N21,nominal,2.0NRT,287.52,0.77,N
38.83623,63.81924,309.96,0.47,0.39,2026-09-01,2123,N21,nominal,2.0NRT,288.04,1.01,N
38.83325,63.81321,298.64,0.47,0.39,2026-09-01,2123,N21,nominal,2.0NRT,288.07,1.01,N
38.46545,65.78278,303.77,0.4,0.37,2026-09-01,2123,N21,nominal,2.0NRT,293.25,2.26,N
38.45552,65.80422,300.53,0.4,0.37,2026-09-01,2123,N21,nominal,2.0NRT,290.42,0.64,N
38.35224,66.31393,306.15,0.39,0.36,2026-09-01,2123,N21,nominal,2.0NRT,289.63,0.69,N
38.65224,63.98019,303.54,0.46,0.39,2026-09-01,2123,N21,nominal,2.0NRT,286.6,0.89,N
38.05135,67.26606,333.04,0.38,0.36,2026-09-01,2123,N21,nominal,2.0NRT,297.48,12.98,N
38.43097,64.19616,302.14,0.45,0.39,2026-09-01,2123,N21,nominal,2.0NRT,287.25,0.7,N
38.20674,64.73986,307.64,0.43,0.38,2026-09-01,2123,N21,nominal,2.0NRT,289.63,1.01,N
38.12797,64.67583,301.89,0.43,0.38,2026-09-01,2123,N21,nominal,2.0NRT,289.46,0.85,N
38.11946,64.71393,300.73,0.43,0.38,2026-09-01,2123,N21,nominal,2.0NRT,287.41,0.65,N
38.08833,64.87078,300.8,0.42,0.38,2026-09-01,2123,N21,nominal,2.0NRT,288.63,0.84,N
38.0733,64.82328,300.99,0.42,0.38,2026-09-01,2123,N21,nominal,2.0NRT,289,0.45,N
38.05486,64.88345,310.61,0.42,0.38,2026-09-01,2123,N21,nominal,2.0NRT,289.72,1.09,N
38.05423,64.88824,302.31,0.42,0.38,2026-09-01,2123,N21,nominal,2.0NRT,289.06,1.09,N
37.99665,65.01082,300.83,0.42,0.38,2026-09-01,2123,N21,nominal,2.0NRT,289.03,0.48,N
37.96583,65.00432,310.26,0.42,0.38,2026-09-01,2123,N21,nominal,2.0NRT,289.79,1.4,N
37.88827,65.08748,308.1,0.42,0.37,2026-09-01,2123,N21,nominal,2.0NRT,290.09,1.19,N
37.82455,65.17015,304.69,0.41,0.37,2026-09-01,2123,N21,nominal,2.0NRT,290.59,0.95,N
37.81587,65.18266,301.17,0.41,0.37,2026-09-01,2123,N21,nominal,2.0NRT,290.49,0.63,N
37.80102,65.18906,305.83,0.41,0.37,2026-09-01,2123,N21,nominal,2.0NRT,290.52,0.71,N
37.72853,65.51155,301.72,0.4,0.37,2026-09-01,2123,N21,nominal,2.0NRT,290.95,0.64,N
37.67549,65.264,304.99,0.41,0.37,2026-09-01,2123,N21,nominal,2.0NRT,290.36,0.94,N
37.65814,65.34081,300.37,0.41,0.37,2026-09-01,2123,N21,nominal,2.0NRT,289.68,0.55,N
37.66533,65.28339,309.09,0.41,0.37,2026-09-01,2123,N21,nominal,2.0NRT,290,1.07,N
37.88766,62.02085,300.94,0.54,0.42,2026-09-01,2123,N21,nominal,2.0NRT,286.87,1.2,N
37.79868,62.55315,303.81,0.51,0.41,2026-09-01,2123,N21,nominal,2.0NRT,287.37,0.92,N
37.79491,62.55248,303.74,0.51,0.41,2026-09-01,2123,N21,nominal,2.0NRT,287.46,0.95,N
37.78863,62.53954,308.48,0.51,0.41,2026-09-01,2123,N21,nominal,2.0NRT,287.29,1.8,N
24.69068,73.00339,305.11,0.32,0.55,2026-09-01,2125,N21,nominal,2.0NRT,287.48,1.2,N
37.79512,62.55042,306.29,0.51,0.41,2026-09-01,2123,N21,nominal,2.0NRT,287.41,1.59,N
27.30158,56.30015,309.97,0.57,0.52,2026-09-01,2125,N21,nominal,2.0NRT,297.99,4.93,N
37.78891,62.53751,308.73,0.51,0.41,2026-09-01,2123,N21,nominal,2.0NRT,288.09,2.11,N
37.78268,62.52458,299.03,0.51,0.41,2026-09-01,2123,N21,nominal,2.0NRT,287.48,0.6,N
37.84068,61.75081,296.97,0.56,0.43,2026-09-01,2123,N21,nominal,2.0NRT,285.95,0.78,N
38.08212,58.45112,307.03,0.56,0.51,2026-09-01,2123,N21,nominal,2.0NRT,287.25,1.19,N
37.74459,62.13154,298.3,0.53,0.42,2026-09-01,2123,N21,nominal,2.0NRT,285.96,0.91,N
37.79469,61.49528,300.48,0.57,0.43,2026-09-01,2123,N21,nominal,2.0NRT,287.31,1.02,N
37.72469,62.09729,298.35,0.54,0.42,2026-09-01,2123,N21,nominal,2.0NRT,286.65,0.91,N
38.08093,58.4505,301.5,0.56,0.51,2026-09-01,2123,N21,nominal,2.0NRT,287.27,1.49,N
37.79275,61.49457,296.27,0.57,0.43,2026-09-01,2123,N21,nominal,2.0NRT,286.1,0.99,N
37.72726,62.09684,309.75,0.54,0.42,2026-09-01,2123,N21,nominal,2.0NRT,288.03,1.8,N
37.74979,61.85649,301.04,0.55,0.43,2026-09-01,2123,N21,nominal,2.0NRT,285.84,0.55,N
37.66899,62.23393,301.01,0.53,0.42,2026-09-01,2123,N21,nominal,2.0NRT,286.91,1.04,N
37.66833,62.23989,297.84,0.53,0.42,2026-09-01,2123,N21,nominal,2.0NRT,286,0.77,N
37.66068,62.23858,302.75,0.53,0.42,2026-09-01,2123,N21,nominal,2.0NRT,287.28,1.02,N
37.6562,62.24388,296.41,0.53,0.42,2026-09-01,2123,N21,nominal,2.0NRT,285.53,1.02,N
37.63713,62.20412,304.54,0.53,0.42,2026-09-01,2123,N21,nominal,2.0NRT,286.69,1.34,N
37.62817,62.21477,299.84,0.53,0.42,2026-09-01,2123,N21,nominal,2.0NRT,287.79,1.42,N
37.62434,62.21411,298.74,0.53,0.42,2026-09-01,2123,N21,nominal,2.0NRT,287.69,1.04,N
37.65348,61.9036,298.32,0.55,0.42,2026-09-01,2123,N21,nominal,2.0NRT,287.46,1.72,N
37.62502,62.17157,305.91,0.53,0.42,2026-09-01,2123,N21,nominal,2.0NRT,288.98,1.06,N
37.62055,62.14022,310.59,0.53,0.42,2026-09-01,2123,N21,nominal,2.0NRT,289.5,2.1,N
37.61671,62.13956,302.02,0.53,0.42,2026-09-01,2123,N21,nominal,2.0NRT,288.54,0.98,N
37.62396,62.12751,304.22,0.53,0.42,2026-09-01,2123,N21,nominal,2.0NRT,288.31,0.76,N
37.61877,62.13889,314.26,0.53,0.42,2026-09-01,2123,N21,nominal,2.0NRT,289.81,2.7,N
37.94184,58.56076,300.27,0.55,0.51,2026-09-01,2123,N21,nominal,2.0NRT,289.45,0.88,N
37.56186,62.08624,311.31,0.53,0.42,2026-09-01,2123,N21,nominal,2.0NRT,285.93,1.78,N
37.6088,61.60811,321.94,0.56,0.43,2026-09-01,2123,N21,nominal,2.0NRT,290.7,2.77,N
37.61212,61.57616,304.44,0.57,0.43,2026-09-01,2123,N21,nominal,2.0NRT,289.88,1.73,N
37.60816,61.57552,301.78,0.57,0.43,2026-09-01,2123,N21,nominal,2.0NRT,288.73,1.09,N
37.59761,61.56077,300.51,0.57,0.43,2026-09-01,2123,N21,nominal,2.0NRT,287.53,1.66,N
37.59298,61.52737,306.57,0.57,0.43,2026-09-01,2123,N21,nominal,2.0NRT,288.71,1.89,N
37.58969,61.55948,298.84,0.57,0.43,2026-09-01,2123,N21,nominal,2.0NRT,287.91,1,N
37.50051,61.98767,298.97,0.54,0.42,2026-09-01,2123,N21,nominal,2.0NRT,287.45,0.83,N
37.51417,61.78952,299.87,0.55,0.43,2026-09-01,2123,N21,nominal,2.0NRT,286.42,0.49,N
37.51093,61.78266,304.67,0.55,0.43,2026-09-01,2123,N21,nominal,2.0NRT,286.79,1.08,N
37.51026,61.78888,311.21,0.55,0.43,2026-09-01,2123,N21,nominal,2.0NRT,286.96,2.27,N
37.7454,59.31069,312.47,0.5,0.49,2026-09-01,2123,N21,nominal,2.0NRT,283.23,1.17,N
37.49645,61.8434,315.62,0.55,0.42,2026-09-01,2123,N21,nominal,2.0NRT,290.91,2.71,N
27.16982,56.05238,355.07,0.58,0.52,2026-09-01,2125,N21,nominal,2.0NRT,300.01,15.45,N
37.49578,61.84956,312.04,0.55,0.42,2026-09-01,2123,N21,nominal,2.0NRT,290.23,2.19,N
37.47853,62.00869,298.15,0.54,0.42,2026-09-01,2123,N21,nominal,2.0NRT,287.69,0.88,N
37.63544,60.34027,305.69,0.44,0.46,2026-09-01,2123,N21,nominal,2.0NRT,287.86,0.99,N
37.6177,60.39252,298.55,0.43,0.46,2026-09-01,2123,N21,nominal,2.0NRT,288.49,0.69,N
37.42212,62.30885,317.22,0.52,0.42,2026-09-01,2123,N21,nominal,2.0NRT,287.6,2.03,N
37.51248,61.01487,304.57,0.4,0.44,2026-09-01,2123,N21,nominal,2.0NRT,288.66,0.94,N
37.50294,61.02717,302.46,0.4,0.44,2026-09-01,2123,N21,nominal,2.0NRT,289.39,0.94,N
27.16501,56.05178,310.53,0.58,0.52,2026-09-01,2125,N21,nominal,2.0NRT,298.14,5.02,N
37.48722,60.46017,306.03,0.43,0.46,2026-09-01,2123,N21,nominal,2.0NRT,287.03,0.82,N
27.15994,56.10435,310.28,0.58,0.52,2026-09-01,2125,N21,nominal,2.0NRT,298.31,5.43,N
37.34851,61.36392,307.14,0.38,0.43,2026-09-01,2123,N21,nominal,2.0NRT,288.57,1.35,N
37.32685,61.09748,309.39,0.4,0.44,2026-09-01,2123,N21,nominal,2.0NRT,288.11,0.98,N
37.11974,62.36475,319.99,0.51,0.41,2026-09-01,2123,N21,nominal,2.0NRT,288.72,5.98,N
37.11597,62.3641,311.14,0.51,0.41,2026-09-01,2123,N21,nominal,2.0NRT,289.59,2.88,N
37.03284,62.41829,335.43,0.51,0.41,2026-09-01,2123,N21,nominal,2.0NRT,293.27,5.6,N
37.0335,62.41257,302.74,0.51,0.41,2026-09-01,2123,N21,nominal,2.0NRT,288.86,1.65,N
37.45354,57.68696,299.93,0.61,0.53,2026-09-01,2123,N21,nominal,2.0NRT,289.56,1.32,N
36.99107,56.23097,306.04,0.36,0.58,2026-09-01,2123,N21,nominal,2.0NRT,289.55,0.67,N
36.47692,61.62029,299.6,0.55,0.42,2026-09-01,2123,N21,nominal,2.0NRT,288.61,1.93,N
36.43714,61.22091,304.28,0.57,0.43,2026-09-01,2123,N21,nominal,2.0NRT,290.42,1.41,N
35.90709,62.96637,307.38,0.47,0.4,2026-09-01,2123,N21,nominal,2.0NRT,291.55,1.19,N
35.90675,62.96434,308.25,0.47,0.4,2026-09-01,2123,N21,nominal,2.0NRT,291.81,1.06,N
36.23828,59.73225,302.4,0.45,0.47,2026-09-01,2123,N21,nominal,2.0NRT,289.28,0.99,N
35.36575,59.30516,300.13,0.47,0.48,2026-09-01,2123,N21,nominal,2.0NRT,289.15,1.1,N
25.9748,56.06693,312.31,0.56,0.52,2026-09-01,2125,N21,nominal,2.0NRT,301.2,1.75,N
25.96531,56.06578,313.72,0.56,0.52,2026-09-01,2125,N21,nominal,2.0NRT,301.9,1.73,N
25.56966,55.9893,310.96,0.56,0.52,2026-09-01,2125,N21,nominal,2.0NRT,300.35,2.07,N
33.26918,71.3095,317.49,0.53,0.42,2026-09-01,2123,N21,nominal,2.0NRT,292.65,2.28,N
32.88774,71.6191,309.32,0.56,0.43,2026-09-01,2123,N21,nominal,2.0NRT,293.97,4.73,N
32.28819,70.73662,307.81,0.52,0.41,2026-09-01,2125,N21,nominal,2.0NRT,293.5,3.82,N
33.75487,59.14758,303.36,0.46,0.47,2026-09-01,2125,N21,nominal,2.0NRT,287.22,1.24,N
33.75055,59.14699,300.28,0.46,0.47,2026-09-01,2125,N21,nominal,2.0NRT,286.07,0.64,N
22.93195,69.69841,303.97,0.44,0.46,2026-09-01,2125,N21,nominal,2.0NRT,286.95,1.21,N
24.98952,55.62461,331.9,0.59,0.52,2026-09-01,2125,N21,nominal,2.0NRT,300.83,4.53,N
24.99016,55.62383,324.82,0.58,0.52,2026-09-01,2125,N21,nominal,2.0NRT,300.32,2.63,N
24.50544,56.60857,340.62,0.5,0.49,2026-09-01,2125,N21,nominal,2.0NRT,301.38,9,N
24.50701,56.59378,312.5,0.5,0.49,2026-09-01,2125,N21,nominal,2.0NRT,300.39,1.71,N
24.45473,56.55024,313.51,0.5,0.49,2026-09-01,2125,N21,nominal,2.0NRT,299.74,1.73,N
24.32763,54.46844,313.81,0.34,0.56,2026-09-01,2125,N21,nominal,2.0NRT,302.12,1.71,N
24.32247,54.46789,317.22,0.34,0.56,2026-09-01,2125,N21,nominal,2.0NRT,303.38,2.01,N
23.55347,58.19891,312.46,0.39,0.44,2026-09-01,2125,N21,nominal,2.0NRT,300.86,0.78,N
23.48472,58.28181,315.11,0.39,0.44,2026-09-01,2125,N21,nominal,2.0NRT,301.54,1,N
20.90965,71.45818,303.17,0.62,0.54,2026-09-01,2125,N21,nominal,2.0NRT,282.35,1.21,N
23.03977,57.32356,314.01,0.43,0.46,2026-09-01,2125,N21,nominal,2.0NRT,299.75,1.83,N
23.19144,55.45644,316.36,0.57,0.52,2026-09-01,2125,N21,nominal,2.0NRT,300.41,3.85,N
23.19061,55.45884,320.57,0.57,0.52,2026-09-01,2125,N21,nominal,2.0NRT,300.93,3.62,N
23.31231,54.17683,367,0.35,0.56,2026-09-01,2125,N21,high,2.0NRT,302.3,4.1,N
23.31265,54.17344,314.96,0.35,0.56,2026-09-01,2125,N21,nominal,2.0NRT,302.39,4.1,N
22.87886,55.92556,330.15,0.53,0.5,2026-09-01,2125,N21,nominal,2.0NRT,298.8,3.25,N
22.40361,56.98631,313.26,0.45,0.47,2026-09-01,2125,N21,nominal,2.0NRT,297.81,1.88,N
22.40312,56.99064,315.61,0.45,0.47,2026-09-01,2125,N21,nominal,2.0NRT,297.47,1.88,N
22.32972,56.48906,308.53,0.48,0.48,2026-09-01,2125,N21,nominal,2.0NRT,297.32,2.41,N
22.32744,56.4702,327.78,0.48,0.48,2026-09-01,2125,N21,nominal,2.0NRT,298.61,3.03,N
22.32531,56.48857,330.64,0.48,0.48,2026-09-01,2125,N21,nominal,2.0NRT,298.05,2.41,N
22.52176,54.05043,312.89,0.34,0.56,2026-09-01,2125,N21,nominal,2.0NRT,300.48,1.09,N
21.93811,57.07181,332.32,0.43,0.46,2026-09-01,2125,N21,nominal,2.0NRT,293.46,4.85,N
22.01014,56.42915,310.65,0.48,0.48,2026-09-01,2125,N21,nominal,2.0NRT,297.17,1.05,N
21.89148,56.84473,319.24,0.45,0.47,2026-09-01,2125,N21,nominal,2.0NRT,294.66,4.77,N
21.33255,57.72398,316.97,0.39,0.44,2026-09-01,2125,N21,nominal,2.0NRT,294.51,1.74,N
21.33499,57.72503,308.14,0.39,0.44,2026-09-01,2125,N21,nominal,2.0NRT,294.15,1.66,N
21.31892,57.72276,319.14,0.39,0.44,2026-09-01,2125,N21,nominal,2.0NRT,294.95,1.83,N
21.31206,57.74468,332.92,0.39,0.44,2026-09-01,2125,N21,nominal,2.0NRT,295.02,2.22,N
21.31253,57.74094,313.4,0.39,0.44,2026-09-01,2125,N21,nominal,2.0NRT,294.4,2.22,N
21.30473,57.70547,320.79,0.39,0.44,2026-09-01,2125,N21,nominal,2.0NRT,292.86,1.1,N
18.68805,73.05092,298.87,0.43,0.62,2026-09-01,2125,N21,nominal,2.0NRT,280.5,1.1,N
21.29547,57.68126,312.96,0.39,0.44,2026-09-01,2125,N21,nominal,2.0NRT,294.53,1.08,N
18.68674,73.02962,302.19,0.43,0.62,2026-09-01,2125,N21,nominal,2.0NRT,279.16,1.77,N
21.29324,57.09906,307.41,0.42,0.46,2026-09-01,2125,N21,nominal,2.0NRT,296.48,2.57,N
21.33337,56.69893,340.33,0.45,0.47,2026-09-01,2125,N21,nominal,2.0NRT,301.45,12.96,N
21.40855,55.74267,313.19,0.52,0.5,2026-09-01,2125,N21,nominal,2.0NRT,298.98,7.5,N
20.3758,55.93622,324.78,0.49,0.49,2026-09-01,2127,N21,nominal,2.0NRT,297.87,4.47,N
20.38823,55.66187,324.25,0.51,0.49,2026-09-01,2127,N21,nominal,2.0NRT,298.36,3.59,N
20.38716,55.65956,312.72,0.51,0.49,2026-09-01,2127,N21,nominal,2.0NRT,298.1,2.11,N
20.38659,55.66445,312.87,0.51,0.49,2026-09-01,2127,N21,nominal,2.0NRT,297.57,1.89,N
20.38378,55.64919,311.69,0.51,0.49,2026-09-01,2127,N21,nominal,2.0NRT,298.17,2.66,N
20.21386,55.71359,313.72,0.5,0.49,2026-09-01,2127,N21,nominal,2.0NRT,296.94,1.09,N
20.0248,56.15127,306.89,0.47,0.48,2026-09-01,2127,N21,nominal,2.0NRT,296.57,0.77,N
20.02411,56.14867,309.78,0.47,0.48,2026-09-01,2127,N21,nominal,2.0NRT,296.58,0.92,N
19.26774,56.17561,312.04,0.46,0.47,2026-09-01,2127,N21,nominal,2.0NRT,294.98,1.13,N
18.5584,55.86885,305.36,0.47,0.48,2026-09-01,2127,N21,nominal,2.0NRT,294.06,1.45,N
18.32103,55.10165,325.46,0.52,0.5,2026-09-01,2127,N21,nominal,2.0NRT,295.48,3.95,N
18.32048,55.103,327.78,0.52,0.5,2026-09-01,2127,N21,nominal,2.0NRT,296.22,4.3,N
18.01463,54.57358,338.64,0.56,0.51,2026-09-01,2127,N21,nominal,2.0NRT,301.06,15.62,N
39.50848,54.32833,300.01,0.35,0.57,2026-09-01,2301,N21,nominal,2.0NRT,288.27,0.41,N
36.48187,54.90246,299.32,0.45,0.63,2026-09-01,2303,N21,nominal,2.0NRT,288.57,0.83,N
36.32242,54.18679,295.53,0.42,0.61,2026-09-01,2303,N21,nominal,2.0NRT,285.16,0.5,N
32.33573,54.08826,305.25,0.52,0.67,2026-09-01,2303,N21,nominal,2.0NRT,290.94,2.02,N
31.94158,54.04661,310.79,0.53,0.67,2026-09-01,2303,N21,nominal,2.0NRT,293.22,1.92,N
31.62486,54.72352,305.33,0.59,0.7,2026-09-01,2303,N21,nominal,2.0NRT,290.71,2.73,N
29.99191,55.85307,326.25,0.76,0.77,2026-09-01,2303,N21,nominal,2.0NRT,287.97,5.71,N
36.44,101.77929,334.94,0.45,0.63,2026-09-02,0521,N21,nominal,2.0NRT,299.32,4.47,D
36.70357,101.71116,330.64,0.45,0.63,2026-09-02,0521,N21,nominal,2.0NRT,299.91,2.23,D
36.8493,101.74242,334.16,0.44,0.63,2026-09-02,0521,N21,nominal,2.0NRT,301.4,5.67,D
38.22004,101.94791,335.68,0.4,0.6,2026-09-02,0523,N21,nominal,2.0NRT,303.39,3.15,D
35.79331,101.48711,338.18,0.41,0.61,2026-09-02,0659,N21,nominal,2.0NRT,304.92,6.78,D
35.75581,100.4453,335.1,0.36,0.57,2026-09-02,0701,N21,nominal,2.0NRT,300.44,1.71,D
36.16921,100.70872,330.07,0.37,0.58,2026-09-02,0701,N21,low,2.0NRT,303.93,3.29,D
36.43726,101.70528,338.99,0.43,0.62,2026-09-02,0701,N21,nominal,2.0NRT,299.72,4.51,D
16.00971,100.05595,345.32,0.39,0.44,2026-09-02,0657,N21,nominal,2.0NRT,291.49,5.4,D
36.67004,101.52046,330.78,0.42,0.61,2026-09-02,0701,N21,low,2.0NRT,302.44,1.3,D
16.11241,100.01537,333.38,0.39,0.44,2026-09-02,0657,N21,nominal,2.0NRT,292.8,2.9,D
36.76865,101.57463,332.78,0.42,0.61,2026-09-02,0701,N21,nominal,2.0NRT,302.35,3.24,D
16.13912,100.06355,332.06,0.39,0.44,2026-09-02,0657,N21,nominal,2.0NRT,291.02,1.77,D
36.76675,101.57629,335.75,0.42,0.61,2026-09-02,0701,N21,nominal,2.0NRT,302.33,2.82,D
16.15882,100.04542,339.28,0.39,0.44,2026-09-02,0657,N21,nominal,2.0NRT,290.44,6.26,D
36.8455,101.79361,342.28,0.44,0.62,2026-09-02,0701,N21,nominal,2.0NRT,303.87,5.05,D
16.20964,100.35391,341.46,0.41,0.45,2026-09-02,0657,N21,nominal,2.0NRT,288.65,5.34,D
36.88819,101.84554,347.48,0.44,0.62,2026-09-02,0701,N21,nominal,2.0NRT,301.41,8.01,D
16.28055,100.32081,341.27,0.41,0.45,2026-09-02,0657,N21,nominal,2.0NRT,288.56,9.19,D
36.89006,101.84505,349.31,0.44,0.62,2026-09-02,0701,N21,nominal,2.0NRT,301.53,7.04,D
16.34182,100.28263,333,0.41,0.45,2026-09-02,0657,N21,nominal,2.0NRT,286.97,4.03,D
16.56779,99.70409,330.88,0.57,0.43,2026-09-02,0657,N21,nominal,2.0NRT,288.84,4.05,D
16.7139,99.71917,330.09,0.57,0.43,2026-09-02,0657,N21,nominal,2.0NRT,288.01,4.14,D
17.03807,100.04547,335.74,0.4,0.44,2026-09-02,0657,N21,nominal,2.0NRT,293.25,3.47,D
18.62291,101.83177,340.03,0.55,0.51,2026-09-02,0657,N21,nominal,2.0NRT,294.12,8.28,D
18.62539,101.82919,333.42,0.55,0.51,2026-09-02,0657,N21,nominal,2.0NRT,293.7,5.29,D
25.788,101.82864,330.73,0.34,0.56,2026-09-02,0659,N21,low,2.0NRT,305.31,6.33,D
26.62296,101.59339,343.1,0.33,0.56,2026-09-02,0659,N21,nominal,2.0NRT,302.27,2.66,D
26.62158,101.59383,346.35,0.33,0.56,2026-09-02,0659,N21,nominal,2.0NRT,302.8,5.31,D
27.37714,95.33408,337.86,0.45,0.39,2026-09-02,0659,N21,nominal,2.0NRT,293.68,3.63,D
29.19191,89.91774,327.57,0.4,0.37,2026-09-02,0701,N21,low,2.0NRT,301.92,2.54,D
29.72599,91.45824,339.14,0.38,0.36,2026-09-02,0701,N21,nominal,2.0NRT,303.53,4.89,D
29.72998,90.80003,330.9,0.39,0.36,2026-09-02,0701,N21,nominal,2.0NRT,299.97,9.27,D
5.53657,100.37658,333.42,0.46,0.39,2026-09-02,0652,N21,nominal,2.0NRT,297.79,5.88,D
5.84367,101.93073,333.61,0.56,0.43,2026-09-02,0652,N21,nominal,2.0NRT,294.1,7.93,D
5.67631,100.63862,343.82,0.48,0.4,2026-09-02,0652,N21,nominal,2.0NRT,298.81,7.24,D
5.67568,100.63433,349.55,0.48,0.4,2026-09-02,0652,N21,nominal,2.0NRT,298.55,7.24,D
7.59791,100.36993,332.99,0.48,0.4,2026-09-02,0652,N21,nominal,2.0NRT,292.24,5.89,D
7.59728,100.36559,333.37,0.48,0.4,2026-09-02,0652,N21,nominal,2.0NRT,292.24,5.89,D
7.80073,99.8504,332.92,0.46,0.39,2026-09-02,0652,N21,nominal,2.0NRT,297.96,2.03,D
7.72333,99.26175,334.83,0.43,0.38,2026-09-02,0652,N21,nominal,2.0NRT,296.66,2.5,D
8.10315,99.3143,335.6,0.44,0.38,2026-09-02,0654,N21,nominal,2.0NRT,296.01,2.89,D
6.41024,81.3175,336.82,0.4,0.6,2026-09-02,0835,N21,nominal,2.0NRT,297.52,4.91,D
6.47141,81.10697,354.62,0.39,0.59,2026-09-02,0835,N21,nominal,2.0NRT,299.64,24.34,D
6.67148,81.24696,367,0.4,0.6,2026-09-02,0835,N21,high,2.0NRT,297.99,56.73,D
6.67099,81.24335,353.51,0.4,0.6,2026-09-02,0835,N21,nominal,2.0NRT,297.94,56.73,D
6.67746,81.2498,367,0.4,0.6,2026-09-02,0835,N21,high,2.0NRT,299.31,130.4,D
6.67647,81.24255,355.19,0.4,0.6,2026-09-02,0835,N21,nominal,2.0NRT,296.58,56.73,D
6.67697,81.24619,207.38,0.4,0.6,2026-09-02,0835,N21,low,2.0NRT,306.44,56.73,D
6.72999,81.59464,343.88,0.43,0.62,2026-09-02,0835,N21,nominal,2.0NRT,301.07,5.58,D
6.71499,81.40114,331.25,0.41,0.61,2026-09-02,0835,N21,nominal,2.0NRT,299.98,4.23,D
6.74757,81.51431,336.05,0.42,0.61,2026-09-02,0835,N21,nominal,2.0NRT,301.27,3.08,D
6.72483,81.22827,343.5,0.4,0.6,2026-09-02,0835,N21,nominal,2.0NRT,295.73,4.82,D
6.72432,81.22465,351.79,0.4,0.6,2026-09-02,0835,N21,nominal,2.0NRT,296.86,8.45,D
6.69402,81.00782,330.23,0.39,0.59,2026-09-02,0835,N21,nominal,2.0NRT,297.15,2.05,D
6.74612,81.51452,338.59,0.42,0.61,2026-09-02,0835,N21,nominal,2.0NRT,301.52,4.04,D
6.72,81.22863,340.53,0.4,0.6,2026-09-02,0835,N21,nominal,2.0NRT,297.83,8.71,D
6.71952,81.22499,335.41,0.4,0.6,2026-09-02,0835,N21,nominal,2.0NRT,296.98,5.85,D
6.725,81.22418,338.07,0.4,0.6,2026-09-02,0835,N21,nominal,2.0NRT,296.27,5.85,D
6.75611,81.16471,367,0.4,0.6,2026-09-02,0835,N21,high,2.0NRT,297.26,9.84,D
6.7566,81.16835,344.94,0.4,0.6,2026-09-02,0835,N21,nominal,2.0NRT,296.41,9.84,D
6.84593,81.37031,331.1,0.41,0.61,2026-09-02,0835,N21,nominal,2.0NRT,297.59,4.43,D
6.91149,81.61044,336.35,0.43,0.62,2026-09-02,0835,N21,nominal,2.0NRT,299.09,4.58,D
6.9741,81.60574,367,0.43,0.62,2026-09-02,0835,N21,high,2.0NRT,300.37,24.19,D
6.97357,81.60188,354.35,0.43,0.62,2026-09-02,0835,N21,nominal,2.0NRT,299.41,18.65,D
6.98027,81.60882,350.36,0.43,0.62,2026-09-02,0835,N21,nominal,2.0NRT,297.76,11.32,D
6.97974,81.60493,350.85,0.43,0.62,2026-09-02,0835,N21,nominal,2.0NRT,298.92,11.32,D
6.97166,81.60588,367,0.43,0.62,2026-09-02,0835,N21,high,2.0NRT,300.77,14.4,D
6.97116,81.60201,355.41,0.43,0.62,2026-09-02,0835,N21,nominal,2.0NRT,299.8,21.76,D
6.9773,81.60505,332.87,0.43,0.62,2026-09-02,0835,N21,nominal,2.0NRT,298.84,14.4,D
6.98345,81.60812,345,0.43,0.62,2026-09-02,0835,N21,nominal,2.0NRT,297.56,7.16,D
6.98294,81.60423,341.9,0.43,0.62,2026-09-02,0835,N21,nominal,2.0NRT,297.51,7.16,D
7.05409,81.45085,331.41,0.42,0.61,2026-09-02,0835,N21,nominal,2.0NRT,295.71,6.08,D
7.10011,81.70355,335.22,0.44,0.62,2026-09-02,0835,N21,nominal,2.0NRT,295.68,3.56,D
7.09695,81.70384,332.12,0.44,0.62,2026-09-02,0835,N21,nominal,2.0NRT,296.42,2.72,D
7.30523,81.3973,338.78,0.42,0.61,2026-09-02,0835,N21,nominal,2.0NRT,297.2,8.99,D
7.36999,81.75822,331.87,0.45,0.63,2026-09-02,0835,N21,nominal,2.0NRT,297.79,2.66,D
7.29756,81.12653,355.04,0.4,0.6,2026-09-02,0835,N21,nominal,2.0NRT,301.58,6.32,D
7.32932,81.23756,351.03,0.41,0.61,2026-09-02,0835,N21,nominal,2.0NRT,302.92,7.49,D
7.35922,81.4173,367,0.42,0.61,2026-09-02,0835,N21,high,2.0NRT,299.12,12.07,D
7.33528,81.23988,355.61,0.41,0.61,2026-09-02,0835,N21,nominal,2.0NRT,302.98,8.81,D
7.34048,81.1952,340.45,0.41,0.6,2026-09-02,0835,N21,nominal,2.0NRT,305.98,13.06,D
7.34603,81.19463,367,0.41,0.6,2026-09-02,0835,N21,high,2.0NRT,307.98,13.06,D
7.34553,81.19096,339.26,0.41,0.6,2026-09-02,0835,N21,nominal,2.0NRT,304.45,12.48,D
7.3376,81.13284,343.05,0.4,0.6,2026-09-02,0835,N21,nominal,2.0NRT,301.63,4.88,D
7.34599,81.19432,367,0.41,0.6,2026-09-02,0835,N21,high,2.0NRT,307.87,20.33,D
7.34552,81.19064,339.48,0.41,0.6,2026-09-02,0835,N21,nominal,2.0NRT,304.34,10.37,D
7.37603,81.209,347.5,0.41,0.61,2026-09-02,0835,N21,nominal,2.0NRT,303.19,4.89,D
7.37556,81.20541,336.77,0.41,0.61,2026-09-02,0835,N21,nominal,2.0NRT,302.96,4.89,D
7.37412,81.19444,334.8,0.41,0.6,2026-09-02,0835,N21,nominal,2.0NRT,303.98,3.77,D
7.37363,81.19067,330.78,0.41,0.6,2026-09-02,0835,N21,low,2.0NRT,304.22,3.77,D
7.38109,81.2047,340.75,0.41,0.61,2026-09-02,0835,N21,nominal,2.0NRT,296.16,4.37,D
7.38537,81.15173,337.05,0.41,0.6,2026-09-02,0835,N21,nominal,2.0NRT,303.49,4.93,D
7.41087,81.04942,332.71,0.4,0.6,2026-09-02,0835,N21,nominal,2.0NRT,301.31,3.09,D
7.47621,80.90349,330.15,0.39,0.59,2026-09-02,0835,N21,nominal,2.0NRT,300.65,3.25,D
7.51921,80.89452,341.05,0.39,0.59,2026-09-02,0835,N21,nominal,2.0NRT,300.43,8.4,D
7.51856,80.88973,352.13,0.39,0.59,2026-09-02,0835,N21,nominal,2.0NRT,300.69,7.39,D
7.52406,80.88957,347.48,0.39,0.59,2026-09-02,0835,N21,nominal,2.0NRT,301.42,6.49,D
7.52102,80.8932,340.91,0.39,0.59,2026-09-02,0835,N21,nominal,2.0NRT,301.79,7.67,D
7.52041,80.88845,355.14,0.39,0.59,2026-09-02,0835,N21,nominal,2.0NRT,301.57,11.58,D
7.52647,80.89267,333.01,0.39,0.59,2026-09-02,0835,N21,nominal,2.0NRT,300.11,7.67,D
7.5936,80.98196,367,0.4,0.6,2026-09-02,0835,N21,high,2.0NRT,301.09,8.91,D
7.74068,81.15677,330.4,0.41,0.61,2026-09-02,0835,N21,nominal,2.0NRT,299.72,7.75,D
7.66308,80.21366,336.79,0.35,0.57,2026-09-02,0835,N21,nominal,2.0NRT,294.57,2.56,D
7.8507,81.22355,350.27,0.42,0.61,2026-09-02,0835,N21,nominal,2.0NRT,299.34,9.84,D
7.78083,80.65666,330.34,0.38,0.59,2026-09-02,0835,N21,nominal,2.0NRT,297.69,2.88,D
7.93702,81.32671,367,0.42,0.61,2026-09-02,0835,N21,high,2.0NRT,303.2,17.81,D
7.93653,81.3229,350.54,0.42,0.61,2026-09-02,0835,N21,nominal,2.0NRT,302.59,17.81,D
7.73912,79.81786,345.27,0.33,0.55,2026-09-02,0835,N21,nominal,2.0NRT,297.15,5.24,D
7.94215,81.32213,367,0.42,0.61,2026-09-02,0835,N21,high,2.0NRT,300.77,13.73,D
7.94264,81.32597,347.12,0.42,0.61,2026-09-02,0835,N21,nominal,2.0NRT,298.89,13.73,D
7.94165,81.31831,350.65,0.42,0.61,2026-09-02,0835,N21,nominal,2.0NRT,301.45,16.01,D
7.93819,81.29163,343.87,0.42,0.61,2026-09-02,0835,N21,nominal,2.0NRT,301.02,6.31,D
7.94627,81.30991,344.32,0.42,0.61,2026-09-02,0835,N21,nominal,2.0NRT,300.78,11.45,D
7.94429,81.29467,353.19,0.42,0.61,2026-09-02,0835,N21,nominal,2.0NRT,300.74,6.31,D
7.9438,81.29086,336.49,0.42,0.61,2026-09-02,0835,N21,nominal,2.0NRT,300.73,6.31,D
7.80018,80.11943,330.76,0.35,0.57,2026-09-02,0835,N21,nominal,2.0NRT,295.57,1.93,D
7.85564,80.4143,339.69,0.37,0.58,2026-09-02,0835,N21,nominal,2.0NRT,294.6,3.75,D
7.8919,80.64431,330.25,0.38,0.59,2026-09-02,0835,N21,nominal,2.0NRT,294.66,1.74,D
7.8837,80.34432,330,0.36,0.58,2026-09-02,0835,N21,nominal,2.0NRT,295.12,2.93,D
7.92437,80.65961,334.91,0.38,0.59,2026-09-02,0835,N21,nominal,2.0NRT,296.3,5.9,D
7.88404,80.34646,332.82,0.36,0.58,2026-09-02,0835,N21,nominal,2.0NRT,293.68,2.33,D
7.83926,79.88157,334.94,0.34,0.56,2026-09-02,0835,N21,nominal,2.0NRT,294.56,2.85,D
7.84475,79.88389,332.69,0.34,0.56,2026-09-02,0835,N21,nominal,2.0NRT,292.58,2.85,D
7.84435,79.88088,330.31,0.34,0.56,2026-09-02,0835,N21,nominal,2.0NRT,293.98,2.85,D
8.02131,80.68874,330.61,0.38,0.59,2026-09-02,0835,N21,nominal,2.0NRT,297.72,3.03,D
8.00556,80.37322,347.66,0.36,0.58,2026-09-02,0835,N21,nominal,2.0NRT,297.43,13.41,D
8.00544,80.37373,340.09,0.37,0.58,2026-09-02,0835,N21,nominal,2.0NRT,296.69,6.19,D
8.00502,80.37047,334.48,0.37,0.58,2026-09-02,0835,N21,nominal,2.0NRT,296.27,6.19,D
8.09719,80.74323,345.43,0.39,0.59,2026-09-02,0835,N21,nominal,2.0NRT,297.48,8.35,D
8.08348,80.59769,367,0.38,0.59,2026-09-02,0835,N21,high,2.0NRT,296.82,11.13,D
8.13257,80.61436,330.39,0.38,0.59,2026-09-02,0835,N21,nominal,2.0NRT,296.48,3.14,D
8.08506,80.08055,330.69,0.35,0.57,2026-09-02,0835,N21,nominal,2.0NRT,295.45,3.16,D
8.21361,80.77289,336.66,0.39,0.59,2026-09-02,0835,N21,nominal,2.0NRT,296.73,4.19,D
8.20121,80.67872,331.4,0.39,0.59,2026-09-02,0835,N21,nominal,2.0NRT,298.62,2.31,D
8.28278,80.99872,330.76,0.41,0.6,2026-09-02,0835,N21,nominal,2.0NRT,295.52,2.33,D
8.27938,80.75308,350.09,0.39,0.59,2026-09-02,0835,N21,nominal,2.0NRT,297.27,10.2,D
8.26906,80.58801,367,0.38,0.59,2026-09-02,0835,N21,high,2.0NRT,298.38,11.7,D
8.29839,80.72919,342.63,0.39,0.59,2026-09-02,0835,N21,nominal,2.0NRT,296.47,7.83,D
8.19724,79.91821,334.97,0.34,0.56,2026-09-02,0835,N21,nominal,2.0NRT,295.24,1.72,D
8.22195,79.94675,367,0.34,0.56,2026-09-02,0835,N21,high,2.0NRT,296.46,14.84,D
8.32395,80.6719,334.05,0.39,0.59,2026-09-02,0835,N21,nominal,2.0NRT,296.59,2.48,D
8.34202,80.68362,351.21,0.39,0.59,2026-09-02,0835,N21,nominal,2.0NRT,298.66,6.24,D
8.34744,80.68293,345.58,0.39,0.59,2026-09-02,0835,N21,nominal,2.0NRT,296.98,6.24,D
8.34652,80.67604,336.23,0.39,0.59,2026-09-02,0835,N21,nominal,2.0NRT,297.41,4.61,D
8.34606,80.67258,343.23,0.39,0.59,2026-09-02,0835,N21,nominal,2.0NRT,298.37,4.61,D
8.33955,80.62406,332.52,0.38,0.59,2026-09-02,0835,N21,nominal,2.0NRT,295.02,3.39,D
8.33908,80.62061,333.95,0.38,0.59,2026-09-02,0835,N21,nominal,2.0NRT,294.82,3.62,D
8.31593,80.2891,330.58,0.36,0.58,2026-09-02,0835,N21,nominal,2.0NRT,296.07,3.95,D
8.34845,80.67332,346.15,0.39,0.59,2026-09-02,0835,N21,nominal,2.0NRT,297.71,8.08,D
8.31578,80.28963,335.94,0.36,0.58,2026-09-02,0835,N21,nominal,2.0NRT,296.2,3.62,D
8.32674,80.29144,330.4,0.36,0.58,2026-09-02,0835,N21,nominal,2.0NRT,296.62,3.8,D
8.4069,80.82774,352.87,0.4,0.6,2026-09-02,0835,N21,nominal,2.0NRT,298.05,24.17,D
8.41284,80.83062,367,0.4,0.6,2026-09-02,0835,N21,high,2.0NRT,298.34,17.06,D
8.41237,80.82706,332.76,0.4,0.6,2026-09-02,0835,N21,nominal,2.0NRT,297.26,13.59,D
8.41599,80.812,367,0.4,0.6,2026-09-02,0835,N21,high,2.0NRT,297.53,12.6,D
8.40586,80.73381,347.13,0.39,0.59,2026-09-02,0835,N21,nominal,2.0NRT,297.91,6.77,D
8.38371,80.52162,334.62,0.38,0.59,2026-09-02,0835,N21,nominal,2.0NRT,296.48,3.71,D
8.42694,80.81065,333.85,0.4,0.6,2026-09-02,0835,N21,nominal,2.0NRT,297.19,6.71,D
8.47318,81.1229,345.11,0.42,0.61,2026-09-02,0835,N21,nominal,2.0NRT,294.33,4.41,D
8.43068,80.71223,367,0.39,0.59,2026-09-02,0835,N21,high,2.0NRT,298.38,14.62,D
8.42871,80.65554,330.11,0.39,0.59,2026-09-02,0835,N21,nominal,2.0NRT,297.77,5.03,D
8.4503,80.73517,339.2,0.39,0.6,2026-09-02,0835,N21,nominal,2.0NRT,296.99,5.29,D
8.44983,80.73161,340.98,0.39,0.59,2026-09-02,0835,N21,nominal,2.0NRT,297.63,5.29,D
8.44935,80.72803,330.35,0.39,0.59,2026-09-02,0835,N21,nominal,2.0NRT,297.41,4.76,D
8.47287,80.86323,336.56,0.4,0.6,2026-09-02,0835,N21,nominal,2.0NRT,295.96,4.8,D
8.45479,80.72732,354.98,0.39,0.59,2026-09-02,0835,N21,nominal,2.0NRT,296.94,6.29,D
8.40145,80.32819,330,0.37,0.58,2026-09-02,0835,N21,nominal,2.0NRT,296.28,3.52,D
8.41479,80.38741,351.62,0.37,0.58,2026-09-02,0835,N21,nominal,2.0NRT,295.24,11.89,D
8.45249,80.62759,367,0.39,0.59,2026-09-02,0835,N21,high,2.0NRT,297.54,8.31,D
8.44973,80.60696,367,0.38,0.59,2026-09-02,0835,N21,high,2.0NRT,298.3,17.01,D
8.45388,80.63795,330.82,0.39,0.59,2026-09-02,0835,N21,nominal,2.0NRT,296.15,6.45,D
8.45342,80.6345,352.55,0.39,0.59,2026-09-02,0835,N21,nominal,2.0NRT,296.13,13.24,D
8.3931,80.18663,330.78,0.36,0.57,2026-09-02,0835,N21,nominal,2.0NRT,297,2.7,D
8.41731,80.32602,336.64,0.37,0.58,2026-09-02,0835,N21,nominal,2.0NRT,291.87,6.67,D
8.40315,80.22147,335.06,0.36,0.57,2026-09-02,0835,N21,nominal,2.0NRT,296.61,8.58,D
8.40271,80.21823,351.71,0.36,0.57,2026-09-02,0835,N21,nominal,2.0NRT,297.27,9.82,D
8.49256,80.80211,330.69,0.4,0.6,2026-09-02,0835,N21,nominal,2.0NRT,296.88,5.04,D
8.48821,80.76984,335.56,0.4,0.6,2026-09-02,0835,N21,nominal,2.0NRT,295.43,7.16,D
8.45092,80.63725,367,0.39,0.59,2026-09-02,0835,N21,high,2.0NRT,296.43,11.38,D
8.45005,80.63035,350.91,0.39,0.59,2026-09-02,0835,N21,nominal,2.0NRT,296.56,16.71,D
8.44962,80.62689,337.24,0.39,0.59,2026-09-02,0835,N21,nominal,2.0NRT,296.85,8.37,D
8.40331,80.21985,367,0.36,0.57,2026-09-02,0835,N21,high,2.0NRT,298.11,10.26,D
8.45283,80.60887,355.34,0.39,0.59,2026-09-02,0835,N21,nominal,2.0NRT,297.91,15.24,D
8.45239,80.60542,353.99,0.38,0.59,2026-09-02,0835,N21,nominal,2.0NRT,297.64,13.95,D
8.48469,80.77297,335.75,0.4,0.6,2026-09-02,0835,N21,nominal,2.0NRT,296.42,9.91,D
8.50617,80.8543,335.45,0.4,0.6,2026-09-02,0835,N21,nominal,2.0NRT,296.03,7.56,D
8.49331,80.75359,337.16,0.39,0.6,2026-09-02,0835,N21,nominal,2.0NRT,294.24,4.26,D
8.49195,80.74293,338.35,0.39,0.6,2026-09-02,0835,N21,nominal,2.0NRT,295.22,5.11,D
8.49149,80.73936,332.64,0.39,0.6,2026-09-02,0835,N21,nominal,2.0NRT,296.07,5.11,D
8.50842,80.82822,331.78,0.4,0.6,2026-09-02,0835,N21,nominal,2.0NRT,296.89,7.23,D
8.51389,80.82745,338.8,0.4,0.6,2026-09-02,0835,N21,nominal,2.0NRT,295.63,7.23,D
8.51845,80.81954,343.67,0.4,0.6,2026-09-02,0835,N21,nominal,2.0NRT,295.42,1.59,D
8.51557,80.75419,339.29,0.39,0.6,2026-09-02,0835,N21,nominal,2.0NRT,293.77,2.51,D
8.53111,80.78838,353.83,0.4,0.6,2026-09-02,0835,N21,nominal,2.0NRT,295.47,7.12,D
8.52173,80.6739,330.18,0.39,0.59,2026-09-02,0835,N21,nominal,2.0NRT,295.65,6.45,D
8.54684,80.73882,367,0.39,0.6,2026-09-02,0835,N21,high,2.0NRT,296.64,9.8,D
8.54825,80.74957,335.91,0.39,0.6,2026-09-02,0835,N21,nominal,2.0NRT,295.46,3.61,D
8.54778,80.74599,333.38,0.39,0.6,2026-09-02,0835,N21,nominal,2.0NRT,295.57,3.61,D
8.55798,80.78122,344.92,0.4,0.6,2026-09-02,0835,N21,nominal,2.0NRT,296.05,10.14,D
8.55751,80.77762,342.6,0.4,0.6,2026-09-02,0835,N21,nominal,2.0NRT,296.82,8.24,D
8.56487,80.79127,344.2,0.4,0.6,2026-09-02,0835,N21,nominal,2.0NRT,297.08,7.18,D
8.51248,80.39674,340.13,0.37,0.58,2026-09-02,0835,N21,nominal,2.0NRT,296.46,8.26,D
8.55551,80.63744,367,0.39,0.59,2026-09-02,0835,N21,high,2.0NRT,296.36,11.88,D
8.51999,80.37193,367,0.37,0.58,2026-09-02,0835,N21,high,2.0NRT,293.82,20.76,D
8.55505,80.634,331.04,0.39,0.59,2026-09-02,0835,N21,nominal,2.0NRT,295.32,5.93,D
8.57455,80.73869,334.68,0.39,0.6,2026-09-02,0835,N21,nominal,2.0NRT,296.42,6.61,D
8.56559,80.67166,344.1,0.39,0.59,2026-09-02,0835,N21,nominal,2.0NRT,297.47,12.14,D
15.66465,79.57255,335.9,0.41,0.61,2026-09-02,0835,N21,nominal,2.0NRT,290.83,4.97,D
8.57197,80.67805,343.89,0.39,0.59,2026-09-02,0835,N21,nominal,2.0NRT,295.9,16.84,D
8.5715,80.67453,352.78,0.39,0.59,2026-09-02,0835,N21,nominal,2.0NRT,297.4,12.14,D
16.16818,78.917,333.24,0.37,0.58,2026-09-02,0835,N21,nominal,2.0NRT,288.62,3.14,D
8.55611,80.55986,336.57,0.38,0.59,2026-09-02,0835,N21,nominal,2.0NRT,293.11,4.57,D
17.58122,79.99252,336.43,0.46,0.64,2026-09-02,0837,N21,nominal,2.0NRT,288.03,4.4,D
8.58996,80.72951,333.81,0.39,0.6,2026-09-02,0835,N21,nominal,2.0NRT,295.59,2.26,D
8.57856,80.64496,332.25,0.39,0.59,2026-09-02,0835,N21,nominal,2.0NRT,296.12,5.92,D
17.6793,75.30967,333.82,0.45,0.47,2026-09-02,0837,N21,nominal,2.0NRT,297.15,8.02,D
8.55768,80.63666,367,0.39,0.59,2026-09-02,0835,N21,high,2.0NRT,296.47,9.72,D
8.56208,80.67159,346.54,0.39,0.59,2026-09-02,0835,N21,nominal,2.0NRT,297.52,9.58,D
18.45843,74.21844,334.79,0.4,0.44,2026-09-02,0837,N21,nominal,2.0NRT,291.29,3.53,D
8.57597,80.73802,345.6,0.39,0.6,2026-09-02,0835,N21,nominal,2.0NRT,296.24,9.51,D
21.10544,72.64433,333.95,0.52,0.41,2026-09-02,0837,N21,nominal,2.0NRT,292.7,5.69,D
8.5684,80.67799,340.4,0.39,0.59,2026-09-02,0835,N21,nominal,2.0NRT,294.93,11.72,D
8.56796,80.67445,351.7,0.39,0.59,2026-09-02,0835,N21,nominal,2.0NRT,295.93,9.58,D
21.10416,72.63442,335.35,0.52,0.41,2026-09-02,0837,N21,nominal,2.0NRT,290.75,8.63,D
8.57383,80.67727,338,0.39,0.59,2026-09-02,0835,N21,nominal,2.0NRT,296.53,8.62,D
18.01028,54.57227,342.04,0.78,0.78,2026-09-02,0837,N21,nominal,2.0NRT,303.53,11.01,D
8.57339,80.67374,339.47,0.39,0.59,2026-09-02,0835,N21,nominal,2.0NRT,296.63,7.48,D
8.55883,80.55884,340.79,0.38,0.59,2026-09-02,0835,N21,nominal,2.0NRT,294.65,8.46,D
18.01496,54.56886,343.19,0.78,0.78,2026-09-02,0837,N21,nominal,2.0NRT,303.84,11.5,D
8.58598,80.72949,332.51,0.39,0.6,2026-09-02,0835,N21,nominal,2.0NRT,295.23,2.22,D
8.57524,80.64486,335.05,0.39,0.59,2026-09-02,0835,N21,nominal,2.0NRT,296.15,5.34,D
18.32405,55.10456,349.36,0.71,0.75,2026-09-02,0837,N21,nominal,2.0NRT,305.57,7.62,D
8.61506,80.69706,337.51,0.39,0.6,2026-09-02,0835,N21,nominal,2.0NRT,294.75,3.09,D
19.2654,56.17505,337.8,0.58,0.69,2026-09-02,0837,N21,nominal,2.0NRT,304.9,2.43,D
8.6146,80.6935,333.95,0.39,0.59,2026-09-02,0835,N21,nominal,2.0NRT,292.95,3.09,D
8.59435,80.45303,367,0.38,0.59,2026-09-02,0835,N21,high,2.0NRT,299,68.81,D
20.37672,55.93508,348.57,0.56,0.69,2026-09-02,0837,N21,nominal,2.0NRT,306.63,3.13,D
8.62747,80.53907,338.14,0.38,0.59,2026-09-02,0835,N21,nominal,2.0NRT,293.93,2.71,D
21.33061,56.70016,346.89,0.48,0.65,2026-09-02,0839,N21,nominal,2.0NRT,305.67,7.67,D
8.64796,80.65276,367,0.39,0.59,2026-09-02,0835,N21,high,2.0NRT,296.16,34.53,D
8.64752,80.64942,334.96,0.39,0.59,2026-09-02,0835,N21,nominal,2.0NRT,300.98,36.25,D
21.32959,56.69568,335.75,0.48,0.65,2026-09-02,0839,N21,nominal,2.0NRT,304.41,6.07,D
8.64707,80.64605,330.38,0.39,0.59,2026-09-02,0835,N21,nominal,2.0NRT,294.72,36.25,D
21.83641,56.67896,339.05,0.47,0.64,2026-09-02,0839,N21,nominal,2.0NRT,306.76,2.28,D
8.6497,80.62423,367,0.39,0.59,2026-09-02,0835,N21,high,2.0NRT,297.01,17.09,D
8.65339,80.6521,343.1,0.39,0.59,2026-09-02,0835,N21,nominal,2.0NRT,294.01,34.53,D
8.65295,80.64875,350.18,0.39,0.59,2026-09-02,0835,N21,nominal,2.0NRT,296.55,36.25,D
21.93888,57.07436,342.1,0.44,0.63,2026-09-02,0839,N21,nominal,2.0NRT,301.58,12.75,D
8.65513,80.62356,352.07,0.39,0.59,2026-09-02,0835,N21,nominal,2.0NRT,297.04,38.15,D
8.66132,80.46508,340.68,0.38,0.59,2026-09-02,0835,N21,nominal,2.0NRT,295.76,5.67,D
21.89259,56.84481,337.02,0.46,0.63,2026-09-02,0839,N21,nominal,2.0NRT,302.36,0.9,D
8.66491,80.46529,367,0.38,0.59,2026-09-02,0835,N21,high,2.0NRT,297.41,15.41,D
8.75556,81.00182,334.68,0.41,0.61,2026-09-02,0835,N21,nominal,2.0NRT,293.76,3.69,D
22.32408,56.47104,338.87,0.47,0.64,2026-09-02,0839,N21,nominal,2.0NRT,304.86,3.56,D
8.68837,80.35244,338.27,0.37,0.58,2026-09-02,0835,N21,nominal,2.0NRT,295.21,4.09,D
25.23136,68.33038,336.13,0.39,0.36,2026-09-02,0839,N21,nominal,2.0NRT,305.9,3.03,D
8.70691,80.45286,331.87,0.38,0.59,2026-09-02,0835,N21,nominal,2.0NRT,294.74,1.52,D
8.69902,80.35105,332.53,0.37,0.58,2026-09-02,0835,N21,nominal,2.0NRT,296.32,4.67,D
22.87848,55.92498,342.87,0.5,0.66,2026-09-02,0839,N21,low,2.0NRT,314.12,2.35,D
8.77048,80.81268,330.02,0.4,0.6,2026-09-02,0835,N21,nominal,2.0NRT,296.22,3.46,D
8.7549,80.36384,349.94,0.37,0.58,2026-09-02,0835,N21,nominal,2.0NRT,296.63,7.17,D
22.87463,55.61463,349.39,0.52,0.67,2026-09-02,0839,N21,nominal,2.0NRT,315.95,3.84,D
8.75334,80.36287,337.55,0.37,0.58,2026-09-02,0835,N21,nominal,2.0NRT,295.92,5.37,D
22.92467,55.80223,342.94,0.51,0.66,2026-09-02,0839,N21,low,2.0NRT,315.9,2.38,D
8.49523,77.96259,352.28,0.51,0.49,2026-09-02,0835,N21,nominal,2.0NRT,301.69,25.01,D
8.95637,80.38986,331.37,0.38,0.59,2026-09-02,0835,N21,nominal,2.0NRT,293.22,2.82,D
22.87652,55.61522,342.98,0.52,0.67,2026-09-02,0839,N21,low,2.0NRT,315.71,1.78,D
8.6472,77.50002,340.26,0.47,0.48,2026-09-02,0835,N21,nominal,2.0NRT,304.49,3.96,D
22.92773,55.80227,350.86,0.51,0.66,2026-09-02,0839,N21,nominal,2.0NRT,315.49,2.4,D
9.13914,80.78933,367,0.41,0.6,2026-09-02,0835,N21,high,2.0NRT,290.69,10.22,D
9.22418,80.3151,339.65,0.38,0.58,2026-09-02,0835,N21,nominal,2.0NRT,294.55,3.8,D
25.38636,68.58159,331.78,0.4,0.37,2026-09-02,0839,N21,low,2.0NRT,304.01,2.63,D
8.88936,77.75757,344.57,0.5,0.49,2026-09-02,0835,N21,nominal,2.0NRT,306.66,7.23,D
9.3835,80.50597,352.84,0.39,0.59,2026-09-02,0835,N21,nominal,2.0NRT,297.68,8.93,D
23.19311,55.45713,351.9,0.53,0.67,2026-09-02,0839,N21,nominal,2.0NRT,317.68,4.96,D
8.98586,77.47747,338.9,0.48,0.48,2026-09-02,0835,N21,nominal,2.0NRT,304.56,3.8,D
9.40174,80.39365,355.52,0.38,0.59,2026-09-02,0835,N21,nominal,2.0NRT,296.04,6.43,D
25.85086,68.94112,335.7,0.41,0.37,2026-09-02,0839,N21,nominal,2.0NRT,304.83,2.11,D
9.40128,80.39021,334.64,0.38,0.59,2026-09-02,0835,N21,nominal,2.0NRT,295.51,6.43,D
9.04664,77.71947,339.28,0.5,0.49,2026-09-02,0835,N21,nominal,2.0NRT,306.41,5.58,D
9.04555,77.72089,341.89,0.5,0.49,2026-09-02,0835,N21,nominal,2.0NRT,305.84,5.52,D
9.399,80.39297,367,0.38,0.59,2026-09-02,0835,N21,high,2.0NRT,295.43,9.23,D
9.41911,80.42213,342.87,0.39,0.59,2026-09-02,0835,N21,nominal,2.0NRT,296.01,4.51,D
9.41925,80.37983,333.82,0.38,0.59,2026-09-02,0835,N21,nominal,2.0NRT,295.94,3.58,D
24.50603,56.60782,334.99,0.42,0.61,2026-09-02,0839,N21,nominal,2.0NRT,300.97,3.61,D
9.41664,80.35916,337.76,0.38,0.59,2026-09-02,0835,N21,nominal,2.0NRT,296.21,3.24,D
24.99139,55.6246,340.69,0.47,0.64,2026-09-02,0839,N21,low,2.0NRT,312.85,2.3,D
9.42202,80.35846,343,0.38,0.59,2026-09-02,0835,N21,nominal,2.0NRT,295.69,4.16,D
9.47271,80.49713,339.12,0.39,0.59,2026-09-02,0835,N21,nominal,2.0NRT,294.87,3.9,D
27.48977,68.25854,342.22,0.4,0.37,2026-09-02,0839,N21,nominal,2.0NRT,306.77,5.88,D
9.47225,80.49359,330.81,0.39,0.59,2026-09-02,0835,N21,nominal,2.0NRT,294.56,3.9,D
9.12569,77.41118,334.03,0.47,0.48,2026-09-02,0835,N21,nominal,2.0NRT,303.06,2.64,D
27.49312,68.25793,343.01,0.4,0.37,2026-09-02,0839,N21,nominal,2.0NRT,307.84,5.07,D
9.54636,80.36561,351.55,0.38,0.59,2026-09-02,0835,N21,nominal,2.0NRT,290.74,7.37,D
9.55174,80.36488,331.95,0.38,0.59,2026-09-02,0835,N21,nominal,2.0NRT,289.11,2.8,D
27.49256,68.25392,335.41,0.4,0.37,2026-09-02,0839,N21,nominal,2.0NRT,303.45,5.07,D
9.64176,80.31894,339.19,0.38,0.59,2026-09-02,0835,N21,nominal,2.0NRT,289.21,4.8,D
9.46896,78.68177,340.97,0.58,0.52,2026-09-02,0835,N21,nominal,2.0NRT,299.01,4.74,D
9.44849,77.66959,341.36,0.5,0.49,2026-09-02,0835,N21,nominal,2.0NRT,308.53,21.3,D
9.72765,77.54507,344.84,0.49,0.49,2026-09-02,0835,N21,nominal,2.0NRT,307.1,27.73,D
9.80838,77.4108,333.03,0.48,0.48,2026-09-02,0835,N21,nominal,2.0NRT,302.39,2.7,D
9.9884,77.44849,342.86,0.49,0.49,2026-09-02,0835,N21,nominal,2.0NRT,301.58,5.8,D
10.76591,78.63389,332.65,0.61,0.53,2026-09-02,0837,N21,nominal,2.0NRT,299.67,4.46,D
10.86781,77.73611,336.59,0.53,0.5,2026-09-02,0837,N21,nominal,2.0NRT,302.33,2.79,D
10.86859,77.7392,338.51,0.53,0.5,2026-09-02,0837,N21,nominal,2.0NRT,301.4,6.27,D
11.17819,77.71023,331.93,0.53,0.5,2026-09-02,0837,N21,nominal,2.0NRT,298.86,4.45,D
11.72303,78.5864,332.6,0.62,0.54,2026-09-02,0837,N21,nominal,2.0NRT,293.09,5.77,D
12.1201,79.1136,331.81,0.34,0.56,2026-09-02,0837,N21,nominal,2.0NRT,296.61,3.43,D
12.0616,77.02872,343.15,0.49,0.49,2026-09-02,0837,N21,nominal,2.0NRT,296.93,9.89,D
12.42042,78.76832,336.12,0.33,0.55,2026-09-02,0837,N21,nominal,2.0NRT,288.62,3.86,D
28.16575,67.75537,339.25,0.39,0.36,2026-09-02,0839,N21,nominal,2.0NRT,308.09,7.24,D
28.18286,67.73184,340.69,0.39,0.36,2026-09-02,0839,N21,nominal,2.0NRT,307.74,6.22,D
28.23602,67.8653,344.16,0.4,0.37,2026-09-02,0839,N21,nominal,2.0NRT,308.73,11.34,D
28.22853,67.78882,351.15,0.39,0.37,2026-09-02,0839,N21,nominal,2.0NRT,310.26,11.28,D
29.7874,72.75357,331.69,0.45,0.47,2026-09-02,0839,N21,nominal,2.0NRT,296.44,2.91,D
27.17103,56.05508,344.7,0.39,0.6,2026-09-02,0839,N21,nominal,2.0NRT,301.44,7.36,D
27.17012,56.05127,350.45,0.39,0.6,2026-09-02,0839,N21,nominal,2.0NRT,301.42,9.6,D
31.09241,74.68892,335.77,0.6,0.53,2026-09-02,0839,N21,nominal,2.0NRT,295.36,4.61,D
31.12882,74.65296,339.88,0.6,0.53,2026-09-02,0839,N21,nominal,2.0NRT,294.93,7.4,D
28.60061,57.72541,347.41,0.58,0.52,2026-09-02,0839,N21,nominal,2.0NRT,314.9,10.23,D
31.45514,72.19753,332.78,0.43,0.46,2026-09-02,0841,N21,nominal,2.0NRT,297.33,3.04,D
29.99309,55.85383,340.6,0.35,0.57,2026-09-02,0841,N21,nominal,2.0NRT,315.47,4.29,D
29.99232,55.8506,343.65,0.35,0.57,2026-09-02,0841,N21,nominal,2.0NRT,314.49,4.29,D
30.08268,55.39814,352.32,0.37,0.58,2026-09-02,0841,N21,nominal,2.0NRT,317.12,8.4,D
30.08289,55.39883,351.95,0.37,0.58,2026-09-02,0841,N21,nominal,2.0NRT,317.58,8.92,D
33.27079,71.31037,340.63,0.41,0.45,2026-09-02,0841,N21,nominal,2.0NRT,297.65,2.88,D
35.5528,67.34576,336.61,0.43,0.38,2026-09-02,0841,N21,nominal,2.0NRT,307.58,4.11,D
37.03736,80.3027,335.1,0.72,0.76,2026-09-02,0841,N21,nominal,2.0NRT,304.53,10.86,D
37.03202,62.41673,342.9,0.4,0.37,2026-09-02,0843,N21,low,2.0NRT,317.53,10.4,D
37.15094,61.36454,346.58,0.42,0.37,2026-09-02,0843,N21,nominal,2.0NRT,310.3,7.03,D
38.05061,67.2646,344.69,0.45,0.39,2026-09-02,0843,N21,low,2.0NRT,317.96,15.59,D
37.9258,65.62731,337.53,0.4,0.37,2026-09-02,0843,N21,nominal,2.0NRT,311.21,3.54,D
37.77948,64.28442,341.98,0.39,0.36,2026-09-02,0843,N21,low,2.0NRT,314.11,7.21,D
37.22305,60.35555,337.13,0.45,0.39,2026-09-02,0843,N21,low,2.0NRT,311.32,3.21,D
37.49793,61.84993,335.69,0.4,0.37,2026-09-02,0843,N21,low,2.0NRT,308.73,2.47,D
37.49717,61.84546,337.29,0.4,0.37,2026-09-02,0843,N21,low,2.0NRT,309.49,2.47,D
37.61945,62.13842,342.7,0.4,0.37,2026-09-02,0843,N21,nominal,2.0NRT,310.66,4.47,D
37.65561,61.90721,333.95,0.4,0.37,2026-09-02,0843,N21,nominal,2.0NRT,308.39,2.71,D
37.5942,61.52806,339.07,0.41,0.37,2026-09-02,0843,N21,low,2.0NRT,313.11,5.14,D
37.61084,61.60427,337.72,0.41,0.37,2026-09-02,0843,N21,low,2.0NRT,311.67,3.77,D
37.79698,62.55136,341.63,0.39,0.36,2026-09-02,0843,N21,low,2.0NRT,313.89,5.36,D
37.72681,62.12509,336.21,0.4,0.37,2026-09-02,0843,N21,low,2.0NRT,308.96,3.57,D
37.80957,60.16943,353.45,0.44,0.39,2026-09-02,0843,N21,nominal,2.0NRT,311.67,13.47,D
38.13798,61.91905,336.34,0.4,0.37,2026-09-02,0843,N21,low,2.0NRT,307.75,2.64,D
37.98938,58.55488,337.89,0.51,0.41,2026-09-02,0843,N21,low,2.0NRT,312.73,7.22,D
37.98994,58.55213,336.93,0.51,0.41,2026-09-02,0843,N21,low,2.0NRT,311.34,7.06,D
39.1551,63.31757,330.51,0.38,0.36,2026-09-02,0843,N21,low,2.0NRT,304.96,3.91,D
18.01316,54.5709,335.71,0.46,0.64,2026-09-02,1017,N21,low,2.0NRT,309.06,11.47,D
18.01358,54.57528,355.63,0.46,0.64,2026-09-02,1017,N21,low,2.0NRT,310.73,17.45,D
18.32403,55.10515,338.96,0.51,0.66,2026-09-02,1017,N21,nominal,2.0NRT,307.13,3.09,D
19.26487,56.17734,338.69,0.61,0.71,2026-09-02,1019,N21,nominal,2.0NRT,305.55,3.54,D
21.33493,56.70144,348.11,0.7,0.75,2026-09-02,1019,N21,nominal,2.0NRT,303.82,8.84,D
21.33443,56.69473,341.52,0.7,0.75,2026-09-02,1019,N21,nominal,2.0NRT,303.1,8.84,D
21.33579,56.70072,350.41,0.7,0.75,2026-09-02,1019,N21,nominal,2.0NRT,303.68,12.9,D
21.33532,56.69401,336.23,0.7,0.75,2026-09-02,1019,N21,nominal,2.0NRT,302.57,9.81,D
21.93986,57.07476,336.11,0.75,0.77,2026-09-02,1019,N21,nominal,2.0NRT,300.82,3.98,D
22.88176,55.92899,352.61,0.65,0.73,2026-09-02,1019,N21,nominal,2.0NRT,310.84,7.39,D
22.87934,55.92654,347.2,0.65,0.73,2026-09-02,1019,N21,nominal,2.0NRT,310.62,5.34,D
22.9241,55.80428,347.6,0.63,0.72,2026-09-02,1019,N21,nominal,2.0NRT,313.2,4.08,D
22.92881,55.80268,343.28,0.63,0.72,2026-09-02,1019,N21,nominal,2.0NRT,312.34,3.24,D
23.18749,55.45885,345.55,0.61,0.71,2026-09-02,1019,N21,nominal,2.0NRT,313.17,3.07,D
24.00281,55.49784,344.57,0.62,0.72,2026-09-02,1019,N21,low,2.0NRT,316.03,17.4,D
24.00321,55.50385,355.65,0.62,0.72,2026-09-02,1019,N21,low,2.0NRT,316.86,23.67,D
27.16944,56.06022,338.9,0.72,0.76,2026-09-02,1021,N21,nominal,2.0NRT,299.27,11.72,D
27.16903,56.06036,339.12,0.72,0.76,2026-09-02,1021,N21,nominal,2.0NRT,299.15,7.49,D
27.16867,56.05292,335.34,0.72,0.76,2026-09-02,1021,N21,nominal,2.0NRT,299.18,6.09,D
9.554,77.51099,305.24,0.67,0.74,2026-09-02,1930,N21,nominal,2.0NRT,284.49,2.91,N
9.55277,77.52119,315.08,0.67,0.74,2026-09-02,1930,N21,nominal,2.0NRT,285.34,3.9,N
8.08466,80.78857,307.24,0.38,0.59,2026-09-02,1930,N21,nominal,2.0NRT,292.1,0.82,N
7.96914,79.79006,308.81,0.44,0.63,2026-09-02,1930,N21,nominal,2.0NRT,290.13,2.83,N
7.7646,80.32034,305.81,0.4,0.6,2026-09-02,1930,N21,nominal,2.0NRT,290,0.64,N
7.55519,81.2989,305.36,0.34,0.56,2026-09-02,1930,N21,nominal,2.0NRT,292.47,1.05,N
7.55478,81.30197,312.9,0.34,0.56,2026-09-02,1930,N21,nominal,2.0NRT,292.41,1.05,N
7.02072,81.32434,302.26,0.34,0.56,2026-09-02,1930,N21,nominal,2.0NRT,289.46,0.55,N
6.97619,80.8647,297.77,0.36,0.58,2026-09-02,1930,N21,nominal,2.0NRT,287.07,0.35,N
6.83996,81.52399,306,0.32,0.55,2026-09-02,1930,N21,nominal,2.0NRT,292.23,1.15,N
6.84481,81.4537,315.7,0.33,0.55,2026-09-02,1930,N21,nominal,2.0NRT,291.56,1.45,N
6.79918,81.55935,318.57,0.32,0.55,2026-09-02,1930,N21,nominal,2.0NRT,292.49,1.9,N
6.36039,80.89611,306.93,0.35,0.57,2026-09-02,1930,N21,nominal,2.0NRT,288.72,0.57,N
23.7809,86.37282,296.71,0.52,0.5,2026-09-02,1925,N21,nominal,2.0NRT,286.58,1.28,N
23.83971,84.94757,301.57,0.32,0.55,2026-09-02,1925,N21,nominal,2.0NRT,282.24,0.58,N
23.82531,84.93956,301.47,0.32,0.55,2026-09-02,1925,N21,nominal,2.0NRT,283.29,1.14,N
23.67995,86.09299,338.55,0.54,0.51,2026-09-02,1925,N21,nominal,2.0NRT,287.94,7.49,N
23.67585,86.08719,306.47,0.54,0.51,2026-09-02,1925,N21,nominal,2.0NRT,288.21,1.51,N
23.67422,86.10291,304.18,0.54,0.51,2026-09-02,1925,N21,nominal,2.0NRT,287.89,1.12,N
23.66697,86.09344,305.05,0.54,0.51,2026-09-02,1925,N21,nominal,2.0NRT,287.69,1.51,N
23.69418,85.28749,295.67,0.6,0.53,2026-09-02,1925,N21,nominal,2.0NRT,280.78,1.46,N
23.61014,85.676,297.69,0.57,0.52,2026-09-02,1925,N21,nominal,2.0NRT,277.48,1.56,N
19.22768,101.80341,304.91,0.34,0.56,2026-09-02,1925,N21,nominal,2.0NRT,287.94,0.53,N
20.95447,85.01464,305.03,0.58,0.52,2026-09-02,1925,N21,nominal,2.0NRT,283.38,4.5,N
20.89001,84.97901,314.27,0.58,0.52,2026-09-02,1925,N21,nominal,2.0NRT,285.43,3.31,N
20.8899,84.98321,316.9,0.58,0.52,2026-09-02,1925,N21,nominal,2.0NRT,285.7,4.13,N
20.86519,84.98612,316.15,0.58,0.52,2026-09-02,1925,N21,nominal,2.0NRT,286.58,3.42,N
20.86458,84.99162,307.49,0.58,0.52,2026-09-02,1925,N21,nominal,2.0NRT,286.53,3.42,N
14.66532,79.29611,295.26,0.59,0.7,2026-09-02,1928,N21,nominal,2.0NRT,285.13,8.21,N
14.01969,79.48206,295.17,0.56,0.69,2026-09-02,1928,N21,nominal,2.0NRT,284.89,6.08,N
14.02264,79.48049,295.18,0.56,0.69,2026-09-02,1928,N21,nominal,2.0NRT,284.97,5.37,N
12.85405,79.90118,300.05,0.51,0.66,2026-09-02,1928,N21,nominal,2.0NRT,275.19,2.41,N
12.85352,79.90586,311.12,0.51,0.66,2026-09-02,1928,N21,nominal,2.0NRT,275.24,2.41,N
12.84747,79.90509,327.42,0.51,0.66,2026-09-02,1928,N21,nominal,2.0NRT,274.01,4.15,N
12.84799,79.90044,306.77,0.51,0.66,2026-09-02,1928,N21,nominal,2.0NRT,275.44,4.15,N
36.58929,101.48666,310.01,0.47,0.4,2026-09-02,1921,N21,nominal,2.0NRT,285.29,1.74,N
26.30195,72.90171,306.66,0.48,0.4,2026-09-02,2106,N21,nominal,2.0NRT,295.26,1.35,N
24.93384,74.63349,307.05,0.41,0.45,2026-09-02,2106,N21,nominal,2.0NRT,289.51,1.33,N
25.86192,68.93118,307.72,0.38,0.36,2026-09-02,2106,N21,nominal,2.0NRT,297.01,0.5,N
24.69213,74.68027,301.01,0.42,0.45,2026-09-02,2106,N21,nominal,2.0NRT,285.86,0.77,N
24.65985,74.63496,303.63,0.42,0.45,2026-09-02,2106,N21,nominal,2.0NRT,288.06,1.81,N
24.69158,73.00177,305.2,0.51,0.41,2026-09-02,2106,N21,nominal,2.0NRT,293.75,1.56,N
25.38794,68.58288,327.62,0.38,0.36,2026-09-02,2106,N21,nominal,2.0NRT,296.32,2.05,N
23.26631,70.25797,305.63,0.41,0.37,2026-09-02,2108,N21,nominal,2.0NRT,294.02,1.08,N
24.99231,55.62241,308.74,0.59,0.7,2026-09-02,2108,N21,nominal,2.0NRT,296.77,1.59,N
24.99189,55.62836,307.16,0.59,0.7,2026-09-02,2108,N21,nominal,2.0NRT,296.51,1.42,N
23.4986,68.57943,306.78,0.38,0.36,2026-09-02,2108,N21,nominal,2.0NRT,291.89,1.01,N
22.92629,69.82218,305.4,0.4,0.37,2026-09-02,2108,N21,nominal,2.0NRT,293.72,1.74,N
22.93328,69.69582,318.9,0.4,0.37,2026-09-02,2108,N21,nominal,2.0NRT,292.01,1.42,N
22.93265,69.69967,310.89,0.4,0.37,2026-09-02,2108,N21,nominal,2.0NRT,291.53,1.42,N
22.93201,69.70352,305.43,0.4,0.37,2026-09-02,2108,N21,nominal,2.0NRT,292.37,1.56,N
22.92994,69.69517,302.4,0.4,0.37,2026-09-02,2108,N21,nominal,2.0NRT,289.38,0.57,N
24.50576,56.60465,334.68,0.5,0.66,2026-09-02,2108,N21,nominal,2.0NRT,294.79,8.15,N
24.50537,56.60963,326.97,0.5,0.66,2026-09-02,2108,N21,nominal,2.0NRT,294.37,8.15,N
24.32326,54.46866,310.03,0.69,0.74,2026-09-02,2108,N21,nominal,2.0NRT,297.66,3.48,N
22.33987,69.85667,307.95,0.41,0.37,2026-09-02,2108,N21,nominal,2.0NRT,295.24,2.26,N
22.33454,69.86774,310.66,0.41,0.37,2026-09-02,2108,N21,nominal,2.0NRT,296.02,3.38,N
21.16569,72.67112,316.32,0.56,0.43,2026-09-02,2108,N21,nominal,2.0NRT,291.74,3.52,N
21.11116,72.63615,312.42,0.55,0.43,2026-09-02,2108,N21,nominal,2.0NRT,292.67,3.17,N
21.10537,72.64582,338.79,0.55,0.43,2026-09-02,2108,N21,nominal,2.0NRT,292.98,13.36,N
21.10441,72.65108,305.34,0.56,0.43,2026-09-02,2108,N21,nominal,2.0NRT,291.72,1.8,N
21.10342,72.63448,331.44,0.55,0.43,2026-09-02,2108,N21,nominal,2.0NRT,292.86,11.47,N
21.10053,72.65025,308.09,0.56,0.43,2026-09-02,2108,N21,nominal,2.0NRT,291.26,1.8,N
23.31205,54.17501,316.73,0.7,0.75,2026-09-02,2108,N21,nominal,2.0NRT,297.06,4.06,N
23.18801,55.45431,310.14,0.58,0.7,2026-09-02,2108,N21,nominal,2.0NRT,296.33,2.87,N
22.66166,59.40756,331.88,0.63,0.54,2026-09-02,2108,N21,nominal,2.0NRT,299.79,5.39,N
20.91063,71.46042,308.72,0.48,0.4,2026-09-02,2108,N21,nominal,2.0NRT,292.74,1.09,N
22.88065,55.92503,337.34,0.54,0.68,2026-09-02,2108,N21,nominal,2.0NRT,296.58,5.5,N
22.78423,55.81391,309.29,0.54,0.68,2026-09-02,2108,N21,nominal,2.0NRT,296.97,0.98,N
22.78107,54.72779,337.97,0.64,0.72,2026-09-02,2108,N21,nominal,2.0NRT,296.3,9.73,N
22.78354,54.72733,336.48,0.64,0.72,2026-09-02,2108,N21,nominal,2.0NRT,295.97,8.27,N
22.43931,56.69995,322.45,0.47,0.64,2026-09-02,2108,N21,nominal,2.0NRT,292.71,12.29,N
22.4034,56.98651,318.74,0.45,0.63,2026-09-02,2108,N21,nominal,2.0NRT,294.59,8.88,N
22.4029,56.98792,324.94,0.45,0.63,2026-09-02,2108,N21,nominal,2.0NRT,294.93,8.91,N
22.33018,56.48787,306.06,0.49,0.65,2026-09-02,2108,N21,nominal,2.0NRT,284.81,3.29,N
21.93668,57.07256,335.24,0.44,0.62,2026-09-02,2108,N21,nominal,2.0NRT,294.95,8.47,N
21.66098,56.40914,318.77,0.48,0.65,2026-09-02,2108,N21,nominal,2.0NRT,296.71,4.96,N
21.61741,56.06162,308.8,0.51,0.66,2026-09-02,2108,N21,nominal,2.0NRT,294.22,8.21,N
21.61642,56.06192,309.69,0.51,0.66,2026-09-02,2108,N21,nominal,2.0NRT,296.01,7.73,N
21.33364,57.72349,309.98,0.39,0.6,2026-09-02,2108,N21,nominal,2.0NRT,292.95,0.88,N
21.31722,57.72166,308.58,0.39,0.6,2026-09-02,2108,N21,nominal,2.0NRT,292.75,0.64,N
21.3154,57.74062,304.68,0.39,0.59,2026-09-02,2108,N21,nominal,2.0NRT,292.76,1.61,N
21.31504,57.74439,305.81,0.39,0.59,2026-09-02,2108,N21,nominal,2.0NRT,292.66,1.84,N
21.30958,57.7438,315.72,0.39,0.59,2026-09-02,2108,N21,nominal,2.0NRT,292.61,1.84,N
21.30456,57.79622,310,0.39,0.59,2026-09-02,2108,N21,nominal,2.0NRT,293.09,1.3,N
21.30772,57.70528,305.27,0.39,0.6,2026-09-02,2108,N21,nominal,2.0NRT,292.63,0.92,N
21.33592,56.69833,324.71,0.46,0.63,2026-09-02,2108,N21,nominal,2.0NRT,295.77,8.61,N
21.33008,56.69778,367,0.46,0.63,2026-09-02,2108,N21,high,2.0NRT,296.67,16.38,N
20.98786,56.7733,304.63,0.45,0.63,2026-09-02,2108,N21,nominal,2.0NRT,291.02,3.63,N
18.702,72.34512,316.6,0.39,0.44,2026-09-02,2108,N21,nominal,2.0NRT,290.26,3.04,N
20.55672,56.41928,305.11,0.47,0.64,2026-09-02,2108,N21,nominal,2.0NRT,293.55,0.73,N
20.37492,55.9307,308.3,0.5,0.66,2026-09-02,2108,N21,nominal,2.0NRT,293.9,2.77,N
20.3745,55.9355,319.8,0.5,0.66,2026-09-02,2108,N21,nominal,2.0NRT,293.61,2.86,N
20.38573,55.65896,307.58,0.52,0.67,2026-09-02,2108,N21,nominal,2.0NRT,293.78,1.28,N
20.3853,55.66404,304.57,0.52,0.67,2026-09-02,2108,N21,nominal,2.0NRT,293.2,1.28,N
20.3733,55.93076,305.19,0.5,0.66,2026-09-02,2108,N21,nominal,2.0NRT,293.97,2.15,N
20.37286,55.93555,315.94,0.5,0.66,2026-09-02,2108,N21,nominal,2.0NRT,293.78,2.15,N
20.3859,55.65955,309.21,0.52,0.67,2026-09-02,2108,N21,nominal,2.0NRT,293.78,2.36,N
20.22372,55.73721,308.25,0.52,0.67,2026-09-02,2108,N21,nominal,2.0NRT,293.8,1.81,N
20.21365,55.71127,314.69,0.52,0.67,2026-09-02,2108,N21,nominal,2.0NRT,293.51,1.35,N
20.02338,56.14859,303.82,0.48,0.65,2026-09-02,2108,N21,nominal,2.0NRT,293.14,0.65,N
15.18017,76.6749,301.96,0.43,0.62,2026-09-02,2108,N21,nominal,2.0NRT,283.24,3.11,N
18.32505,55.10602,320.39,0.54,0.68,2026-09-02,2108,N21,nominal,2.0NRT,293.29,3.41,N
18.3255,55.10091,314.42,0.54,0.68,2026-09-02,2108,N21,nominal,2.0NRT,293.51,3.41,N
18.32043,55.10351,353.26,0.54,0.68,2026-09-02,2108,N21,nominal,2.0NRT,295.09,8.89,N
18.01577,54.57237,338.64,0.58,0.7,2026-09-02,2110,N21,nominal,2.0NRT,295,6.06,N
18.01628,54.56689,305.84,0.58,0.7,2026-09-02,2110,N21,nominal,2.0NRT,293.96,8.99,N
18.00935,54.57178,309.07,0.58,0.7,2026-09-02,2110,N21,nominal,2.0NRT,294.24,6.06,N
11.5922,77.26511,306.72,0.55,0.68,2026-09-02,2110,N21,nominal,2.0NRT,261.9,0.87,N
10.43311,77.06167,300.53,0.56,0.69,2026-09-02,2110,N21,nominal,2.0NRT,284.04,0.65,N
39.80917,82.83479,301.18,0.57,0.52,2026-09-02,2101,N21,nominal,2.0NRT,290.2,1,N
39.90078,64.35147,295.18,0.5,0.49,2026-09-02,2101,N21,nominal,2.0NRT,283.79,0.54,N
39.9737,61.6819,295.18,0.35,0.57,2026-09-02,2101,N21,nominal,2.0NRT,284.9,0.3,N
39.43257,62.99574,296.12,0.59,0.53,2026-09-02,2101,N21,nominal,2.0NRT,285.07,0.72,N
39.18868,65.28887,300.7,0.44,0.46,2026-09-02,2101,N21,nominal,2.0NRT,290.31,1.26,N
39.18208,65.31386,307.65,0.44,0.46,2026-09-02,2101,N21,nominal,2.0NRT,288.24,1.26,N
39.24865,63.21286,305.54,0.57,0.52,2026-09-02,2101,N21,nominal,2.0NRT,287.03,1.61,N
39.17227,63.27054,298.41,0.57,0.52,2026-09-02,2101,N21,nominal,2.0NRT,285.43,0.94,N
39.15847,63.46552,297.53,0.55,0.51,2026-09-02,2101,N21,nominal,2.0NRT,285.57,0.41,N
39.16842,63.2568,300.36,0.57,0.52,2026-09-02,2101,N21,nominal,2.0NRT,286.59,1.28,N
39.17141,63.27549,299.81,0.57,0.52,2026-09-02,2101,N21,nominal,2.0NRT,285.66,1.33,N
39.15645,63.47008,298.57,0.55,0.51,2026-09-02,2101,N21,nominal,2.0NRT,285.65,1.02,N
39.16814,63.25522,296.41,0.57,0.52,2026-09-02,2101,N21,nominal,2.0NRT,286.33,1.25,N
39.16287,63.26123,296.91,0.57,0.52,2026-09-02,2101,N21,nominal,2.0NRT,286.16,1.06,N
39.15366,63.31964,299.15,0.56,0.52,2026-09-02,2101,N21,nominal,2.0NRT,285.68,0.66,N
39.12687,63.42113,296.39,0.56,0.51,2026-09-02,2101,N21,nominal,2.0NRT,284.39,0.84,N
39.11421,63.33465,302.18,0.56,0.52,2026-09-02,2101,N21,nominal,2.0NRT,285.79,1.37,N
38.9414,64.13433,300.71,0.51,0.49,2026-09-02,2101,N21,nominal,2.0NRT,287.8,0.71,N
38.9678,63.61871,297.77,0.54,0.51,2026-09-02,2101,N21,nominal,2.0NRT,286.59,0.58,N
38.97443,63.46674,299.53,0.55,0.51,2026-09-02,2101,N21,nominal,2.0NRT,287.25,1.05,N
38.68534,65.9894,324.4,0.4,0.44,2026-09-02,2101,N21,nominal,2.0NRT,289.55,2.37,N
38.68579,65.98476,305.04,0.4,0.44,2026-09-02,2101,N21,nominal,2.0NRT,286.95,2.37,N
38.87086,63.79897,296.73,0.53,0.5,2026-09-02,2101,N21,nominal,2.0NRT,285.73,0.82,N
38.68036,65.95566,306.38,0.4,0.45,2026-09-02,2101,N21,nominal,2.0NRT,289.27,1.32,N
38.54931,65.94622,301.58,0.4,0.44,2026-09-02,2101,N21,nominal,2.0NRT,288.94,0.68,N
38.35141,66.31211,300.73,0.39,0.44,2026-09-02,2104,N21,nominal,2.0NRT,289.07,0.35,N
38.05261,67.26537,336.1,0.52,0.41,2026-09-02,2104,N21,nominal,2.0NRT,290.68,11.49,N
38.04882,67.26465,333.91,0.52,0.41,2026-09-02,2104,N21,nominal,2.0NRT,290.72,11.49,N
37.96487,65.00671,306.06,0.44,0.46,2026-09-02,2104,N21,nominal,2.0NRT,288.88,0.73,N
37.96616,65.00537,303,0.44,0.46,2026-09-02,2104,N21,nominal,2.0NRT,288.74,1.05,N
37.83001,65.1755,302.75,0.43,0.46,2026-09-02,2104,N21,nominal,2.0NRT,289.3,0.81,N
37.88799,62.02101,302.96,0.32,0.55,2026-09-02,2104,N21,nominal,2.0NRT,286.48,0.92,N
37.88374,62.02098,302.9,0.32,0.55,2026-09-02,2104,N21,nominal,2.0NRT,285.95,0.72,N
37.79625,62.54896,306.71,0.6,0.53,2026-09-02,2104,N21,nominal,2.0NRT,287.23,1.65,N
37.78696,62.54102,296.96,0.6,0.53,2026-09-02,2104,N21,nominal,2.0NRT,286.08,1.06,N
37.77667,62.02835,300.2,0.32,0.55,2026-09-02,2104,N21,nominal,2.0NRT,286.58,0.42,N
37.7771,62.02914,299.64,0.32,0.55,2026-09-02,2104,N21,nominal,2.0NRT,286.37,0.61,N
37.74828,61.855,297.15,0.33,0.55,2026-09-02,2104,N21,nominal,2.0NRT,285.63,0.57,N
37.72707,62.09361,309.63,0.32,0.54,2026-09-02,2104,N21,nominal,2.0NRT,287.45,1.4,N
37.67113,62.23933,299.68,0.62,0.54,2026-09-02,2104,N21,nominal,2.0NRT,286.43,1.51,N
37.66119,62.23828,297.43,0.62,0.54,2026-09-02,2104,N21,nominal,2.0NRT,286.13,0.65,N
37.65571,62.24485,295.81,0.62,0.54,2026-09-02,2104,N21,nominal,2.0NRT,285.62,0.69,N
37.63837,62.20727,297.98,0.63,0.54,2026-09-02,2104,N21,nominal,2.0NRT,286.56,1.05,N
37.65423,61.90767,303.29,0.33,0.55,2026-09-02,2104,N21,nominal,2.0NRT,287.33,0.59,N
37.62791,62.21335,299.66,0.63,0.54,2026-09-02,2104,N21,nominal,2.0NRT,287.99,1.39,N
37.61795,62.14046,306.07,0.63,0.54,2026-09-02,2104,N21,nominal,2.0NRT,288.56,2.36,N
37.78143,57.9835,299.82,0.54,0.68,2026-09-02,2104,N21,nominal,2.0NRT,278.88,1.46,N
37.61412,61.5766,300.9,0.34,0.56,2026-09-02,2104,N21,nominal,2.0NRT,287.49,0.87,N
37.60729,61.60309,299.5,0.34,0.56,2026-09-02,2104,N21,nominal,2.0NRT,287.76,1.12,N
37.60705,61.60693,304.54,0.34,0.56,2026-09-02,2104,N21,nominal,2.0NRT,287.59,1.26,N
37.71661,59.41222,295.12,0.45,0.63,2026-09-02,2104,N21,nominal,2.0NRT,284.24,0.61,N
37.59443,61.55907,300.19,0.34,0.56,2026-09-02,2104,N21,nominal,2.0NRT,286.51,0.67,N
37.60711,61.57323,299.23,0.34,0.56,2026-09-02,2104,N21,nominal,2.0NRT,287.28,0.43,N
37.78346,57.98342,299.66,0.54,0.68,2026-09-02,2104,N21,nominal,2.0NRT,279.03,2.11,N
37.59783,61.55677,300.94,0.34,0.56,2026-09-02,2104,N21,nominal,2.0NRT,287.12,0.79,N
37.59448,61.52916,298.08,0.34,0.56,2026-09-02,2104,N21,nominal,2.0NRT,286.55,0.49,N
37.58725,61.55964,299.31,0.34,0.56,2026-09-02,2104,N21,nominal,2.0NRT,287.39,0.76,N
37.5821,61.55913,297.11,0.34,0.56,2026-09-02,2104,N21,nominal,2.0NRT,287.01,0.76,N
37.5021,61.98883,298.97,0.32,0.55,2026-09-02,2104,N21,nominal,2.0NRT,286.41,0.25,N
37.49643,61.84387,311.59,0.33,0.55,2026-09-02,2104,N21,nominal,2.0NRT,289.47,1.92,N
37.49619,61.84758,315.28,0.33,0.55,2026-09-02,2104,N21,nominal,2.0NRT,289.76,2.08,N
37.51133,61.01529,302.81,0.36,0.58,2026-09-02,2104,N21,nominal,2.0NRT,287.65,0.68,N
37.42364,62.31228,297.48,0.61,0.54,2026-09-02,2104,N21,nominal,2.0NRT,286.03,0.75,N
37.48952,60.45824,297.21,0.39,0.59,2026-09-02,2104,N21,nominal,2.0NRT,284.04,0.37,N
37.34672,61.36405,301.47,0.35,0.56,2026-09-02,2104,N21,nominal,2.0NRT,287.36,0.55,N
37.32615,61.09709,302.27,0.36,0.57,2026-09-02,2104,N21,nominal,2.0NRT,286.04,0.43,N
37.45211,57.68561,300.43,0.56,0.69,2026-09-02,2104,N21,nominal,2.0NRT,285.39,1.5,N
37.4558,57.68593,295.08,0.56,0.69,2026-09-02,2104,N21,nominal,2.0NRT,284.68,1.39,N
37.11875,62.36132,316.33,0.61,0.53,2026-09-02,2104,N21,nominal,2.0NRT,288.64,7.28,N
37.11384,62.3608,302.05,0.61,0.53,2026-09-02,2104,N21,nominal,2.0NRT,288.83,2.56,N
37.11647,62.36124,321.97,0.61,0.53,2026-09-02,2104,N21,nominal,2.0NRT,289.1,7.43,N
37.03357,62.41404,336.3,0.6,0.53,2026-09-02,2104,N21,nominal,2.0NRT,289.22,7.56,N
36.47808,61.62276,301.57,0.33,0.55,2026-09-02,2104,N21,nominal,2.0NRT,288.26,2.42,N
36.43585,61.2197,297.98,0.35,0.56,2026-09-02,2104,N21,nominal,2.0NRT,287.39,0.55,N
36.2695,59.64941,295.83,0.42,0.61,2026-09-02,2104,N21,nominal,2.0NRT,283.18,1.81,N
36.23687,59.73179,297.86,0.42,0.61,2026-09-02,2104,N21,nominal,2.0NRT,286.18,0.72,N
36.23922,59.73037,297.65,0.42,0.61,2026-09-02,2104,N21,nominal,2.0NRT,286.12,1.14,N
33.90449,71.91705,307.98,0.39,0.36,2026-09-02,2104,N21,nominal,2.0NRT,294.81,2.24,N
33.68715,72.71378,308.52,0.4,0.37,2026-09-02,2104,N21,nominal,2.0NRT,294.13,2.17,N
33.14193,73.15449,315.87,0.41,0.37,2026-09-02,2104,N21,nominal,2.0NRT,294.15,2.5,N
32.71682,72.77473,307.36,0.41,0.37,2026-09-02,2104,N21,nominal,2.0NRT,295.35,1.16,N
32.88705,71.61797,317.71,0.39,0.36,2026-09-02,2104,N21,nominal,2.0NRT,297.53,1.31,N
32.57568,72.56406,312.11,0.4,0.37,2026-09-02,2104,N21,nominal,2.0NRT,297.13,2.69,N
33.75474,59.14415,297.39,0.43,0.62,2026-09-02,2104,N21,nominal,2.0NRT,285.31,1.57,N
33.75231,59.14643,307.37,0.43,0.62,2026-09-02,2104,N21,nominal,2.0NRT,286.48,0.94,N
32.92176,60.23231,301.6,0.37,0.58,2026-09-02,2104,N21,nominal,2.0NRT,289.97,1.24,N
32.92315,60.23156,302.48,0.37,0.58,2026-09-02,2104,N21,nominal,2.0NRT,290.39,1.01,N
33.04045,56.84717,305.38,0.58,0.7,2026-09-02,2104,N21,nominal,2.0NRT,294.93,1.51,N
32.63414,59.75827,295.54,0.39,0.59,2026-09-02,2104,N21,nominal,2.0NRT,284.48,0.88,N
30.75671,56.65739,313.13,0.57,0.69,2026-09-02,2106,N21,nominal,2.0NRT,292.82,4.11,N
30.1549,60.73343,307.08,0.32,0.55,2026-09-02,2106,N21,nominal,2.0NRT,295.89,0.61,N
30.32034,55.97193,303.28,0.63,0.72,2026-09-02,2106,N21,nominal,2.0NRT,291.23,1.38,N
30.23313,56.90477,305.55,0.55,0.68,2026-09-02,2106,N21,nominal,2.0NRT,290.22,3.5,N
30.23282,56.9104,305.67,0.55,0.68,2026-09-02,2106,N21,nominal,2.0NRT,289.72,3.21,N
30.08463,55.39956,301.95,0.68,0.74,2026-09-02,2106,N21,nominal,2.0NRT,288.55,3.24,N
30.07784,55.39899,305.18,0.68,0.74,2026-09-02,2106,N21,nominal,2.0NRT,289.6,3.56,N
30.08276,55.3996,315.39,0.68,0.74,2026-09-02,2106,N21,nominal,2.0NRT,289.38,4.91,N
29.99352,55.84863,303.16,0.64,0.72,2026-09-02,2106,N21,nominal,2.0NRT,287.65,2.13,N
29.99324,55.85443,300.3,0.64,0.72,2026-09-02,2106,N21,nominal,2.0NRT,287.46,2.13,N
29.94745,56.73233,308.64,0.56,0.69,2026-09-02,2106,N21,nominal,2.0NRT,289.01,1.55,N
28.42336,69.69977,320.95,0.38,0.36,2026-09-02,2106,N21,nominal,2.0NRT,297.9,1.96,N
29.17229,58.62788,350.8,0.42,0.61,2026-09-02,2106,N21,nominal,2.0NRT,298.71,8.93,N
29.16787,58.61035,322.86,0.42,0.61,2026-09-02,2106,N21,nominal,2.0NRT,295.02,3.41,N
29.16756,58.61461,323.34,0.42,0.61,2026-09-02,2106,N21,nominal,2.0NRT,294.9,3.41,N
23.1902,55.45593,314.44,0.54,0.68,2026-09-02,2248,N21,nominal,2.0NRT,296.88,6.27,N
23.19029,55.45782,317.09,0.54,0.68,2026-09-02,2248,N21,nominal,2.0NRT,296.58,3.49,N
23.18908,55.46293,307.33,0.54,0.68,2026-09-02,2248,N21,nominal,2.0NRT,296.42,3.49,N
22.92548,55.804,328.75,0.58,0.7,2026-09-02,2248,N21,nominal,2.0NRT,295.73,5.04,N
23.31215,54.17868,316.94,0.45,0.63,2026-09-02,2248,N21,nominal,2.0NRT,298.04,2.63,N
22.88224,55.9264,314.81,0.59,0.7,2026-09-02,2248,N21,nominal,2.0NRT,295.1,4.51,N
22.88088,55.93192,309.22,0.59,0.7,2026-09-02,2248,N21,nominal,2.0NRT,294.8,7.84,N
22.87601,55.92455,311.26,0.59,0.7,2026-09-02,2248,N21,nominal,2.0NRT,295.52,4.51,N
22.87998,55.92586,321.38,0.59,0.7,2026-09-02,2248,N21,nominal,2.0NRT,295.6,6.21,N
22.87866,55.93141,315.21,0.59,0.7,2026-09-02,2248,N21,nominal,2.0NRT,295.13,6.21,N
22.78043,55.81402,308.62,0.58,0.7,2026-09-02,2248,N21,nominal,2.0NRT,295.76,6.03,N
22.78278,54.72768,312.68,0.5,0.66,2026-09-02,2248,N21,nominal,2.0NRT,297.06,3.3,N
22.7817,54.73228,313.06,0.5,0.66,2026-09-02,2248,N21,nominal,2.0NRT,296.78,2.55,N
22.60877,54.05917,310.62,0.46,0.63,2026-09-02,2248,N21,nominal,2.0NRT,299,2.46,N
22.52544,54.04971,310.42,0.46,0.63,2026-09-02,2248,N21,nominal,2.0NRT,298.98,2.25,N
21.66145,56.41356,305.36,0.67,0.74,2026-09-02,2248,N21,nominal,2.0NRT,291.17,1.88,N
21.33004,56.69515,340.33,0.71,0.75,2026-09-02,2248,N21,nominal,2.0NRT,293.71,12.9,N
21.33529,56.69803,344.52,0.71,0.75,2026-09-02,2248,N21,nominal,2.0NRT,294.08,9.39,N
21.32861,56.69601,304.41,0.71,0.75,2026-09-02,2248,N21,nominal,2.0NRT,292.71,1.05,N
20.56032,56.41988,301.35,0.71,0.75,2026-09-02,2248,N21,nominal,2.0NRT,291.05,0.65,N
20.37509,55.93149,311.67,0.67,0.74,2026-09-02,2248,N21,nominal,2.0NRT,291.99,3.03,N
20.37359,55.93771,304.64,0.67,0.74,2026-09-02,2248,N21,nominal,2.0NRT,291.45,2.37,N
20.38483,55.66167,313.65,0.64,0.72,2026-09-02,2248,N21,nominal,2.0NRT,291.92,2.83,N
20.38627,55.66042,314.35,0.64,0.72,2026-09-02,2248,N21,nominal,2.0NRT,292.33,2.33,N
20.3826,55.64683,307.37,0.64,0.72,2026-09-02,2248,N21,nominal,2.0NRT,292.26,1.33,N
20.22451,55.7379,306.36,0.66,0.73,2026-09-02,2248,N21,nominal,2.0NRT,292.05,2.37,N
20.2108,55.70817,303.95,0.65,0.73,2026-09-02,2248,N21,nominal,2.0NRT,291.83,1.72,N
18.6865,55.50393,314.96,0.69,0.74,2026-09-02,2250,N21,nominal,2.0NRT,291.61,3.68,N
18.685,55.5102,305.87,0.69,0.74,2026-09-02,2250,N21,nominal,2.0NRT,290.56,2.93,N
18.68952,55.50714,326.41,0.69,0.74,2026-09-02,2250,N21,nominal,2.0NRT,291.3,5.06,N
18.01451,54.57035,323.29,0.62,0.71,2026-09-02,2250,N21,nominal,2.0NRT,294.64,11.84,N
18.01323,54.57603,342.73,0.62,0.71,2026-09-02,2250,N21,nominal,2.0NRT,294.97,13.41,N
39.85509,66.19994,295.18,0.77,0.78,2026-09-02,2242,N21,nominal,2.0NRT,283.41,1.34,N
39.11417,63.3339,295.96,0.59,0.7,2026-09-02,2244,N21,nominal,2.0NRT,282.68,0.77,N
39.97226,58.93582,330.13,0.33,0.56,2026-09-02,2244,N21,nominal,2.0NRT,287.45,2.42,N
39.9734,58.93488,325.74,0.33,0.56,2026-09-02,2244,N21,nominal,2.0NRT,287.22,2.03,N
37.72569,62.09378,295.56,0.56,0.69,2026-09-02,2244,N21,nominal,2.0NRT,284.32,0.94,N
37.61804,62.13689,300.14,0.56,0.69,2026-09-02,2244,N21,nominal,2.0NRT,285.9,1.68,N
37.54805,61.92459,297.8,0.55,0.68,2026-09-02,2244,N21,nominal,2.0NRT,284.61,0.99,N
37.54263,61.92393,301.88,0.55,0.68,2026-09-02,2244,N21,nominal,2.0NRT,285.09,0.99,N
37.60847,61.60701,299.94,0.53,0.67,2026-09-02,2244,N21,nominal,2.0NRT,285.64,1.8,N
37.11662,62.36565,321.69,0.6,0.71,2026-09-02,2244,N21,nominal,2.0NRT,285.78,9.05,N
37.11459,62.36663,320.23,0.6,0.71,2026-09-02,2244,N21,nominal,2.0NRT,285.59,6.85,N
37.11646,62.36031,300.42,0.6,0.71,2026-09-02,2244,N21,nominal,2.0NRT,285.75,6.48,N
37.02925,62.41941,325.81,0.61,0.71,2026-09-02,2244,N21,nominal,2.0NRT,286.78,5.02,N
38.68129,54.31547,315.88,0.42,0.45,2026-09-02,2244,N21,nominal,2.0NRT,290.1,1.89,N
38.6492,54.28382,303.33,0.42,0.45,2026-09-02,2244,N21,nominal,2.0NRT,289.9,0.76,N
36.47435,61.62356,296.42,0.57,0.69,2026-09-02,2244,N21,nominal,2.0NRT,284.82,1.94,N
36.43935,61.21939,297.35,0.55,0.68,2026-09-02,2244,N21,nominal,2.0NRT,285.52,1,N
36.49563,59.33524,299.54,0.43,0.62,2026-09-02,2244,N21,nominal,2.0NRT,282.4,2.65,N
36.49218,59.3335,297.95,0.43,0.62,2026-09-02,2244,N21,nominal,2.0NRT,279.75,1.42,N
36.69918,57.20254,318.57,0.33,0.55,2026-09-02,2244,N21,nominal,2.0NRT,288.82,1.56,N
36.48116,54.90274,298.2,0.5,0.49,2026-09-02,2244,N21,nominal,2.0NRT,288.09,0.82,N
36.47848,54.89999,297.58,0.5,0.49,2026-09-02,2244,N21,nominal,2.0NRT,287.18,0.47,N
36.29485,54.78573,300.65,0.5,0.49,2026-09-02,2244,N21,nominal,2.0NRT,288.03,0.9,N
33.75536,59.14674,296.46,0.5,0.66,2026-09-02,2244,N21,nominal,2.0NRT,284.21,1.15,N
33.75233,59.14522,298.94,0.5,0.66,2026-09-02,2244,N21,nominal,2.0NRT,284.39,1.59,N
33.62772,59.16943,298.69,0.51,0.66,2026-09-02,2244,N21,nominal,2.0NRT,287.83,0.76,N
33.04035,56.85028,304.45,0.39,0.59,2026-09-02,2246,N21,nominal,2.0NRT,294.13,1.05,N
32.33456,54.08497,304.61,0.56,0.51,2026-09-02,2246,N21,nominal,2.0NRT,292.32,1.21,N
31.43403,56.49117,307.68,0.4,0.6,2026-09-02,2246,N21,nominal,2.0NRT,289.75,0.71,N
31.43306,56.48963,302.41,0.4,0.6,2026-09-02,2246,N21,nominal,2.0NRT,288.81,0.53,N
30.75449,56.65894,311.14,0.43,0.62,2026-09-02,2246,N21,nominal,2.0NRT,291.89,2.35,N
30.73158,55.38563,305.68,0.36,0.58,2026-09-02,2246,N21,nominal,2.0NRT,290.52,0.63,N
30.23518,56.90822,314.5,0.46,0.63,2026-09-02,2246,N21,nominal,2.0NRT,291.58,2.16,N
30.36837,56.12622,314.25,0.41,0.6,2026-09-02,2246,N21,nominal,2.0NRT,292.85,1.38,N
30.38925,55.77488,302.96,0.39,0.59,2026-09-02,2246,N21,nominal,2.0NRT,291.56,0.48,N
30.32399,55.97364,306.63,0.4,0.6,2026-09-02,2246,N21,nominal,2.0NRT,292.08,0.83,N
29.92759,56.73192,302.68,0.45,0.63,2026-09-02,2246,N21,nominal,2.0NRT,291.6,1.62,N
29.99299,55.85087,319.53,0.4,0.6,2026-09-02,2246,N21,nominal,2.0NRT,288.72,3.25,N
29.99189,55.85535,310.32,0.4,0.6,2026-09-02,2246,N21,nominal,2.0NRT,287.87,2.77,N
30.08042,55.3984,329.98,0.38,0.58,2026-09-02,2246,N21,nominal,2.0NRT,292.52,4.06,N
30.00148,55.19855,300.14,0.37,0.58,2026-09-02,2246,N21,nominal,2.0NRT,289.87,0.77,N
29.99636,55.19686,304.43,0.37,0.58,2026-09-02,2246,N21,nominal,2.0NRT,290.72,0.77,N
29.15207,55.36518,304.06,0.39,0.6,2026-09-02,2246,N21,nominal,2.0NRT,293.21,0.54,N
29.14942,55.36633,303.3,0.39,0.6,2026-09-02,2246,N21,nominal,2.0NRT,292.27,0.86,N
29.1361,55.37449,305.04,0.39,0.6,2026-09-02,2246,N21,nominal,2.0NRT,294.68,1.77,N
29.20303,54.48378,306.47,0.35,0.57,2026-09-02,2246,N21,nominal,2.0NRT,291.89,1.01,N
27.12421,57.4348,316.37,0.58,0.7,2026-09-02,2246,N21,nominal,2.0NRT,294.41,3.59,N
25.97305,56.06821,312.95,0.51,0.66,2026-09-02,2248,N21,nominal,2.0NRT,297.8,2.76,N
24.98778,55.62687,323.15,0.51,0.66,2026-09-02,2248,N21,nominal,2.0NRT,296.49,2.37,N
24.32984,54.46948,310.49,0.44,0.63,2026-09-02,2248,N21,nominal,2.0NRT,298.76,1.28,N
24.32425,54.46785,311.52,0.44,0.63,2026-09-02,2248,N21,nominal,2.0NRT,299.45,1.28,N
16.46553,79.58845,331.47,0.41,0.45,2026-09-03,0818,N21,nominal,2.0NRT,292.36,2.66,D
18.24572,75.4022,336.99,0.4,0.37,2026-09-03,0818,N21,nominal,2.0NRT,294.85,4.06,D
18.5062,74.34609,343.88,0.39,0.36,2026-09-03,0818,N21,nominal,2.0NRT,303.18,5.6,D
18.65981,74.60452,333.35,0.39,0.36,2026-09-03,0818,N21,low,2.0NRT,303.89,2.45,D
19.41619,74.73562,335.63,0.4,0.37,2026-09-03,0820,N21,nominal,2.0NRT,295.77,4.98,D
21.10363,72.64727,341.64,0.39,0.36,2026-09-03,0820,N21,nominal,2.0NRT,302.04,9.19,D
21.10192,72.63627,339.66,0.39,0.36,2026-09-03,0820,N21,nominal,2.0NRT,300.92,9.64,D
21.10691,72.6467,353,0.39,0.36,2026-09-03,0820,N21,nominal,2.0NRT,303.51,9.19,D
21.1085,72.63512,338.53,0.39,0.36,2026-09-03,0820,N21,nominal,2.0NRT,301.34,6.92,D
21.16552,72.67063,343.59,0.38,0.36,2026-09-03,0820,N21,nominal,2.0NRT,300.03,5.56,D
22.92924,70.1059,335.84,0.43,0.38,2026-09-03,0820,N21,low,2.0NRT,303.18,8.52,D
22.92853,70.10656,332.86,0.43,0.38,2026-09-03,0820,N21,low,2.0NRT,302.73,7.14,D
23.30886,69.4185,333.65,0.45,0.39,2026-09-03,0820,N21,nominal,2.0NRT,301.35,5.76,D
29.43228,69.87639,335.88,0.39,0.36,2026-09-03,0822,N21,low,2.0NRT,308.63,1.14,D
29.43558,69.87576,334.18,0.39,0.36,2026-09-03,0822,N21,low,2.0NRT,308.71,2.43,D
30.57886,74.04327,330.83,0.46,0.39,2026-09-03,0822,N21,nominal,2.0NRT,300.38,2.89,D
30.78766,73.98348,333.83,0.46,0.39,2026-09-03,0822,N21,nominal,2.0NRT,301.61,15.24,D
30.57868,72.3315,332.74,0.4,0.37,2026-09-03,0822,N21,nominal,2.0NRT,301.73,1.84,D
31.03563,74.41142,335.51,0.48,0.4,2026-09-03,0822,N21,nominal,2.0NRT,297.85,3.55,D
31.16984,75.04272,335.59,0.51,0.41,2026-09-03,0822,N21,nominal,2.0NRT,296.53,4.87,D
31.04139,72.04004,334.94,0.4,0.37,2026-09-03,0822,N21,nominal,2.0NRT,302.09,6.25,D
31.10242,72.35428,332.57,0.41,0.37,2026-09-03,0822,N21,low,2.0NRT,304.85,2.71,D
31.104,72.20413,330.16,0.4,0.37,2026-09-03,0822,N21,low,2.0NRT,303.68,2.47,D
31.46605,74.61465,336.94,0.49,0.4,2026-09-03,0822,N21,nominal,2.0NRT,301.01,4.63,D
31.23119,72.16363,342.05,0.4,0.37,2026-09-03,0822,N21,nominal,2.0NRT,303.06,4.06,D
31.62567,74.98903,332.14,0.51,0.41,2026-09-03,0822,N21,nominal,2.0NRT,296.26,4.15,D
31.81754,74.59283,340.73,0.5,0.41,2026-09-03,0822,N21,nominal,2.0NRT,296.72,6.08,D
31.52391,72.13649,337.67,0.4,0.37,2026-09-03,0822,N21,nominal,2.0NRT,303.5,3.33,D
33.26638,72.17457,333,0.41,0.37,2026-09-03,0822,N21,low,2.0NRT,304.14,2.1,D
33.63013,73.01676,333.4,0.44,0.39,2026-09-03,0822,N21,nominal,2.0NRT,299.46,2.46,D
10.90735,99.50402,332.98,0.4,0.37,2026-09-03,0635,N21,low,2.0NRT,304.38,10.12,D
12.78531,101.00644,344.12,0.39,0.36,2026-09-03,0635,N21,nominal,2.0NRT,299.27,6.42,D
12.93391,101.52617,331.33,0.39,0.36,2026-09-03,0635,N21,nominal,2.0NRT,297.51,2.9,D
12.888,101.12371,337.13,0.39,0.36,2026-09-03,0635,N21,nominal,2.0NRT,298.87,3.47,D
13.04287,101.07005,335.35,0.39,0.36,2026-09-03,0635,N21,nominal,2.0NRT,297.09,6.59,D
13.07608,101.13387,336.39,0.39,0.36,2026-09-03,0635,N21,nominal,2.0NRT,298.54,3.08,D
13.41743,101.48676,333.15,0.4,0.37,2026-09-03,0635,N21,nominal,2.0NRT,295.72,4.04,D
13.48698,101.15275,331.57,0.39,0.36,2026-09-03,0635,N21,nominal,2.0NRT,292.83,2.39,D
36.78044,67.36946,338.26,0.39,0.36,2026-09-03,0824,N21,low,2.0NRT,312.23,3.74,D
37.03166,62.41678,347.49,0.39,0.44,2026-09-03,0824,N21,nominal,2.0NRT,313.36,7.01,D
37.03557,62.41552,344.55,0.39,0.44,2026-09-03,0824,N21,nominal,2.0NRT,312.54,7.01,D
37.11842,62.362,341.13,0.39,0.44,2026-09-03,0824,N21,low,2.0NRT,312.53,8.02,D
37.49928,61.84451,332.8,0.41,0.45,2026-09-03,0824,N21,low,2.0NRT,305.44,2.77,D
37.6087,62.24652,344.5,0.39,0.44,2026-09-03,0824,N21,nominal,2.0NRT,304.35,6.37,D
37.61139,62.24594,335.38,0.39,0.44,2026-09-03,0824,N21,nominal,2.0NRT,301.25,3.32,D
37.22038,60.36133,341.59,0.49,0.49,2026-09-03,0824,N21,nominal,2.0NRT,308.66,5.41,D
15.13051,100.3196,343.5,0.39,0.36,2026-09-03,0635,N21,nominal,2.0NRT,296.22,4.14,D
37.61053,61.60749,334.27,0.42,0.45,2026-09-03,0824,N21,low,2.0NRT,308.42,1.44,D
37.68091,61.83463,337.8,0.4,0.44,2026-09-03,0824,N21,nominal,2.0NRT,301.37,4.49,D
13.83652,101.14851,334.03,0.39,0.36,2026-09-03,0635,N21,nominal,2.0NRT,294.26,3.7,D
37.51837,61.06753,339.59,0.44,0.46,2026-09-03,0824,N21,nominal,2.0NRT,307.88,4.06,D
39.01884,66.75793,332.51,0.39,0.36,2026-09-03,0824,N21,low,2.0NRT,305.6,2.18,D
13.82919,101.07635,348.87,0.39,0.36,2026-09-03,0635,N21,nominal,2.0NRT,295.07,16.08,D
37.95686,60.39629,342.14,0.47,0.48,2026-09-03,0824,N21,nominal,2.0NRT,306.31,11.66,D
13.8325,101.07584,339.88,0.39,0.36,2026-09-03,0635,N21,nominal,2.0NRT,293.87,3.72,D
37.9557,60.39112,348.46,0.47,0.48,2026-09-03,0824,N21,nominal,2.0NRT,311.89,11.66,D
13.87529,101.13476,331.85,0.39,0.36,2026-09-03,0635,N21,nominal,2.0NRT,292.97,2.43,D
39.96417,66.50385,331.12,0.39,0.36,2026-09-03,0826,N21,low,2.0NRT,304.29,2.02,D
13.90131,101.12703,336.61,0.39,0.36,2026-09-03,0635,N21,nominal,2.0NRT,293.87,5.45,D
13.95763,101.02661,330.62,0.39,0.36,2026-09-03,0635,N21,nominal,2.0NRT,288,2.99,D
38.4682,57.63678,342.08,0.32,0.54,2026-09-03,0826,N21,nominal,2.0NRT,304.73,4.41,D
13.94553,100.89657,332.5,0.39,0.36,2026-09-03,0635,N21,nominal,2.0NRT,289.27,2.8,D
14.00852,100.956,337.54,0.39,0.36,2026-09-03,0635,N21,nominal,2.0NRT,289.05,3.76,D
14.04181,101.02028,343.42,0.39,0.36,2026-09-03,0635,N21,nominal,2.0NRT,293.39,6.7,D
14.02138,100.81546,333.48,0.39,0.36,2026-09-03,0635,N21,nominal,2.0NRT,290.6,4.18,D
14.06563,100.95083,342.53,0.39,0.36,2026-09-03,0635,N21,nominal,2.0NRT,294.55,5.11,D
39.97101,58.93547,341.57,0.5,0.49,2026-09-03,0826,N21,nominal,2.0NRT,308.17,4.46,D
39.31321,55.80664,341.65,0.38,0.58,2026-09-03,0826,N21,nominal,2.0NRT,299.3,5.35,D
14.12548,100.7846,346.08,0.39,0.36,2026-09-03,0635,N21,nominal,2.0NRT,294.17,7.69,D
39.31211,55.8025,340.16,0.38,0.58,2026-09-03,0826,N21,nominal,2.0NRT,297.87,5.35,D
39.31198,55.80684,334.19,0.38,0.58,2026-09-03,0826,N21,nominal,2.0NRT,298.3,9.98,D
14.06236,100.29853,339.87,0.38,0.36,2026-09-03,0635,N21,nominal,2.0NRT,296.66,3.98,D
14.04687,100.1964,342.92,0.38,0.36,2026-09-03,0635,N21,nominal,2.0NRT,296.96,5.85,D
14.05289,100.18389,334.18,0.38,0.36,2026-09-03,0635,N21,nominal,2.0NRT,297.56,3.2,D
14.11692,100.45167,333.74,0.38,0.36,2026-09-03,0635,N21,nominal,2.0NRT,294.74,2.23,D
14.06574,100.11333,341.44,0.38,0.36,2026-09-03,0635,N21,nominal,2.0NRT,297.02,5.11,D
14.05634,99.96336,331.83,0.38,0.36,2026-09-03,0635,N21,low,2.0NRT,304.07,5.34,D
14.19885,100.75058,339.84,0.39,0.36,2026-09-03,0635,N21,nominal,2.0NRT,290.74,3.57,D
14.18929,100.68662,335.48,0.39,0.36,2026-09-03,0635,N21,nominal,2.0NRT,294.47,4.92,D
14.16185,100.459,332.17,0.39,0.36,2026-09-03,0635,N21,nominal,2.0NRT,294.79,7.12,D
14.24927,100.67671,339.98,0.39,0.36,2026-09-03,0635,N21,nominal,2.0NRT,295.51,6.16,D
14.1722,100.1643,338.2,0.38,0.36,2026-09-03,0635,N21,nominal,2.0NRT,299.59,10.85,D
14.25481,100.66856,339.81,0.39,0.36,2026-09-03,0635,N21,nominal,2.0NRT,295.55,4.35,D
14.25428,100.66502,332.6,0.39,0.36,2026-09-03,0635,N21,nominal,2.0NRT,293.44,4.35,D
14.2426,100.22885,334.15,0.38,0.36,2026-09-03,0635,N21,nominal,2.0NRT,295.59,2.22,D
14.2683,100.3765,343.44,0.38,0.36,2026-09-03,0635,N21,nominal,2.0NRT,296.68,6.73,D
14.25966,100.20808,332.87,0.38,0.36,2026-09-03,0635,N21,nominal,2.0NRT,297.29,4.77,D
14.26731,100.21408,333.72,0.38,0.36,2026-09-03,0635,N21,nominal,2.0NRT,296.24,3.65,D
14.29249,100.35818,339.84,0.38,0.36,2026-09-03,0635,N21,nominal,2.0NRT,296.28,5.99,D
14.29357,100.22424,332.46,0.38,0.36,2026-09-03,0635,N21,nominal,2.0NRT,295.71,3.97,D
14.29304,100.22071,340.21,0.38,0.36,2026-09-03,0635,N21,nominal,2.0NRT,294.68,4.01,D
14.28143,99.92292,334.3,0.38,0.36,2026-09-03,0635,N21,nominal,2.0NRT,297.28,4.66,D
14.33988,100.28549,333.95,0.38,0.36,2026-09-03,0635,N21,nominal,2.0NRT,296.31,5.02,D
14.34211,100.27791,367,0.38,0.36,2026-09-03,0635,N21,high,2.0NRT,294.42,11.89,D
14.43718,100.73082,331.62,0.39,0.36,2026-09-03,0635,N21,nominal,2.0NRT,293.08,1.28,D
14.43836,100.26195,334.77,0.38,0.36,2026-09-03,0635,N21,nominal,2.0NRT,295.92,2.55,D
14.46824,100.32592,335.85,0.38,0.36,2026-09-03,0635,N21,nominal,2.0NRT,295.34,2.1,D
14.55486,100.62738,335.52,0.39,0.36,2026-09-03,0635,N21,nominal,2.0NRT,296.25,6.65,D
14.55816,100.62685,337.1,0.39,0.36,2026-09-03,0635,N21,nominal,2.0NRT,296.86,6.65,D
14.55988,100.61565,332.66,0.39,0.36,2026-09-03,0635,N21,nominal,2.0NRT,295.89,3.74,D
14.64201,100.98722,336.06,0.39,0.36,2026-09-03,0635,N21,nominal,2.0NRT,295.19,5.27,D
14.64533,100.9867,334.63,0.39,0.36,2026-09-03,0635,N21,nominal,2.0NRT,295.54,5.27,D
14.63107,100.77595,333.72,0.39,0.36,2026-09-03,0635,N21,nominal,2.0NRT,297.38,4.16,D
14.5539,100.261,335.75,0.38,0.36,2026-09-03,0635,N21,nominal,2.0NRT,292.26,4.21,D
14.68001,101.01447,332.53,0.39,0.36,2026-09-03,0635,N21,nominal,2.0NRT,294.17,2.89,D
14.6065,100.52094,334.8,0.39,0.36,2026-09-03,0635,N21,nominal,2.0NRT,296.36,3.56,D
14.57175,100.17856,332.96,0.38,0.36,2026-09-03,0635,N21,nominal,2.0NRT,295.84,2.96,D
14.67226,100.80238,330.61,0.39,0.36,2026-09-03,0635,N21,nominal,2.0NRT,297.53,4.03,D
14.63227,100.34994,333.57,0.39,0.36,2026-09-03,0635,N21,nominal,2.0NRT,294.98,2.53,D
14.61816,100.18922,334.69,0.38,0.36,2026-09-03,0635,N21,nominal,2.0NRT,295.76,3.22,D
14.82964,100.10342,341.15,0.38,0.36,2026-09-03,0635,N21,nominal,2.0NRT,291.84,3.73,D
14.89472,100.13284,333.64,0.38,0.36,2026-09-03,0635,N21,nominal,2.0NRT,295.67,3.64,D
14.90978,100.06879,338.72,0.38,0.36,2026-09-03,0635,N21,nominal,2.0NRT,297.57,4.07,D
14.94731,100.13886,337.76,0.38,0.36,2026-09-03,0635,N21,nominal,2.0NRT,297.22,14.99,D
15.01356,100.42247,331.6,0.39,0.36,2026-09-03,0635,N21,nominal,2.0NRT,291.96,3.08,D
14.95106,100.00785,335.96,0.38,0.36,2026-09-03,0635,N21,nominal,2.0NRT,295.89,3.04,D
15.00713,100.11115,335.04,0.38,0.36,2026-09-03,0635,N21,nominal,2.0NRT,295.88,4.98,D
15.04657,100.0535,337,0.38,0.36,2026-09-03,0635,N21,nominal,2.0NRT,297.59,5.68,D
15.16733,100.679,331.53,0.39,0.36,2026-09-03,0635,N21,nominal,2.0NRT,294.84,2.28,D
15.17672,100.67384,335.33,0.39,0.36,2026-09-03,0635,N21,nominal,2.0NRT,297.37,7.01,D
15.12775,100.32368,332.33,0.39,0.36,2026-09-03,0635,N21,nominal,2.0NRT,298.94,4.14,D
15.11225,100.22073,333.35,0.38,0.36,2026-09-03,0635,N21,nominal,2.0NRT,298.26,2.31,D
15.13104,100.32316,346.27,0.39,0.36,2026-09-03,0635,N21,nominal,2.0NRT,297.51,4.14,D
15.16926,100.0331,336.69,0.38,0.36,2026-09-03,0635,N21,nominal,2.0NRT,293.11,5.1,D
15.34416,100.40527,331.5,0.39,0.36,2026-09-03,0635,N21,nominal,2.0NRT,288.33,1.98,D
15.92216,100.04,344.62,0.39,0.36,2026-09-03,0635,N21,nominal,2.0NRT,294.02,5.09,D
15.90407,99.87531,331.85,0.38,0.36,2026-09-03,0635,N21,nominal,2.0NRT,294.15,4.34,D
15.97591,99.85278,334.67,0.38,0.36,2026-09-03,0635,N21,nominal,2.0NRT,297.53,4.54,D
15.99368,99.94827,332.05,0.38,0.36,2026-09-03,0635,N21,nominal,2.0NRT,294.52,3.12,D
16.0942,99.78204,345.62,0.38,0.36,2026-09-03,0635,N21,nominal,2.0NRT,296.31,5.55,D
16.41497,99.76521,332.55,0.38,0.36,2026-09-03,0635,N21,nominal,2.0NRT,293.93,2.84,D
17.0855,100.0397,332.56,0.39,0.36,2026-09-03,0635,N21,nominal,2.0NRT,294.25,1.84,D
17.29455,100.02781,331.9,0.39,0.36,2026-09-03,0637,N21,nominal,2.0NRT,295.51,2.36,D
17.29294,100.01698,330.07,0.39,0.36,2026-09-03,0637,N21,nominal,2.0NRT,295.92,3.3,D
17.29241,100.01337,330.32,0.39,0.36,2026-09-03,0637,N21,nominal,2.0NRT,296.31,2.58,D
20.1936,100.43881,329.56,0.41,0.37,2026-09-03,0637,N21,nominal,2.0NRT,295.26,2.37,D
22.56272,100.89662,346.76,0.44,0.38,2026-09-03,0637,N21,nominal,2.0NRT,290.98,12.2,D
23.0978,101.17032,341.37,0.46,0.39,2026-09-03,0637,N21,nominal,2.0NRT,299.44,21.19,D
23.09719,101.16583,348.47,0.46,0.39,2026-09-03,0637,N21,nominal,2.0NRT,297.17,17.03,D
23.10135,101.16975,336.17,0.46,0.39,2026-09-03,0637,N21,nominal,2.0NRT,296.02,21.19,D
23.09679,101.16785,351.81,0.46,0.39,2026-09-03,0637,N21,nominal,2.0NRT,299,21.46,D
23.09621,101.16335,337.4,0.46,0.39,2026-09-03,0637,N21,nominal,2.0NRT,292.54,21.46,D
23.10093,101.17178,335.98,0.46,0.39,2026-09-03,0637,N21,nominal,2.0NRT,297.1,21.73,D
23.30744,101.53595,330.81,0.48,0.4,2026-09-03,0637,N21,nominal,2.0NRT,296.72,6.35,D
27.32438,95.27836,330.51,0.4,0.37,2026-09-03,0640,N21,nominal,2.0NRT,294.53,2,D
26.5233,90.5319,340.13,0.44,0.46,2026-09-03,0640,N21,nominal,2.0NRT,291.91,5.37,D
27.98609,95.93691,333.62,0.39,0.36,2026-09-03,0640,N21,nominal,2.0NRT,298.61,8.26,D
30.94366,99.60848,340.58,0.47,0.4,2026-09-03,0640,N21,nominal,2.0NRT,299.8,6.06,D
6.30033,80.96992,332.42,0.55,0.42,2026-09-03,0816,N21,nominal,2.0NRT,298.32,3.65,D
8.14016,80.30169,338.92,0.53,0.42,2026-09-03,0816,N21,nominal,2.0NRT,299.5,5.64,D
6.37186,81.13629,335.24,0.56,0.43,2026-09-03,0816,N21,nominal,2.0NRT,298.94,13.79,D
6.58789,81.0489,345.94,0.56,0.43,2026-09-03,0816,N21,nominal,2.0NRT,300.08,8.7,D
6.59339,80.97704,330.21,0.55,0.43,2026-09-03,0816,N21,nominal,2.0NRT,299.56,2.4,D
6.74365,81.52097,346.74,0.4,0.44,2026-09-03,0816,N21,nominal,2.0NRT,307.65,13.48,D
6.7477,81.52042,347.23,0.4,0.44,2026-09-03,0816,N21,nominal,2.0NRT,305.57,13.48,D
6.66724,80.90286,333.59,0.55,0.42,2026-09-03,0816,N21,nominal,2.0NRT,298.06,8.62,D
6.8188,81.81318,339.04,0.42,0.45,2026-09-03,0816,N21,nominal,2.0NRT,300.11,6.43,D
6.79854,81.47297,337.44,0.4,0.44,2026-09-03,0816,N21,nominal,2.0NRT,306.7,6.69,D
6.79974,81.47322,339.7,0.4,0.44,2026-09-03,0816,N21,nominal,2.0NRT,306.57,6.41,D
6.82495,81.47689,340.18,0.4,0.44,2026-09-03,0816,N21,nominal,2.0NRT,304.17,3.11,D
6.99152,81.596,342.93,0.41,0.45,2026-09-03,0816,N21,nominal,2.0NRT,301.77,5.38,D
7.07902,81.80709,335.5,0.42,0.45,2026-09-03,0816,N21,nominal,2.0NRT,303.31,7.79,D
7.04438,81.46957,337.2,0.4,0.44,2026-09-03,0816,N21,nominal,2.0NRT,300.33,4.56,D
7.07129,81.51371,335.23,0.4,0.44,2026-09-03,0816,N21,nominal,2.0NRT,299.95,3.01,D
7.07992,81.51616,337.69,0.4,0.44,2026-09-03,0816,N21,nominal,2.0NRT,302.55,6.16,D
7.11715,81.66013,336.34,0.41,0.45,2026-09-03,0816,N21,nominal,2.0NRT,301.06,3.05,D
7.12232,81.66699,339.79,0.41,0.45,2026-09-03,0816,N21,nominal,2.0NRT,301.82,4.78,D
7.15302,81.79263,337.19,0.42,0.45,2026-09-03,0816,N21,nominal,2.0NRT,303.58,3.52,D
7.07427,81.24828,330.03,0.39,0.44,2026-09-03,0816,N21,nominal,2.0NRT,295.09,4.3,D
7.0714,81.11739,338.2,0.57,0.43,2026-09-03,0816,N21,nominal,2.0NRT,300.64,11.72,D
7.07054,81.11572,338.27,0.57,0.43,2026-09-03,0816,N21,nominal,2.0NRT,300.53,8.72,D
7.19135,81.77625,336.12,0.42,0.45,2026-09-03,0816,N21,nominal,2.0NRT,304.42,2.59,D
7.18519,81.55346,343.53,0.41,0.45,2026-09-03,0816,N21,nominal,2.0NRT,306.23,11.39,D
7.13598,80.92695,345.51,0.56,0.43,2026-09-03,0816,N21,nominal,2.0NRT,300.73,12.17,D
7.13533,80.92245,338.84,0.56,0.43,2026-09-03,0816,N21,nominal,2.0NRT,301.97,15.3,D
7.13922,80.92181,344.99,0.56,0.43,2026-09-03,0816,N21,nominal,2.0NRT,300.72,22.59,D
7.29364,81.76534,337.04,0.42,0.45,2026-09-03,0816,N21,nominal,2.0NRT,300.21,3.71,D
7.28111,81.67522,344.64,0.41,0.45,2026-09-03,0816,N21,nominal,2.0NRT,299.79,6.25,D
7.2456,81.1597,336.53,0.38,0.44,2026-09-03,0816,N21,nominal,2.0NRT,302.79,3.45,D
7.26847,81.12136,335.42,0.38,0.43,2026-09-03,0816,N21,nominal,2.0NRT,301.54,3,D
7.301,81.23346,332.7,0.39,0.44,2026-09-03,0816,N21,nominal,2.0NRT,302.61,3.8,D
7.30049,81.22999,336.47,0.39,0.44,2026-09-03,0816,N21,nominal,2.0NRT,304.37,3.8,D
7.29186,81.17072,331.1,0.39,0.44,2026-09-03,0816,N21,low,2.0NRT,303.09,3.75,D
7.38393,81.77567,335.15,0.42,0.45,2026-09-03,0816,N21,nominal,2.0NRT,300.57,4.79,D
7.38626,81.77528,346.98,0.42,0.45,2026-09-03,0816,N21,nominal,2.0NRT,301.31,5.8,D
7.30001,81.15145,341.73,0.38,0.44,2026-09-03,0816,N21,nominal,2.0NRT,303.17,10.09,D
7.29952,81.1479,341.39,0.38,0.44,2026-09-03,0816,N21,nominal,2.0NRT,305.22,9.08,D
7.30011,81.12302,351.18,0.38,0.43,2026-09-03,0816,N21,nominal,2.0NRT,303.89,5.34,D
7.39849,81.65063,336.81,0.41,0.45,2026-09-03,0816,N21,nominal,2.0NRT,298.42,3.54,D
7.34219,81.19138,337.22,0.39,0.44,2026-09-03,0816,N21,low,2.0NRT,307.6,6.82,D
7.34618,81.19084,346.82,0.39,0.44,2026-09-03,0816,N21,nominal,2.0NRT,308.29,8.8,D
7.35566,81.2002,341.69,0.39,0.44,2026-09-03,0816,N21,nominal,2.0NRT,308.43,10.86,D
7.35865,81.19258,347.12,0.39,0.44,2026-09-03,0816,N21,nominal,2.0NRT,309.04,11.3,D
7.37362,81.18336,367,0.39,0.44,2026-09-03,0816,N21,high,2.0NRT,311.08,25.05,D
7.36681,81.07967,335.93,0.57,0.43,2026-09-03,0816,N21,nominal,2.0NRT,304.8,7.25,D
7.44384,81.55708,352.87,0.41,0.45,2026-09-03,0816,N21,nominal,2.0NRT,299.61,9.25,D
7.46059,81.61513,339.89,0.41,0.45,2026-09-03,0816,N21,nominal,2.0NRT,299.49,5.81,D
7.38834,81.06092,338.64,0.57,0.43,2026-09-03,0816,N21,nominal,2.0NRT,306.48,7.7,D
7.38729,81.05939,339.39,0.57,0.43,2026-09-03,0816,N21,nominal,2.0NRT,306.74,8.78,D
7.44659,81.28069,333.29,0.39,0.44,2026-09-03,0816,N21,nominal,2.0NRT,301.37,5.42,D
7.48285,81.36305,343.72,0.4,0.44,2026-09-03,0816,N21,nominal,2.0NRT,302.57,6.87,D
7.52646,81.40805,335.13,0.4,0.44,2026-09-03,0816,N21,nominal,2.0NRT,301.02,5.95,D
7.55352,81.30081,350.83,0.4,0.44,2026-09-03,0816,N21,nominal,2.0NRT,306.91,9.55,D
7.55303,81.29726,345.16,0.4,0.44,2026-09-03,0816,N21,nominal,2.0NRT,307.34,11.53,D
7.55756,81.30028,345.11,0.4,0.44,2026-09-03,0816,N21,nominal,2.0NRT,307.61,9.55,D
7.66577,81.45068,339.69,0.41,0.45,2026-09-03,0816,N21,nominal,2.0NRT,301.16,5.64,D
7.62325,80.96835,335.3,0.57,0.43,2026-09-03,0816,N21,nominal,2.0NRT,303.34,8.76,D
7.60967,80.6478,331.72,0.54,0.42,2026-09-03,0816,N21,nominal,2.0NRT,298.27,4.39,D
7.72421,81.08974,337.96,0.39,0.44,2026-09-03,0816,N21,nominal,2.0NRT,302.54,2.74,D
7.73774,80.84113,335.96,0.56,0.43,2026-09-03,0816,N21,nominal,2.0NRT,301.06,7.68,D
7.86806,81.46723,342.3,0.41,0.45,2026-09-03,0816,N21,nominal,2.0NRT,301.61,7.53,D
8.04928,81.42581,339.38,0.41,0.45,2026-09-03,0816,N21,nominal,2.0NRT,303.43,9.67,D
7.85264,80.04858,334.57,0.51,0.41,2026-09-03,0816,N21,nominal,2.0NRT,298.6,7.95,D
7.85638,80.04802,333.4,0.51,0.41,2026-09-03,0816,N21,nominal,2.0NRT,296.85,2.72,D
8.04131,81.28174,338.65,0.4,0.44,2026-09-03,0816,N21,nominal,2.0NRT,302.89,4.32,D
8.052,81.29865,343.17,0.4,0.44,2026-09-03,0816,N21,nominal,2.0NRT,301.93,5.76,D
7.86326,79.96407,331.68,0.5,0.41,2026-09-03,0816,N21,nominal,2.0NRT,296.12,3.04,D
7.8992,80.0442,332.09,0.51,0.41,2026-09-03,0816,N21,nominal,2.0NRT,298.24,1.93,D
7.97694,80.23997,340.4,0.52,0.42,2026-09-03,0816,N21,nominal,2.0NRT,297.64,3.84,D
8.14853,81.33372,336.72,0.41,0.45,2026-09-03,0816,N21,nominal,2.0NRT,301.92,8.24,D
8.05456,80.64538,333.86,0.55,0.43,2026-09-03,0816,N21,nominal,2.0NRT,301.24,5.1,D
8.15971,81.32464,337.61,0.4,0.45,2026-09-03,0816,N21,nominal,2.0NRT,302,6.7,D
8.04166,80.36526,337.12,0.53,0.42,2026-09-03,0816,N21,nominal,2.0NRT,300.52,6.25,D
8.04111,80.36721,335.65,0.53,0.42,2026-09-03,0816,N21,nominal,2.0NRT,299.88,4.65,D
8.19903,81.06994,352.69,0.39,0.44,2026-09-03,0816,N21,nominal,2.0NRT,302.63,19.69,D
8.15193,80.6235,337.53,0.55,0.43,2026-09-03,0816,N21,nominal,2.0NRT,300.3,7.31,D
8.153,80.60322,335.11,0.55,0.43,2026-09-03,0816,N21,nominal,2.0NRT,299.69,6.47,D
8.10851,80.26566,335.08,0.52,0.42,2026-09-03,0816,N21,nominal,2.0NRT,300.44,6.21,D
8.18848,80.68414,335.38,0.56,0.43,2026-09-03,0816,N21,nominal,2.0NRT,302.06,4.73,D
8.13681,80.30009,339.45,0.53,0.42,2026-09-03,0816,N21,nominal,2.0NRT,298.84,4.52,D
8.15791,80.28943,332.48,0.53,0.42,2026-09-03,0816,N21,nominal,2.0NRT,299.72,1.95,D
8.30875,81.16994,340.74,0.4,0.44,2026-09-03,0816,N21,nominal,2.0NRT,298.68,16.03,D
8.30825,81.16636,342.98,0.4,0.44,2026-09-03,0816,N21,nominal,2.0NRT,300.89,11.38,D
8.31279,81.16936,341.01,0.4,0.44,2026-09-03,0816,N21,nominal,2.0NRT,300.22,16.03,D
8.31229,81.16579,342.1,0.4,0.44,2026-09-03,0816,N21,nominal,2.0NRT,299.89,11.38,D
8.36731,81.38072,334.99,0.41,0.45,2026-09-03,0816,N21,nominal,2.0NRT,301.62,4.62,D
8.31947,81.01282,330.72,0.39,0.44,2026-09-03,0816,N21,low,2.0NRT,301.05,3.4,D
8.34712,81.14988,345.83,0.4,0.44,2026-09-03,0816,N21,nominal,2.0NRT,300.77,7.74,D
8.33996,81.01351,331.78,0.39,0.44,2026-09-03,0816,N21,nominal,2.0NRT,298.33,2.12,D
8.34346,81.00942,333.19,0.39,0.44,2026-09-03,0816,N21,nominal,2.0NRT,301.66,6.01,D
8.3034,80.67529,336.16,0.56,0.43,2026-09-03,0816,N21,nominal,2.0NRT,297.22,7.93,D
8.3043,80.59915,345.28,0.55,0.43,2026-09-03,0816,N21,nominal,2.0NRT,300.22,5.36,D
8.30373,80.67332,338.45,0.56,0.43,2026-09-03,0816,N21,nominal,2.0NRT,300.12,3.46,D
8.30514,80.59699,349.11,0.55,0.43,2026-09-03,0816,N21,nominal,2.0NRT,301.72,9.56,D
8.24988,80.14448,330.46,0.52,0.41,2026-09-03,0816,N21,nominal,2.0NRT,300.45,3.79,D
8.25367,80.14391,331.71,0.52,0.41,2026-09-03,0816,N21,nominal,2.0NRT,299.71,3.79,D
8.26189,80.14746,337.03,0.52,0.41,2026-09-03,0816,N21,nominal,2.0NRT,299.16,9.88,D
8.29792,80.23779,338.58,0.52,0.42,2026-09-03,0816,N21,nominal,2.0NRT,300.57,8.52,D
8.30173,80.23722,335.24,0.52,0.42,2026-09-03,0816,N21,nominal,2.0NRT,300.82,6.4,D
8.44774,81.09569,341.48,0.4,0.44,2026-09-03,0816,N21,nominal,2.0NRT,300.04,4.94,D
8.39262,80.62502,336.5,0.55,0.43,2026-09-03,0816,N21,nominal,2.0NRT,301.8,5.5,D
8.46589,81.10767,337.52,0.4,0.44,2026-09-03,0816,N21,nominal,2.0NRT,300.74,4.34,D
8.34293,80.22649,335.59,0.52,0.42,2026-09-03,0816,N21,nominal,2.0NRT,300.74,8.01,D
8.44197,80.85606,336.3,0.57,0.43,2026-09-03,0816,N21,nominal,2.0NRT,301.66,9.15,D
8.42403,80.67662,340.3,0.56,0.43,2026-09-03,0816,N21,nominal,2.0NRT,301.34,7.34,D
8.44062,80.85381,338.43,0.57,0.43,2026-09-03,0816,N21,nominal,2.0NRT,301.32,8.78,D
8.42463,80.67908,338.89,0.56,0.43,2026-09-03,0816,N21,nominal,2.0NRT,300.42,5.65,D
8.42092,80.62338,346.94,0.55,0.43,2026-09-03,0816,N21,nominal,2.0NRT,297.93,10.66,D
8.42389,80.58739,335.04,0.55,0.43,2026-09-03,0816,N21,nominal,2.0NRT,300.77,4.99,D
8.46447,80.79271,330.12,0.57,0.43,2026-09-03,0816,N21,low,2.0NRT,300.34,6.43,D
8.43117,80.5259,337.4,0.55,0.42,2026-09-03,0816,N21,nominal,2.0NRT,301.8,5.36,D
8.49929,80.78248,346.58,0.57,0.43,2026-09-03,0816,N21,nominal,2.0NRT,301.74,15.09,D
8.54,80.81329,337.89,0.57,0.43,2026-09-03,0816,N21,nominal,2.0NRT,300.88,5.66,D
8.51943,80.67055,334.63,0.56,0.43,2026-09-03,0816,N21,nominal,2.0NRT,301.72,5.48,D
8.52321,80.6138,334.61,0.56,0.43,2026-09-03,0816,N21,nominal,2.0NRT,300.96,5.81,D
8.53964,80.81607,338.5,0.57,0.43,2026-09-03,0816,N21,nominal,2.0NRT,301.32,8.03,D
8.51937,80.66792,330.46,0.56,0.43,2026-09-03,0816,N21,nominal,2.0NRT,300.27,3.92,D
8.47183,80.29427,333.81,0.53,0.42,2026-09-03,0816,N21,nominal,2.0NRT,296.64,4.33,D
8.52421,80.61604,333.04,0.56,0.43,2026-09-03,0816,N21,nominal,2.0NRT,299.16,4.66,D
8.55477,80.80865,337.77,0.57,0.43,2026-09-03,0816,N21,nominal,2.0NRT,300.96,14.01,D
8.52398,80.58556,334.34,0.55,0.43,2026-09-03,0816,N21,nominal,2.0NRT,300.52,8.44,D
8.52691,80.46416,335.64,0.54,0.42,2026-09-03,0816,N21,nominal,2.0NRT,300.5,16.67,D
8.5717,80.36332,336.6,0.54,0.42,2026-09-03,0816,N21,nominal,2.0NRT,302.17,7.65,D
8.68898,81.06744,339.73,0.4,0.44,2026-09-03,0816,N21,nominal,2.0NRT,301.52,5.13,D
8.60403,80.47799,339.18,0.55,0.42,2026-09-03,0816,N21,nominal,2.0NRT,303.04,14.05,D
8.6072,80.47253,342.52,0.55,0.42,2026-09-03,0816,N21,nominal,2.0NRT,301.22,9.22,D
8.6019,80.48138,334.03,0.55,0.42,2026-09-03,0816,N21,nominal,2.0NRT,300.12,11.17,D
8.69017,81.06768,342.04,0.4,0.44,2026-09-03,0816,N21,nominal,2.0NRT,301.65,4.74,D
8.68968,81.0641,334.83,0.4,0.44,2026-09-03,0816,N21,nominal,2.0NRT,300.07,4.74,D
8.60831,80.47046,337.84,0.55,0.42,2026-09-03,0816,N21,nominal,2.0NRT,299.79,5.32,D
8.63298,80.56284,338.38,0.55,0.43,2026-09-03,0816,N21,nominal,2.0NRT,302.03,10.25,D
8.63179,80.41209,348.45,0.54,0.42,2026-09-03,0816,N21,nominal,2.0NRT,301.29,15.23,D
8.7707,80.86471,340.44,0.39,0.44,2026-09-03,0816,N21,nominal,2.0NRT,299.11,7.98,D
8.79248,80.99432,330.07,0.39,0.44,2026-09-03,0816,N21,low,2.0NRT,300.66,2.69,D
8.77469,80.86414,338.22,0.39,0.44,2026-09-03,0816,N21,nominal,2.0NRT,298.09,4.96,D
8.74555,80.33832,334.07,0.54,0.42,2026-09-03,0816,N21,nominal,2.0NRT,298.9,5.26,D
8.79916,80.5211,332.55,0.55,0.43,2026-09-03,0816,N21,nominal,2.0NRT,299.64,5.07,D
8.82861,80.53207,331.5,0.55,0.43,2026-09-03,0816,N21,nominal,2.0NRT,298.75,3.5,D
8.83035,80.51655,335.8,0.55,0.43,2026-09-03,0816,N21,nominal,2.0NRT,299.84,6.69,D
8.83073,80.51394,334.67,0.55,0.43,2026-09-03,0816,N21,nominal,2.0NRT,299.47,8.97,D
8.90981,80.42682,337.02,0.55,0.42,2026-09-03,0816,N21,nominal,2.0NRT,301.9,6.22,D
8.91155,80.35648,343.79,0.54,0.42,2026-09-03,0816,N21,nominal,2.0NRT,301.61,8.92,D
8.91308,80.35413,342.71,0.54,0.42,2026-09-03,0816,N21,nominal,2.0NRT,301.13,7.77,D
8.60675,77.96529,339.2,0.41,0.37,2026-09-03,0816,N21,nominal,2.0NRT,303.99,4.94,D
8.61016,77.96478,338.69,0.41,0.37,2026-09-03,0816,N21,nominal,2.0NRT,304.46,3.89,D
9.03737,80.6734,330.14,0.57,0.43,2026-09-03,0816,N21,nominal,2.0NRT,297.02,4.43,D
8.62075,77.77719,348.05,0.41,0.37,2026-09-03,0816,N21,nominal,2.0NRT,312.84,31.99,D
8.6202,77.77351,354.2,0.41,0.37,2026-09-03,0816,N21,nominal,2.0NRT,313.01,23.1,D
8.81242,78.05347,342.91,0.42,0.38,2026-09-03,0816,N21,nominal,2.0NRT,305.82,8.02,D
9.1417,80.27109,339.59,0.54,0.42,2026-09-03,0816,N21,nominal,2.0NRT,299.36,5.97,D
9.09089,79.79725,345.69,0.51,0.41,2026-09-03,0816,N21,nominal,2.0NRT,301.97,47.93,D
8.86602,78.08418,348.47,0.42,0.38,2026-09-03,0816,N21,nominal,2.0NRT,306.22,13.83,D
8.83873,77.68748,339.97,0.41,0.37,2026-09-03,0816,N21,nominal,2.0NRT,309.13,7.33,D
8.94545,77.81496,344.36,0.41,0.37,2026-09-03,0816,N21,nominal,2.0NRT,308.85,17.83,D
8.9933,78.1157,337.51,0.42,0.38,2026-09-03,0816,N21,nominal,2.0NRT,304.75,5.51,D
8.99674,78.11518,340.06,0.42,0.38,2026-09-03,0816,N21,nominal,2.0NRT,305.42,5.51,D
9.40516,80.46627,340.88,0.56,0.43,2026-09-03,0816,N21,nominal,2.0NRT,300.69,11.33,D
9.40306,80.45114,344.19,0.56,0.43,2026-09-03,0816,N21,nominal,2.0NRT,300.73,17.65,D
9.40838,80.46066,339.16,0.56,0.43,2026-09-03,0816,N21,nominal,2.0NRT,301.47,8.48,D
9.42013,80.45897,336.83,0.56,0.43,2026-09-03,0816,N21,nominal,2.0NRT,300.42,8.46,D
9.45867,80.50513,341.24,0.56,0.43,2026-09-03,0816,N21,nominal,2.0NRT,298.39,7.59,D
9.46056,80.46106,333.75,0.56,0.43,2026-09-03,0816,N21,nominal,2.0NRT,301.14,5.32,D
9.21627,78.64738,335.65,0.45,0.39,2026-09-03,0816,N21,nominal,2.0NRT,302.15,11.12,D
9.25096,77.98447,343.73,0.42,0.38,2026-09-03,0816,N21,nominal,2.0NRT,303.2,48.71,D
9.38139,78.7643,336.4,0.45,0.39,2026-09-03,0816,N21,nominal,2.0NRT,299.81,4.09,D
9.40985,78.81035,339.93,0.46,0.39,2026-09-03,0816,N21,nominal,2.0NRT,299.81,5.62,D
9.73456,77.55122,337.71,0.41,0.37,2026-09-03,0816,N21,nominal,2.0NRT,305.79,6.46,D
9.85865,78.18647,337.09,0.43,0.38,2026-09-03,0816,N21,nominal,2.0NRT,302.06,9.4,D
9.97086,78.1619,338.94,0.43,0.38,2026-09-03,0816,N21,nominal,2.0NRT,305.27,10.42,D
9.96184,78.0757,340.11,0.43,0.38,2026-09-03,0816,N21,nominal,2.0NRT,306.26,4.62,D
9.96128,78.07182,336.64,0.43,0.38,2026-09-03,0816,N21,nominal,2.0NRT,304.12,4.62,D
9.99129,78.08318,338.8,0.43,0.38,2026-09-03,0816,N21,nominal,2.0NRT,304.35,6.7,D
10.23588,79.19627,338.92,0.49,0.4,2026-09-03,0816,N21,nominal,2.0NRT,303.12,9.69,D
10.11183,77.66344,343.37,0.42,0.37,2026-09-03,0816,N21,nominal,2.0NRT,308.57,6.72,D
10.11128,77.65968,349.06,0.42,0.37,2026-09-03,0816,N21,nominal,2.0NRT,306.96,6.72,D
10.11921,77.66613,342.56,0.42,0.37,2026-09-03,0816,N21,nominal,2.0NRT,308.33,8.07,D
10.67869,78.942,335.66,0.48,0.4,2026-09-03,0816,N21,nominal,2.0NRT,296.53,7.36,D
10.74984,78.97149,332.9,0.48,0.4,2026-09-03,0816,N21,nominal,2.0NRT,295.07,3,D
10.84841,78.50124,347.91,0.46,0.39,2026-09-03,0816,N21,nominal,2.0NRT,299.73,10.66,D
10.78625,77.79347,343.36,0.43,0.38,2026-09-03,0816,N21,nominal,2.0NRT,305.5,9.5,D
11.00386,79.25903,335.16,0.5,0.41,2026-09-03,0816,N21,nominal,2.0NRT,300.72,2.95,D
10.82759,77.76785,337.1,0.42,0.38,2026-09-03,0816,N21,nominal,2.0NRT,300.51,2.88,D
11.18612,79.70135,330.95,0.53,0.42,2026-09-03,0816,N21,nominal,2.0NRT,299.27,5.73,D
11.50959,79.52499,333.9,0.52,0.42,2026-09-03,0816,N21,nominal,2.0NRT,290.66,5.71,D
11.39026,78.14157,341.79,0.44,0.39,2026-09-03,0816,N21,nominal,2.0NRT,296.62,3.98,D
11.45467,77.59742,332.46,0.42,0.38,2026-09-03,0816,N21,nominal,2.0NRT,294.74,2.43,D
13.24685,76.39126,339.05,0.4,0.37,2026-09-03,0818,N21,nominal,2.0NRT,287.26,5.27,D
13.943,76.36328,332.79,0.4,0.37,2026-09-03,0818,N21,nominal,2.0NRT,295.38,3.33,D
14.78736,79.80198,330.46,0.4,0.44,2026-09-03,0818,N21,nominal,2.0NRT,289.61,3.45,D
36.38123,95.11364,342.82,0.39,0.36,2026-09-03,0642,N21,nominal,2.0NRT,309.69,5.26,D
36.38061,95.10938,337.15,0.39,0.36,2026-09-03,0642,N21,low,2.0NRT,310.47,2.34,D
18.01218,54.57467,346.71,0.45,0.47,2026-09-03,1000,N21,low,2.0NRT,321.64,16.75,D
18.32259,55.1078,345.89,0.49,0.49,2026-09-03,1000,N21,low,2.0NRT,318.95,3.6,D
19.26576,56.17707,342.5,0.59,0.53,2026-09-03,1000,N21,nominal,2.0NRT,307.38,3.42,D
20.21207,55.71045,339.76,0.57,0.52,2026-09-03,1000,N21,low,2.0NRT,312.24,1.96,D
20.37294,55.93322,339.17,0.59,0.53,2026-09-03,1000,N21,low,2.0NRT,310.18,1.61,D
20.37733,55.93204,341.06,0.59,0.53,2026-09-03,1000,N21,nominal,2.0NRT,309.91,1.2,D
20.38751,55.66351,345.61,0.57,0.52,2026-09-03,1000,N21,nominal,2.0NRT,315.58,4.23,D
21.30456,57.79813,337.74,0.4,0.6,2026-09-03,1000,N21,low,2.0NRT,308.87,0.98,D
21.31101,57.74691,338.12,0.4,0.6,2026-09-03,1000,N21,low,2.0NRT,308.46,3.01,D
21.4073,55.74529,341.79,0.59,0.53,2026-09-03,1000,N21,nominal,2.0NRT,311.5,4.6,D
21.89143,56.84793,339.4,0.35,0.57,2026-09-03,1002,N21,low,2.0NRT,311.13,0.81,D
21.93439,57.07353,344.08,0.37,0.58,2026-09-03,1002,N21,nominal,2.0NRT,310.39,1.82,D
21.93968,57.07292,341.93,0.37,0.58,2026-09-03,1002,N21,nominal,2.0NRT,310.35,0.98,D
22.32979,56.49156,351.36,0.34,0.56,2026-09-03,1002,N21,nominal,2.0NRT,311.85,6.87,D
22.32947,56.48831,341.87,0.34,0.56,2026-09-03,1002,N21,nominal,2.0NRT,310.71,5.29,D
22.32781,56.47174,337.08,0.34,0.56,2026-09-03,1002,N21,low,2.0NRT,310.86,2.25,D
22.34465,56.4337,341.13,0.34,0.56,2026-09-03,1002,N21,nominal,2.0NRT,311.05,2.35,D
22.40566,56.99044,340.58,0.37,0.58,2026-09-03,1002,N21,low,2.0NRT,311.15,3.7,D
22.40508,56.98965,344.68,0.37,0.58,2026-09-03,1002,N21,nominal,2.0NRT,311.05,3.42,D
22.44163,56.70255,354.02,0.35,0.57,2026-09-03,1002,N21,nominal,2.0NRT,311.78,20.56,D
22.4413,56.69919,346.66,0.35,0.57,2026-09-03,1002,N21,nominal,2.0NRT,315.65,20.56,D
22.87833,55.93172,345.18,0.63,0.54,2026-09-03,1002,N21,nominal,2.0NRT,311.89,9.23,D
22.87772,55.9256,346.56,0.63,0.54,2026-09-03,1002,N21,nominal,2.0NRT,313.41,10.18,D
22.78256,54.72821,342.85,0.53,0.5,2026-09-03,1002,N21,low,2.0NRT,313.71,1.28,D
23.27674,54.26047,347.11,0.5,0.49,2026-09-03,1002,N21,nominal,2.0NRT,313.66,1.97,D
24.5072,56.60783,342.57,0.37,0.58,2026-09-03,1002,N21,nominal,2.0NRT,304.86,5.74,D
24.99197,55.6284,345.92,0.32,0.55,2026-09-03,1002,N21,nominal,2.0NRT,311.55,9.81,D
27.1664,56.0984,333.11,0.36,0.58,2026-09-03,1002,N21,nominal,2.0NRT,301.73,2.76,D
29.99368,55.85129,367,0.38,0.59,2026-09-03,1004,N21,high,2.0NRT,310.93,7.34,D
29.994,55.85554,337.09,0.38,0.59,2026-09-03,1004,N21,nominal,2.0NRT,310.65,7.34,D
30.08102,55.39756,355.51,0.35,0.57,2026-09-03,1004,N21,nominal,2.0NRT,319.36,10.06,D
36.32011,54.18654,332.98,0.35,0.57,2026-09-03,1004,N21,nominal,2.0NRT,302.49,2.8,D
24.11562,86.86095,304.07,0.49,0.65,2026-09-03,1906,N21,nominal,2.0NRT,278.56,1.61,N
23.80305,86.3282,312.09,0.53,0.67,2026-09-03,1906,N21,nominal,2.0NRT,283.8,3.29,N
23.79538,86.34803,304.5,0.53,0.67,2026-09-03,1906,N21,nominal,2.0NRT,283.41,2.37,N
23.795,86.35329,302.7,0.52,0.67,2026-09-03,1906,N21,nominal,2.0NRT,283.1,1.73,N
23.80364,86.32647,301.69,0.53,0.67,2026-09-03,1906,N21,nominal,2.0NRT,283.39,1.82,N
23.80322,86.3317,311.37,0.53,0.67,2026-09-03,1906,N21,nominal,2.0NRT,283.56,1.82,N
23.79543,86.35154,312.86,0.52,0.67,2026-09-03,1906,N21,nominal,2.0NRT,283.09,2.98,N
23.78024,86.38665,305.68,0.52,0.67,2026-09-03,1906,N21,nominal,2.0NRT,283.81,2.3,N
23.77984,86.39172,314.52,0.52,0.67,2026-09-03,1906,N21,nominal,2.0NRT,283.68,2.3,N
23.77573,86.3653,316.44,0.52,0.67,2026-09-03,1906,N21,nominal,2.0NRT,283.69,3.08,N
23.7741,86.38596,304.86,0.52,0.67,2026-09-03,1906,N21,nominal,2.0NRT,283.64,2.68,N
23.76677,86.40059,304.12,0.52,0.67,2026-09-03,1906,N21,nominal,2.0NRT,282.21,3.92,N
23.76635,86.40579,319.98,0.52,0.67,2026-09-03,1906,N21,nominal,2.0NRT,282.72,4.16,N
23.77547,86.20876,305.42,0.54,0.68,2026-09-03,1906,N21,nominal,2.0NRT,284.93,2.54,N
23.76062,86.39999,309.65,0.52,0.67,2026-09-03,1906,N21,nominal,2.0NRT,282.62,4.13,N
23.76022,86.40524,301.39,0.52,0.67,2026-09-03,1906,N21,nominal,2.0NRT,282.12,2.26,N
23.69064,87.12126,317.22,0.47,0.64,2026-09-03,1906,N21,nominal,2.0NRT,283.34,4.43,N
23.77282,85.99427,298.26,0.55,0.68,2026-09-03,1906,N21,nominal,2.0NRT,281.58,1.41,N
23.73945,86.43385,311.62,0.52,0.67,2026-09-03,1906,N21,nominal,2.0NRT,283.86,2.52,N
23.73333,86.43322,306.07,0.52,0.67,2026-09-03,1906,N21,nominal,2.0NRT,283.6,2.85,N
23.78556,85.55293,302.25,0.59,0.7,2026-09-03,1906,N21,nominal,2.0NRT,283.21,1.09,N
23.66418,87.1554,311.03,0.46,0.64,2026-09-03,1906,N21,nominal,2.0NRT,283.84,2.19,N
23.71572,86.42124,309.72,0.52,0.67,2026-09-03,1906,N21,nominal,2.0NRT,283.4,3.45,N
23.7134,86.4518,307.77,0.52,0.67,2026-09-03,1906,N21,nominal,2.0NRT,283.45,1.76,N
23.68696,86.39274,304.28,0.52,0.67,2026-09-03,1906,N21,nominal,2.0NRT,283.9,2.9,N
23.68044,86.39726,305.35,0.52,0.67,2026-09-03,1906,N21,nominal,2.0NRT,283.69,2.2,N
23.71524,86.422,309.37,0.52,0.67,2026-09-03,1906,N21,nominal,2.0NRT,283.62,3.55,N
23.71272,86.45254,306.22,0.52,0.66,2026-09-03,1906,N21,nominal,2.0NRT,283.52,1.88,N
23.68665,86.39375,303.02,0.52,0.67,2026-09-03,1906,N21,nominal,2.0NRT,283.65,1.76,N
23.68011,86.3982,305.86,0.52,0.67,2026-09-03,1906,N21,nominal,2.0NRT,283.25,1.98,N
23.67398,86.39745,304.41,0.52,0.67,2026-09-03,1906,N21,nominal,2.0NRT,283.26,1.98,N
23.6325,86.83428,304.83,0.49,0.65,2026-09-03,1906,N21,nominal,2.0NRT,283.22,1.12,N
23.612,86.78971,308.97,0.49,0.65,2026-09-03,1906,N21,nominal,2.0NRT,282.8,1.86,N
23.73829,85.00842,296.96,0.64,0.72,2026-09-03,1906,N21,nominal,2.0NRT,279.77,2.02,N
23.55742,87.24039,312.47,0.46,0.63,2026-09-03,1906,N21,nominal,2.0NRT,275.87,3.03,N
23.58093,86.72375,297.7,0.49,0.65,2026-09-03,1906,N21,nominal,2.0NRT,275.66,1.53,N
23.64955,85.43758,318.4,0.6,0.71,2026-09-03,1908,N21,nominal,2.0NRT,279.93,4.68,N
23.65697,85.508,301.57,0.59,0.7,2026-09-03,1908,N21,nominal,2.0NRT,281.04,1.18,N
23.64927,85.43691,316.21,0.6,0.7,2026-09-03,1908,N21,nominal,2.0NRT,279.81,5.08,N
23.66802,84.99591,300.08,0.64,0.72,2026-09-03,1908,N21,nominal,2.0NRT,279.53,3.24,N
20.09703,94.79616,303.98,0.44,0.38,2026-09-03,1908,N21,nominal,2.0NRT,282.9,1.5,N
20.97102,86.02231,301.24,0.51,0.66,2026-09-03,1908,N21,nominal,2.0NRT,285.24,2.33,N
20.9703,86.02133,307.25,0.51,0.66,2026-09-03,1908,N21,nominal,2.0NRT,285.23,3.2,N
14.64676,101.03891,305.52,0.55,0.43,2026-09-03,1908,N21,nominal,2.0NRT,276.91,1.85,N
14.6318,101.07745,305.2,0.56,0.43,2026-09-03,1908,N21,nominal,2.0NRT,273.2,1.2,N
14.63152,101.0762,303.39,0.56,0.43,2026-09-03,1908,N21,nominal,2.0NRT,272.61,1.33,N
14.28827,100.66624,301.34,0.53,0.42,2026-09-03,1908,N21,nominal,2.0NRT,268.51,1.15,N
13.91107,99.96429,323.76,0.5,0.41,2026-09-03,1910,N21,nominal,2.0NRT,283.09,2.73,N
13.91029,99.96882,304.93,0.5,0.41,2026-09-03,1910,N21,nominal,2.0NRT,282.47,2.03,N
12.92193,99.76309,305.46,0.5,0.41,2026-09-03,1910,N21,nominal,2.0NRT,289.65,0.9,N
7.38443,80.83474,300.26,0.79,0.78,2026-09-03,1913,N21,nominal,2.0NRT,286.8,2.04,N
6.81508,81.6179,309.08,0.68,0.74,2026-09-03,1913,N21,nominal,2.0NRT,287.19,2.2,N
6.81261,81.61962,306.94,0.68,0.74,2026-09-03,1913,N21,nominal,2.0NRT,287.24,3.31,N
39.86143,98.25377,315.46,0.5,0.41,2026-09-03,1902,N21,nominal,2.0NRT,290.61,2.46,N
39.84393,98.27412,307.09,0.5,0.41,2026-09-03,1902,N21,nominal,2.0NRT,287.11,1.03,N
39.84021,98.27344,301.65,0.5,0.41,2026-09-03,1902,N21,nominal,2.0NRT,286.37,0.71,N
39.82116,98.24064,301.9,0.5,0.41,2026-09-03,1902,N21,nominal,2.0NRT,288.14,1.11,N
39.81163,98.29162,312.04,0.5,0.41,2026-09-03,1902,N21,nominal,2.0NRT,291.77,2.82,N
39.78809,98.29894,309.42,0.49,0.41,2026-09-03,1902,N21,nominal,2.0NRT,287.65,1.78,N
39.79129,97.88748,301.08,0.51,0.41,2026-09-03,1902,N21,nominal,2.0NRT,288.66,1.92,N
39.79063,97.89341,297.39,0.51,0.41,2026-09-03,1902,N21,nominal,2.0NRT,287.29,0.8,N
38.84146,100.17027,299.57,0.42,0.37,2026-09-03,1902,N21,nominal,2.0NRT,286.45,1.27,N
38.73342,100.78689,295.29,0.4,0.37,2026-09-03,1902,N21,nominal,2.0NRT,284.58,0.53,N
36.26851,100.57694,296.63,0.39,0.37,2026-09-03,1902,N21,nominal,2.0NRT,282.27,0.69,N
30.06881,96.98002,305.55,0.45,0.39,2026-09-03,1904,N21,nominal,2.0NRT,286.23,1.7,N
39.85462,66.20005,307.58,0.36,0.57,2026-09-03,2044,N21,nominal,2.0NRT,287.58,1.56,N
39.8973,63.06055,300.69,0.54,0.68,2026-09-03,2044,N21,nominal,2.0NRT,284.64,0.72,N
39.89927,63.05994,299.24,0.54,0.68,2026-09-03,2044,N21,nominal,2.0NRT,284.57,0.94,N
39.80606,63.04327,320.73,0.54,0.68,2026-09-03,2044,N21,nominal,2.0NRT,284.83,2.73,N
39.80787,63.04382,319.99,0.54,0.68,2026-09-03,2044,N21,nominal,2.0NRT,285.05,2.18,N
39.1538,63.31854,295.27,0.51,0.66,2026-09-03,2044,N21,nominal,2.0NRT,284.51,0.8,N
39.15369,63.31851,295.3,0.51,0.66,2026-09-03,2044,N21,nominal,2.0NRT,284.23,0.46,N
39.11631,63.33452,302.96,0.51,0.66,2026-09-03,2044,N21,nominal,2.0NRT,284.29,1.12,N
37.79758,62.55142,298.67,0.55,0.68,2026-09-03,2044,N21,nominal,2.0NRT,284.9,1.4,N
37.78535,62.53818,298.91,0.55,0.68,2026-09-03,2044,N21,nominal,2.0NRT,284.43,1.3,N
37.72764,62.09212,300.44,0.59,0.7,2026-09-03,2044,N21,nominal,2.0NRT,283.84,1.68,N
37.7269,62.09257,301.85,0.59,0.7,2026-09-03,2044,N21,nominal,2.0NRT,283.87,1.08,N
37.67107,62.23645,296.72,0.58,0.69,2026-09-03,2044,N21,nominal,2.0NRT,282.87,0.67,N
37.65806,62.24248,296.42,0.58,0.69,2026-09-03,2044,N21,nominal,2.0NRT,282.89,0.96,N
37.65406,61.90658,296.08,0.6,0.71,2026-09-03,2044,N21,nominal,2.0NRT,284.16,0.92,N
37.62148,62.13642,298.03,0.58,0.7,2026-09-03,2044,N21,nominal,2.0NRT,284.85,1.88,N
37.61028,61.60609,302.35,0.62,0.72,2026-09-03,2044,N21,nominal,2.0NRT,285.59,1.65,N
37.49977,61.84326,303.56,0.6,0.71,2026-09-03,2044,N21,nominal,2.0NRT,286.04,2.78,N
37.12062,62.36198,301.09,0.56,0.69,2026-09-03,2044,N21,nominal,2.0NRT,281.14,1.67,N
37.11426,62.36171,296.24,0.56,0.69,2026-09-03,2044,N21,nominal,2.0NRT,283.36,1.67,N
37.11828,62.35658,297.98,0.56,0.69,2026-09-03,2044,N21,nominal,2.0NRT,282.29,1.95,N
37.11805,62.363,297.81,0.56,0.69,2026-09-03,2044,N21,nominal,2.0NRT,281.96,1.95,N
37.11169,62.36274,297.54,0.56,0.69,2026-09-03,2044,N21,nominal,2.0NRT,285.02,1.95,N
37.03385,62.41021,303.36,0.56,0.69,2026-09-03,2044,N21,nominal,2.0NRT,284.28,3.63,N
37.03365,62.41652,318.69,0.56,0.69,2026-09-03,2044,N21,nominal,2.0NRT,286.05,5.75,N
36.58598,60.71784,301.08,0.69,0.74,2026-09-03,2044,N21,nominal,2.0NRT,283.64,1.15,N
36.57134,60.76023,332.41,0.69,0.74,2026-09-03,2044,N21,nominal,2.0NRT,286.65,5.95,N
36.56511,60.7305,304.47,0.69,0.74,2026-09-03,2044,N21,nominal,2.0NRT,285.54,2.74,N
36.55764,60.75965,312.5,0.69,0.74,2026-09-03,2044,N21,nominal,2.0NRT,285.83,2.75,N
36.55659,60.76094,295.32,0.69,0.74,2026-09-03,2044,N21,nominal,2.0NRT,285.27,1.3,N
36.47852,61.62219,297.58,0.61,0.71,2026-09-03,2044,N21,nominal,2.0NRT,285.64,2.17,N
36.46561,60.84444,309.45,0.68,0.74,2026-09-03,2044,N21,nominal,2.0NRT,287.36,4.39,N
33.68841,72.71086,309.78,0.44,0.38,2026-09-03,2046,N21,nominal,2.0NRT,293.31,3.11,N
33.29784,71.18603,306.2,0.5,0.41,2026-09-03,2046,N21,nominal,2.0NRT,291.91,1.22,N
32.88831,71.6187,309.34,0.47,0.4,2026-09-03,2046,N21,nominal,2.0NRT,295.6,3.26,N
32.57489,72.56052,309.8,0.43,0.38,2026-09-03,2046,N21,nominal,2.0NRT,296.17,3.2,N
32.1031,74.17751,309.36,0.39,0.36,2026-09-03,2046,N21,nominal,2.0NRT,295.85,2.92,N
31.67875,73.96751,309,0.39,0.36,2026-09-03,2046,N21,nominal,2.0NRT,296.31,0.86,N
31.61502,74.37548,308.84,0.39,0.36,2026-09-03,2046,N21,nominal,2.0NRT,295.69,0.8,N
29.47605,76.85793,329.76,0.41,0.37,2026-09-03,2046,N21,nominal,2.0NRT,293.88,4.09,N
28.42566,69.70036,316.08,0.52,0.42,2026-09-03,2046,N21,nominal,2.0NRT,297.16,1.9,N
27.28808,73.84085,313.3,0.38,0.36,2026-09-03,2046,N21,nominal,2.0NRT,296.34,0.68,N
26.87844,73.5161,307.83,0.39,0.36,2026-09-03,2046,N21,nominal,2.0NRT,295.38,2.37,N
26.87514,73.51547,309.26,0.39,0.36,2026-09-03,2046,N21,nominal,2.0NRT,295.3,2.07,N
26.60381,73.68258,305.3,0.38,0.36,2026-09-03,2046,N21,nominal,2.0NRT,289.46,0.86,N
23.69308,87.10843,301.74,0.66,0.73,2026-09-03,2049,N21,nominal,2.0NRT,280.99,6.47,N
23.68988,87.121,303.36,0.66,0.73,2026-09-03,2049,N21,nominal,2.0NRT,280.95,6.27,N
23.80544,86.33025,301.68,0.58,0.7,2026-09-03,2049,N21,nominal,2.0NRT,268.95,2.41,N
23.79371,86.35073,297.17,0.59,0.7,2026-09-03,2049,N21,nominal,2.0NRT,265.22,1.06,N
23.76123,86.40075,303.17,0.59,0.7,2026-09-03,2049,N21,nominal,2.0NRT,271.55,2.55,N
23.70964,86.44592,302.83,0.6,0.7,2026-09-03,2049,N21,nominal,2.0NRT,276.64,2.9,N
23.61539,86.79142,302.16,0.63,0.72,2026-09-03,2049,N21,nominal,2.0NRT,282.7,1.86,N
23.61643,86.78899,302.57,0.63,0.72,2026-09-03,2049,N21,nominal,2.0NRT,282.4,1.6,N
23.78815,85.55396,298.36,0.52,0.67,2026-09-03,2049,N21,nominal,2.0NRT,276.08,1.97,N
23.741,85.00602,300.73,0.49,0.65,2026-09-03,2049,N21,nominal,2.0NRT,284.48,1.68,N
23.74199,85.00803,304.62,0.49,0.65,2026-09-03,2049,N21,nominal,2.0NRT,284.62,1.42,N
25.94356,72.19094,331.2,0.4,0.37,2026-09-03,2049,N21,nominal,2.0NRT,296.13,3.76,N
24.69003,73.00208,312.72,0.38,0.36,2026-09-03,2049,N21,nominal,2.0NRT,293.86,1.68,N
23.30852,71.92302,302.05,0.39,0.36,2026-09-03,2046,N21,nominal,2.0NRT,283.2,0.58,N
23.31438,70.48576,309.94,0.43,0.38,2026-09-03,2046,N21,nominal,2.0NRT,294.84,1.63,N
23.30512,70.47572,306.69,0.43,0.38,2026-09-03,2046,N21,nominal,2.0NRT,294.57,1.37,N
22.96819,72.55517,307.07,0.39,0.36,2026-09-03,2046,N21,nominal,2.0NRT,293.79,0.4,N
23.1201,70.08562,326.09,0.44,0.38,2026-09-03,2046,N21,nominal,2.0NRT,294.36,4.11,N
23.11955,70.08704,324.6,0.44,0.38,2026-09-03,2046,N21,nominal,2.0NRT,294.09,3.51,N
22.92464,69.82479,305.3,0.45,0.39,2026-09-03,2046,N21,nominal,2.0NRT,294.49,2.91,N
22.93496,69.69643,307.76,0.46,0.39,2026-09-03,2046,N21,nominal,2.0NRT,293.57,2.03,N
22.93436,69.70084,309.93,0.46,0.39,2026-09-03,2046,N21,nominal,2.0NRT,293.97,2.03,N
22.93139,69.69586,308.31,0.46,0.39,2026-09-03,2046,N21,nominal,2.0NRT,293.95,3.15,N
22.33877,69.8551,308.15,0.44,0.39,2026-09-03,2046,N21,nominal,2.0NRT,295.5,4.3,N
22.41513,69.03777,309.75,0.48,0.4,2026-09-03,2046,N21,nominal,2.0NRT,293.26,3.19,N
22.39963,69.01791,305.54,0.48,0.4,2026-09-03,2046,N21,nominal,2.0NRT,293.77,3.18,N
21.62968,72.911,299.73,0.38,0.36,2026-09-03,2046,N21,nominal,2.0NRT,278.8,0.25,N
21.16664,72.67046,322.83,0.38,0.36,2026-09-03,2046,N21,nominal,2.0NRT,294.07,3.7,N
21.11061,72.63454,307.53,0.38,0.36,2026-09-03,2046,N21,nominal,2.0NRT,294.41,2.17,N
21.10831,72.64921,307.64,0.38,0.36,2026-09-03,2046,N21,nominal,2.0NRT,294.94,2.7,N
21.10559,72.64497,336.85,0.38,0.36,2026-09-03,2046,N21,nominal,2.0NRT,296.19,5.98,N
21.10674,72.63763,308.49,0.38,0.36,2026-09-03,2046,N21,nominal,2.0NRT,294.77,2.86,N
21.10502,72.64862,318.53,0.38,0.36,2026-09-03,2046,N21,nominal,2.0NRT,294.39,5.98,N
21.10345,72.63704,333.77,0.38,0.36,2026-09-03,2046,N21,nominal,2.0NRT,294.36,2.86,N
21.10016,72.63646,332.79,0.38,0.36,2026-09-03,2046,N21,nominal,2.0NRT,294.58,6.12,N
20.91031,71.45869,316.39,0.39,0.36,2026-09-03,2046,N21,nominal,2.0NRT,294.64,1.67,N
20.86645,70.5637,309.83,0.41,0.37,2026-09-03,2046,N21,nominal,2.0NRT,293.44,1.05,N
17.69013,83.24277,307.09,0.5,0.66,2026-09-03,2049,N21,nominal,2.0NRT,286.83,1.13,N
17.69266,83.2471,313.2,0.5,0.66,2026-09-03,2049,N21,nominal,2.0NRT,286.96,3.47,N
17.60904,83.20199,309.25,0.5,0.66,2026-09-03,2049,N21,nominal,2.0NRT,287.21,3.25,N
17.60314,83.20052,309.35,0.5,0.66,2026-09-03,2049,N21,nominal,2.0NRT,287.32,1.59,N
17.61118,83.20664,307.79,0.5,0.66,2026-09-03,2049,N21,nominal,2.0NRT,287.11,1.76,N
17.60034,83.19914,304.38,0.5,0.66,2026-09-03,2049,N21,nominal,2.0NRT,287.1,2.14,N
19.67412,71.67126,305.61,0.39,0.36,2026-09-03,2049,N21,nominal,2.0NRT,287.49,1.64,N
19.57132,71.36473,309.3,0.39,0.36,2026-09-03,2049,N21,nominal,2.0NRT,294.19,3.08,N
19.36892,71.35392,315.14,0.39,0.36,2026-09-03,2049,N21,nominal,2.0NRT,293.76,3.1,N
18.69219,73.03861,308.87,0.39,0.36,2026-09-03,2049,N21,nominal,2.0NRT,291.31,2.04,N
18.68674,73.03004,319.05,0.39,0.36,2026-09-03,2049,N21,nominal,2.0NRT,291.93,1.67,N
18.68221,73.03683,331.89,0.39,0.36,2026-09-03,2049,N21,nominal,2.0NRT,291.55,5.42,N
18.68341,73.02945,308.6,0.39,0.36,2026-09-03,2049,N21,nominal,2.0NRT,290.98,1.67,N
18.67889,73.03624,314.72,0.39,0.36,2026-09-03,2049,N21,nominal,2.0NRT,290.86,2.73,N
15.02284,78.01471,303.58,0.51,0.49,2026-09-03,2049,N21,nominal,2.0NRT,285.32,1.34,N
15.17699,77.10145,303.07,0.44,0.46,2026-09-03,2049,N21,nominal,2.0NRT,283.13,1.21,N
15.18609,76.65908,306.28,0.42,0.45,2026-09-03,2049,N21,nominal,2.0NRT,290.85,1.64,N
15.18064,76.66591,324.76,0.42,0.45,2026-09-03,2049,N21,nominal,2.0NRT,290.71,2.2,N
15.17996,76.66974,305.7,0.42,0.45,2026-09-03,2049,N21,nominal,2.0NRT,290.04,2.2,N
15.1786,76.6774,304.63,0.42,0.45,2026-09-03,2049,N21,nominal,2.0NRT,290.54,2.62,N
15.17791,76.65741,326.69,0.42,0.45,2026-09-03,2049,N21,nominal,2.0NRT,290.55,1.81,N
15.17859,76.65359,305.26,0.42,0.45,2026-09-03,2049,N21,nominal,2.0NRT,289.91,1.04,N
15.17451,76.67654,305.63,0.42,0.45,2026-09-03,2049,N21,nominal,2.0NRT,289.91,1.13,N
15.17179,76.69175,307.81,0.42,0.45,2026-09-03,2049,N21,nominal,2.0NRT,289.5,1.18,N
15.1745,76.65276,305.33,0.42,0.45,2026-09-03,2049,N21,nominal,2.0NRT,289.85,1.04,N
15.17382,76.65658,306.57,0.42,0.45,2026-09-03,2049,N21,nominal,2.0NRT,290.34,1.81,N
15.17314,76.6604,303.5,0.42,0.45,2026-09-03,2049,N21,nominal,2.0NRT,289.81,1.81,N
14.87435,78.05117,321.22,0.52,0.5,2026-09-03,2049,N21,nominal,2.0NRT,288.81,2.81,N
15.1614,76.37529,298.67,0.4,0.44,2026-09-03,2049,N21,nominal,2.0NRT,282.96,0.52,N
15.07199,76.86526,301.83,0.43,0.46,2026-09-03,2049,N21,nominal,2.0NRT,281.27,1.11,N
13.89939,76.5644,304.03,0.43,0.46,2026-09-03,2049,N21,nominal,2.0NRT,287.4,1.15,N
11.18059,79.10029,313.59,0.35,0.57,2026-09-03,2051,N21,nominal,2.0NRT,290.21,1.28,N
11.10315,77.76294,306.76,0.58,0.52,2026-09-03,2051,N21,nominal,2.0NRT,289.5,0.94,N
9.73405,77.55091,312.29,0.59,0.53,2026-09-03,2051,N21,nominal,2.0NRT,291.43,2.6,N
9.5471,77.52013,308.51,0.59,0.53,2026-09-03,2051,N21,nominal,2.0NRT,288.67,2.79,N
8.11158,80.80983,314.66,0.53,0.67,2026-09-03,2051,N21,nominal,2.0NRT,289.77,2.37,N
8.11056,80.81093,315.49,0.53,0.67,2026-09-03,2051,N21,nominal,2.0NRT,289.75,1.78,N
7.89997,80.61448,306.98,0.51,0.66,2026-09-03,2051,N21,nominal,2.0NRT,289.11,0.72,N
7.81611,80.62204,307.15,0.52,0.67,2026-09-03,2051,N21,nominal,2.0NRT,289.3,1.22,N
39.49943,64.69788,305.75,0.39,0.59,2026-09-03,2225,N21,nominal,2.0NRT,285.17,0.88,N
39.8084,63.04399,317.69,0.62,0.54,2026-09-03,2225,N21,nominal,2.0NRT,284.6,2.94,N
39.18192,65.31388,298.91,0.42,0.61,2026-09-03,2225,N21,nominal,2.0NRT,286.13,0.84,N
39.43158,62.99163,295.45,0.63,0.54,2026-09-03,2225,N21,nominal,2.0NRT,282.51,0.62,N
39.25093,63.21299,299.93,0.33,0.55,2026-09-03,2225,N21,nominal,2.0NRT,285.15,1.02,N
39.306,62.9759,295.87,0.32,0.54,2026-09-03,2225,N21,nominal,2.0NRT,285.56,0.54,N
39.27911,63.08259,295.76,0.32,0.55,2026-09-03,2225,N21,nominal,2.0NRT,284.66,0.58,N
39.24712,63.20887,298.78,0.33,0.55,2026-09-03,2225,N21,nominal,2.0NRT,285.16,0.37,N
39.17859,63.35036,301.51,0.34,0.56,2026-09-03,2225,N21,nominal,2.0NRT,284.78,0.65,N
39.17137,63.27335,298.63,0.33,0.55,2026-09-03,2225,N21,nominal,2.0NRT,285.19,0.37,N
39.15413,63.31908,301.53,0.34,0.56,2026-09-03,2225,N21,nominal,2.0NRT,285.2,0.63,N
39.12809,63.41943,301.38,0.34,0.56,2026-09-03,2225,N21,nominal,2.0NRT,283.86,1.01,N
38.93922,64.13548,299.84,0.37,0.58,2026-09-03,2225,N21,nominal,2.0NRT,284.88,0.57,N
39.16545,63.25446,296.74,0.33,0.55,2026-09-03,2225,N21,nominal,2.0NRT,284.93,0.89,N
39.16356,63.26179,296.24,0.33,0.55,2026-09-03,2225,N21,nominal,2.0NRT,284.98,1.01,N
39.12491,63.30637,300.75,0.34,0.56,2026-09-03,2225,N21,nominal,2.0NRT,284.76,0.58,N
39.1172,63.33594,309.74,0.34,0.56,2026-09-03,2225,N21,nominal,2.0NRT,285.04,1.28,N
39.11377,63.33324,303.06,0.34,0.56,2026-09-03,2225,N21,nominal,2.0NRT,284.38,0.92,N
39.05787,63.55167,297.33,0.35,0.56,2026-09-03,2225,N21,nominal,2.0NRT,284.8,0.56,N
38.97509,63.46863,300.86,0.34,0.56,2026-09-03,2225,N21,nominal,2.0NRT,285.31,0.46,N
38.87076,63.79817,295.18,0.36,0.57,2026-09-03,2225,N21,nominal,2.0NRT,284.13,0.41,N
39.97248,58.9374,326.52,0.39,0.44,2026-09-03,2225,N21,nominal,2.0NRT,285.98,1.97,N
38.20537,64.7393,297.25,0.42,0.61,2026-09-03,2225,N21,nominal,2.0NRT,285.61,0.92,N
38.12875,64.67325,302.31,0.42,0.61,2026-09-03,2225,N21,nominal,2.0NRT,285.59,0.91,N
38.43264,63.36231,304.04,0.35,0.57,2026-09-03,2225,N21,nominal,2.0NRT,284.95,0.05,N
37.96671,65.00682,297.52,0.44,0.62,2026-09-03,2225,N21,nominal,2.0NRT,283.86,0.66,N
37.82143,65.17032,296.41,0.45,0.63,2026-09-03,2225,N21,nominal,2.0NRT,285.82,0.58,N
37.79956,62.55198,295.81,0.33,0.55,2026-09-03,2225,N21,nominal,2.0NRT,284.9,0.72,N
37.79469,62.55001,307.97,0.33,0.55,2026-09-03,2225,N21,nominal,2.0NRT,286.23,0.72,N
37.7868,62.53878,304.34,0.33,0.55,2026-09-03,2225,N21,nominal,2.0NRT,285.67,0.8,N
39.50975,54.32764,315.03,0.4,0.37,2026-09-03,2225,N21,nominal,2.0NRT,294.09,1.29,N
37.72432,62.09179,296.65,0.63,0.54,2026-09-03,2227,N21,nominal,2.0NRT,284.73,1.38,N
37.72711,62.0944,300.11,0.63,0.54,2026-09-03,2227,N21,nominal,2.0NRT,284.82,1.83,N
37.67072,62.23677,307.23,0.32,0.55,2026-09-03,2227,N21,nominal,2.0NRT,285.38,0.91,N
37.65937,62.23982,302.52,0.32,0.55,2026-09-03,2227,N21,nominal,2.0NRT,285.75,0.73,N
37.63667,62.20373,303.96,0.32,0.55,2026-09-03,2227,N21,nominal,2.0NRT,284.78,0.57,N
37.62838,62.21564,297.12,0.32,0.55,2026-09-03,2227,N21,nominal,2.0NRT,286.12,0.52,N
37.62446,62.21021,296.4,0.32,0.55,2026-09-03,2227,N21,nominal,2.0NRT,285.78,0.52,N
37.6245,62.16814,304.4,0.32,0.54,2026-09-03,2227,N21,nominal,2.0NRT,287.37,0.51,N
37.62103,62.14013,318.86,0.32,0.54,2026-09-03,2227,N21,nominal,2.0NRT,288.2,3.38,N
37.62026,62.13765,305.28,0.32,0.54,2026-09-03,2227,N21,nominal,2.0NRT,287.26,3.4,N
37.61941,62.14111,307.51,0.32,0.54,2026-09-03,2227,N21,nominal,2.0NRT,286.77,1.76,N
37.61504,61.57542,298.63,0.59,0.53,2026-09-03,2227,N21,nominal,2.0NRT,286.04,1.1,N
37.60717,61.60778,306.53,0.6,0.53,2026-09-03,2227,N21,nominal,2.0NRT,287.43,1.59,N
37.42281,62.31145,296.42,0.33,0.55,2026-09-03,2227,N21,nominal,2.0NRT,284.63,0.54,N
37.59033,61.53033,296.75,0.59,0.53,2026-09-03,2227,N21,nominal,2.0NRT,285.78,1.18,N
37.49693,61.84609,312.23,0.62,0.54,2026-09-03,2227,N21,nominal,2.0NRT,288.37,3.94,N
38.14786,58.39327,299.54,0.4,0.44,2026-09-03,2227,N21,nominal,2.0NRT,288.14,0.91,N
38.21902,57.9895,305.92,0.57,0.43,2026-09-03,2227,N21,nominal,2.0NRT,287.93,1.59,N
38.1958,58.10074,304.42,0.38,0.43,2026-09-03,2227,N21,nominal,2.0NRT,287.96,0.88,N
38.1942,58.04882,299.61,0.57,0.43,2026-09-03,2227,N21,nominal,2.0NRT,285.91,0.96,N
38.26303,57.65852,302.83,0.55,0.43,2026-09-03,2227,N21,nominal,2.0NRT,291.68,2.32,N
37.51146,61.01523,296.25,0.56,0.51,2026-09-03,2227,N21,nominal,2.0NRT,285.99,0.74,N
37.50402,61.02563,297.86,0.56,0.51,2026-09-03,2227,N21,nominal,2.0NRT,286.13,0.95,N
38.2492,57.66644,302.67,0.55,0.43,2026-09-03,2227,N21,nominal,2.0NRT,289.55,1.69,N
37.11544,62.36405,336.44,0.34,0.56,2026-09-03,2227,N21,nominal,2.0NRT,287.66,4.18,N
37.11637,62.36043,296.73,0.34,0.56,2026-09-03,2227,N21,nominal,2.0NRT,286.22,4.18,N
38.85285,54.23059,311.13,0.41,0.37,2026-09-03,2227,N21,nominal,2.0NRT,290.86,1.22,N
37.11663,62.36478,335.5,0.34,0.56,2026-09-03,2227,N21,nominal,2.0NRT,287.06,4.38,N
37.11754,62.36115,303.24,0.34,0.56,2026-09-03,2227,N21,nominal,2.0NRT,286.55,4.38,N
37.94766,58.58643,298.04,0.41,0.45,2026-09-03,2227,N21,nominal,2.0NRT,286.78,0.58,N
37.03264,62.4188,341.82,0.34,0.56,2026-09-03,2227,N21,nominal,2.0NRT,288.71,3.09,N
37.93961,58.56411,311.55,0.41,0.45,2026-09-03,2227,N21,nominal,2.0NRT,288.79,1.44,N
37.03357,62.41513,301.55,0.34,0.56,2026-09-03,2227,N21,nominal,2.0NRT,286.55,3.09,N
37.03171,62.42248,302.43,0.34,0.56,2026-09-03,2227,N21,nominal,2.0NRT,287.19,2.5,N
37.48769,60.45997,299.71,0.52,0.5,2026-09-03,2227,N21,nominal,2.0NRT,284.77,0.94,N
37.32527,61.0961,298,0.57,0.52,2026-09-03,2227,N21,nominal,2.0NRT,285.06,1.42,N
38.68103,54.31694,331.01,0.41,0.37,2026-09-03,2227,N21,nominal,2.0NRT,293.02,3.59,N
38.64822,54.28321,331.93,0.41,0.37,2026-09-03,2227,N21,nominal,2.0NRT,294.26,3.56,N
37.82866,58.38612,304.88,0.4,0.44,2026-09-03,2227,N21,nominal,2.0NRT,286.62,1.23,N
37.45218,57.68651,300.18,0.57,0.43,2026-09-03,2227,N21,nominal,2.0NRT,288.09,1.42,N
36.47501,61.62544,302.26,0.32,0.54,2026-09-03,2227,N21,nominal,2.0NRT,285.82,1.35,N
36.5728,60.75991,323.18,0.57,0.52,2026-09-03,2227,N21,nominal,2.0NRT,287.74,4,N
36.58335,60.71547,300.55,0.57,0.52,2026-09-03,2227,N21,nominal,2.0NRT,285.32,0.49,N
36.56349,60.73609,305.99,0.57,0.52,2026-09-03,2227,N21,nominal,2.0NRT,287.67,1.25,N
36.55753,60.76102,314.84,0.57,0.52,2026-09-03,2227,N21,nominal,2.0NRT,286.9,2.94,N
36.53943,60.7948,332.04,0.57,0.52,2026-09-03,2227,N21,nominal,2.0NRT,286.71,5.1,N
36.43647,61.22022,298.44,0.61,0.53,2026-09-03,2227,N21,nominal,2.0NRT,286.07,0.91,N
36.46645,60.84704,300.25,0.58,0.52,2026-09-03,2227,N21,nominal,2.0NRT,289.81,3.38,N
36.46473,60.85162,340.29,0.58,0.52,2026-09-03,2227,N21,nominal,2.0NRT,289.5,13.74,N
36.46009,60.84994,321.74,0.58,0.52,2026-09-03,2227,N21,nominal,2.0NRT,288.1,4.39,N
36.27039,59.64882,299.52,0.51,0.49,2026-09-03,2227,N21,nominal,2.0NRT,287.61,0.37,N
36.98954,56.23182,299.33,0.5,0.41,2026-09-03,2227,N21,nominal,2.0NRT,286.61,1.04,N
36.23717,59.73162,297.9,0.51,0.49,2026-09-03,2227,N21,nominal,2.0NRT,285.84,1.03,N
36.94492,54.88929,324.63,0.44,0.39,2026-09-03,2227,N21,nominal,2.0NRT,291.66,2.87,N
36.59523,55.09248,300.46,0.46,0.39,2026-09-03,2227,N21,nominal,2.0NRT,286.66,0.71,N
36.48028,54.90004,299.46,0.45,0.39,2026-09-03,2227,N21,nominal,2.0NRT,288.25,0.74,N
36.29563,54.78765,304.48,0.45,0.39,2026-09-03,2227,N21,nominal,2.0NRT,288.75,1.06,N
35.36716,59.30398,299.75,0.51,0.49,2026-09-03,2227,N21,nominal,2.0NRT,285.88,1.08,N
36.35297,54.12029,298.04,0.43,0.38,2026-09-03,2227,N21,nominal,2.0NRT,285.04,0.52,N
36.3205,54.1874,300.33,0.43,0.38,2026-09-03,2227,N21,nominal,2.0NRT,284.54,0.74,N
32.92089,60.23146,301.64,0.33,0.55,2026-09-03,2227,N21,nominal,2.0NRT,287.43,1.14,N
33.04238,56.85089,320.08,0.42,0.45,2026-09-03,2227,N21,nominal,2.0NRT,295.13,2.1,N
31.93847,54.04602,312.1,0.48,0.4,2026-09-03,2227,N21,nominal,2.0NRT,293.86,1.19,N
31.92581,54.05304,314.57,0.48,0.4,2026-09-03,2227,N21,nominal,2.0NRT,294.8,1.81,N
30.66687,56.61973,305.2,0.45,0.47,2026-09-03,2229,N21,nominal,2.0NRT,287.82,0.76,N
30.66733,56.62206,301.82,0.45,0.47,2026-09-03,2229,N21,nominal,2.0NRT,288.35,0.79,N
29.47396,60.80646,303.49,0.42,0.61,2026-09-03,2229,N21,nominal,2.0NRT,288.54,0.84,N
29.47504,60.80595,302.46,0.42,0.61,2026-09-03,2229,N21,nominal,2.0NRT,288.49,0.87,N
30.36956,56.12635,305.65,0.43,0.46,2026-09-03,2229,N21,nominal,2.0NRT,291.38,0.74,N
29.92831,56.73328,301.9,0.48,0.48,2026-09-03,2229,N21,nominal,2.0NRT,290.6,1.63,N
29.99425,55.85135,320.03,0.42,0.46,2026-09-03,2229,N21,nominal,2.0NRT,285.53,2.95,N
29.99017,55.85025,336.43,0.42,0.46,2026-09-03,2229,N21,nominal,2.0NRT,288.39,3.53,N
30.0827,55.39861,318.76,0.4,0.44,2026-09-03,2229,N21,nominal,2.0NRT,291.32,2.5,N
29.98923,55.8548,299,0.43,0.46,2026-09-03,2229,N21,nominal,2.0NRT,287.06,3.53,N
30.07955,55.39353,303.74,0.4,0.44,2026-09-03,2229,N21,nominal,2.0NRT,292.61,1.83,N
29.99679,55.19627,303.03,0.39,0.44,2026-09-03,2229,N21,nominal,2.0NRT,290.11,1.12,N
29.5125,55.79784,303.95,0.43,0.46,2026-09-03,2229,N21,nominal,2.0NRT,290.6,1.3,N
29.51053,55.79882,306.34,0.43,0.46,2026-09-03,2229,N21,nominal,2.0NRT,290.33,0.52,N
20.37794,55.93329,306.39,0.33,0.55,2026-09-03,2229,N21,nominal,2.0NRT,293.67,1.24,N
20.37728,55.93641,313.75,0.33,0.55,2026-09-03,2229,N21,nominal,2.0NRT,293.42,1.45,N
20.37229,55.93519,304.48,0.33,0.55,2026-09-03,2229,N21,nominal,2.0NRT,293.68,0.59,N
20.37378,55.93253,314.89,0.33,0.55,2026-09-03,2229,N21,nominal,2.0NRT,293.95,2.06,N
20.37314,55.93565,319.29,0.33,0.55,2026-09-03,2229,N21,nominal,2.0NRT,293.5,1.89,N
20.38815,55.66068,319.66,0.32,0.54,2026-09-03,2229,N21,nominal,2.0NRT,293.8,2.15,N
20.38753,55.66365,313.41,0.32,0.55,2026-09-03,2229,N21,nominal,2.0NRT,293.11,1.76,N
20.38569,55.64764,322.57,0.32,0.54,2026-09-03,2229,N21,nominal,2.0NRT,294.22,1.72,N
20.22618,55.73893,304.51,0.32,0.55,2026-09-03,2229,N21,nominal,2.0NRT,293.82,0.88,N
20.22555,55.74195,316.23,0.33,0.55,2026-09-03,2229,N21,nominal,2.0NRT,293.75,0.88,N
20.21149,55.70997,314.52,0.32,0.55,2026-09-03,2229,N21,nominal,2.0NRT,294.27,0.96,N
20.21085,55.71303,303.63,0.32,0.55,2026-09-03,2229,N21,nominal,2.0NRT,293.61,0.96,N
18.32172,55.10439,320.87,0.32,0.55,2026-09-03,2229,N21,nominal,2.0NRT,292.48,1.45,N
18.32112,55.10737,314.46,0.32,0.55,2026-09-03,2229,N21,nominal,2.0NRT,291.51,1.45,N
18.0147,54.57474,317.16,0.6,0.53,2026-09-03,2229,N21,nominal,2.0NRT,294.81,6.92,N
18.0116,54.57171,340.17,0.6,0.53,2026-09-03,2229,N21,nominal,2.0NRT,298.85,25.4,N
29.15326,55.36688,305.54,0.41,0.45,2026-09-03,2229,N21,nominal,2.0NRT,292.01,1.46,N
29.13376,55.37909,304.12,0.42,0.45,2026-09-03,2229,N21,nominal,2.0NRT,292.46,2.56,N
29.17084,54.61853,309.87,0.57,0.43,2026-09-03,2229,N21,nominal,2.0NRT,291.67,1.27,N
27.17048,56.05554,334.75,0.49,0.49,2026-09-03,2229,N21,nominal,2.0NRT,298.74,6.46,N
27.16112,56.09957,329.1,0.5,0.49,2026-09-03,2229,N21,nominal,2.0NRT,297.91,3.54,N
27.16008,56.10446,306.72,0.5,0.49,2026-09-03,2229,N21,nominal,2.0NRT,296.67,3.54,N
27.1661,56.05436,313,0.49,0.49,2026-09-03,2229,N21,nominal,2.0NRT,297.22,2.41,N
25.97111,56.06934,313.89,0.52,0.5,2026-09-03,2229,N21,nominal,2.0NRT,301.62,1.89,N
25.96662,56.06817,313.4,0.52,0.5,2026-09-03,2229,N21,nominal,2.0NRT,301.55,1.89,N
25.90024,54.53365,311.33,0.43,0.46,2026-09-03,2229,N21,nominal,2.0NRT,299.73,0.56,N
25.49739,54.30664,325.95,0.42,0.45,2026-09-03,2229,N21,nominal,2.0NRT,301.41,2.24,N
24.50662,56.60557,321.76,0.6,0.53,2026-09-03,2229,N21,nominal,2.0NRT,296.06,9.03,N
24.50302,56.60443,319.89,0.6,0.53,2026-09-03,2229,N21,nominal,2.0NRT,297.15,5.54,N
24.51093,54.01747,338.53,0.42,0.45,2026-09-03,2229,N21,nominal,2.0NRT,299.89,2.94,N
24.32857,54.46841,318.65,0.45,0.47,2026-09-03,2229,N21,nominal,2.0NRT,298.65,2.23,N
24.31767,54.45664,314.83,0.45,0.47,2026-09-03,2229,N21,nominal,2.0NRT,299.3,1.49,N
23.19168,55.45705,321.08,0.55,0.51,2026-09-03,2231,N21,nominal,2.0NRT,293.65,5.43,N
23.31117,54.1805,333.28,0.45,0.47,2026-09-03,2231,N21,nominal,2.0NRT,295.97,3.2,N
23.31202,54.17616,314.23,0.45,0.47,2026-09-03,2231,N21,nominal,2.0NRT,295.97,3.2,N
22.87652,55.92315,318.56,0.59,0.53,2026-09-03,2231,N21,nominal,2.0NRT,294.47,3.09,N
22.48243,56.94302,302.91,0.35,0.57,2026-09-03,2231,N21,nominal,2.0NRT,274.83,0.43,N
22.40604,56.98774,307.08,0.35,0.57,2026-09-03,2231,N21,nominal,2.0NRT,278.87,1.8,N
22.4414,56.70042,345.43,0.34,0.56,2026-09-03,2231,N21,nominal,2.0NRT,288.06,4.91,N
22.44209,56.69724,311.1,0.34,0.56,2026-09-03,2231,N21,nominal,2.0NRT,286.83,3.74,N
22.32505,56.49018,334.86,0.33,0.55,2026-09-03,2231,N21,nominal,2.0NRT,290.38,3.42,N
22.61048,54.06019,308.62,0.46,0.47,2026-09-03,2231,N21,nominal,2.0NRT,297.62,1.39,N
21.93841,57.07392,329.15,0.37,0.58,2026-09-03,2231,N21,nominal,2.0NRT,290.63,2.83,N
22.52551,54.04765,308.56,0.46,0.47,2026-09-03,2231,N21,nominal,2.0NRT,298.14,1.81,N
22.52464,54.052,309.08,0.46,0.47,2026-09-03,2231,N21,nominal,2.0NRT,298.26,1.63,N
21.88918,56.84583,317.43,0.35,0.57,2026-09-03,2231,N21,nominal,2.0NRT,293.13,1.34,N
21.83139,56.67896,309.51,0.35,0.56,2026-09-03,2231,N21,nominal,2.0NRT,290.94,0.72,N
21.68093,56.62101,309.92,0.35,0.56,2026-09-03,2231,N21,nominal,2.0NRT,292.26,0.85,N
21.31839,57.72118,310.9,0.41,0.61,2026-09-03,2231,N21,nominal,2.0NRT,293.22,1.42,N
21.31319,57.74443,314.71,0.42,0.61,2026-09-03,2231,N21,nominal,2.0NRT,293.22,2.62,N
21.33566,56.69782,310.28,0.36,0.57,2026-09-03,2231,N21,nominal,2.0NRT,290.8,3.48,N
21.33054,56.69651,367,0.36,0.57,2026-09-03,2231,N21,high,2.0NRT,292.6,3.48,N
21.32981,56.69986,309.31,0.36,0.57,2026-09-03,2231,N21,nominal,2.0NRT,290.83,3.48,N
17.07069,100.05849,337.02,0.51,0.41,2026-09-04,0618,N21,nominal,2.0NRT,292.25,5.68,D
20.10527,101.45345,329.03,0.41,0.37,2026-09-04,0618,N21,nominal,2.0NRT,295.97,1.52,D
26.57057,101.67089,335.46,0.38,0.36,2026-09-04,0620,N21,low,2.0NRT,305.56,7.96,D
26.57758,101.66563,330.42,0.38,0.36,2026-09-04,0620,N21,low,2.0NRT,304.89,6.11,D
28.48533,97.02769,330.4,0.5,0.41,2026-09-04,0622,N21,nominal,2.0NRT,293.97,4.56,D
28.50004,97.02452,334.58,0.5,0.41,2026-09-04,0622,N21,nominal,2.0NRT,295.92,6.77,D
28.50743,97.02318,330.67,0.5,0.41,2026-09-04,0622,N21,nominal,2.0NRT,296.49,4.49,D
37.21823,100.398,337.41,0.4,0.37,2026-09-04,0625,N21,nominal,2.0NRT,295.48,2.66,D
38.41386,100.92587,335.25,0.42,0.37,2026-09-04,0625,N21,low,2.0NRT,309.52,2.3,D
39.8054,98.24726,336.94,0.38,0.36,2026-09-04,0622,N21,nominal,2.0NRT,308.66,7.12,D
13.83413,101.09468,345.42,0.5,0.41,2026-09-04,0616,N21,low,2.0NRT,291.83,53.11,D
14.20733,100.17752,336.28,0.55,0.43,2026-09-04,0618,N21,nominal,2.0NRT,285.64,6.21,D
14.21121,100.17683,338.32,0.55,0.43,2026-09-04,0618,N21,nominal,2.0NRT,284.89,6.8,D
14.18624,100.0956,332.41,0.56,0.43,2026-09-04,0618,N21,nominal,2.0NRT,285.15,7.02,D
14.20922,100.18002,334.1,0.55,0.43,2026-09-04,0618,N21,nominal,2.0NRT,285.05,12.6,D
14.23934,100.32834,346.01,0.54,0.42,2026-09-04,0618,N21,nominal,2.0NRT,294.12,7.64,D
14.28022,100.38171,330.04,0.53,0.42,2026-09-04,0618,N21,nominal,2.0NRT,289.46,3.47,D
14.30373,100.266,336.26,0.54,0.42,2026-09-04,0618,N21,nominal,2.0NRT,292.46,5.65,D
14.34546,100.3114,352.26,0.54,0.42,2026-09-04,0618,N21,nominal,2.0NRT,292.19,12.88,D
14.48406,100.2986,334.46,0.54,0.42,2026-09-04,0618,N21,nominal,2.0NRT,293.95,6.76,D
14.48789,100.29792,332.47,0.54,0.42,2026-09-04,0618,N21,nominal,2.0NRT,293.02,3.83,D
14.44884,100.07381,330.73,0.55,0.43,2026-09-04,0618,N21,nominal,2.0NRT,290.94,4.06,D
14.45724,99.91414,330.53,0.57,0.43,2026-09-04,0618,N21,nominal,2.0NRT,292.07,3.98,D
14.50142,100.05391,331.97,0.55,0.43,2026-09-04,0618,N21,nominal,2.0NRT,292.54,3.58,D
14.54542,100.24197,335.55,0.54,0.42,2026-09-04,0618,N21,nominal,2.0NRT,294.21,4.63,D
14.54341,100.2401,334.75,0.54,0.42,2026-09-04,0618,N21,nominal,2.0NRT,294.15,5.91,D
15.19414,100.19158,333.54,0.53,0.42,2026-09-04,0618,N21,nominal,2.0NRT,292.47,4.1,D
15.19795,100.1909,330.07,0.53,0.42,2026-09-04,0618,N21,nominal,2.0NRT,293.99,4.1,D
15.22255,100.24155,334.98,0.53,0.42,2026-09-04,0618,N21,nominal,2.0NRT,293.46,9.01,D
15.20087,100.02789,342.69,0.54,0.42,2026-09-04,0618,N21,nominal,2.0NRT,295.16,7.82,D
15.24323,100.15757,335.17,0.53,0.42,2026-09-04,0618,N21,nominal,2.0NRT,294,7.89,D
15.32853,100.54075,331.69,0.51,0.41,2026-09-04,0618,N21,nominal,2.0NRT,292.08,6.33,D
15.32218,100.07417,332.82,0.54,0.42,2026-09-04,0618,N21,nominal,2.0NRT,291.69,4.95,D
15.57414,100.06349,330.29,0.53,0.42,2026-09-04,0618,N21,nominal,2.0NRT,292.2,3.85,D
15.81309,100.18352,334.42,0.52,0.42,2026-09-04,0618,N21,nominal,2.0NRT,294.54,4.23,D
15.84798,100.15994,330.8,0.52,0.42,2026-09-04,0618,N21,nominal,2.0NRT,295.55,2.85,D
15.86019,100.20713,331.78,0.52,0.41,2026-09-04,0618,N21,nominal,2.0NRT,295.07,1.87,D
15.83959,100.00133,333.1,0.53,0.42,2026-09-04,0618,N21,nominal,2.0NRT,290.98,4.82,D
15.92277,100.36633,333.06,0.51,0.41,2026-09-04,0618,N21,nominal,2.0NRT,293.55,4.36,D
15.8912,100.162,332.73,0.52,0.42,2026-09-04,0618,N21,nominal,2.0NRT,294.64,5.48,D
15.92861,100.13042,333.32,0.52,0.42,2026-09-04,0618,N21,nominal,2.0NRT,294.46,4,D
15.98475,99.98168,332.44,0.53,0.42,2026-09-04,0618,N21,nominal,2.0NRT,293.92,3.37,D
16.04642,100.13534,335.81,0.52,0.42,2026-09-04,0618,N21,nominal,2.0NRT,292.96,9.03,D
16.13592,100.02127,331.83,0.53,0.42,2026-09-04,0618,N21,nominal,2.0NRT,295.07,4.64,D
16.2173,100.30815,333.46,0.51,0.41,2026-09-04,0618,N21,nominal,2.0NRT,295.04,6.94,D
16.11654,99.66914,332.26,0.55,0.43,2026-09-04,0618,N21,nominal,2.0NRT,292.67,6.71,D
16.12041,99.66841,342.91,0.55,0.43,2026-09-04,0618,N21,nominal,2.0NRT,292.86,6.71,D
16.18569,99.94932,339.36,0.53,0.42,2026-09-04,0618,N21,nominal,2.0NRT,294.6,8.1,D
16.20304,99.98136,334.25,0.53,0.42,2026-09-04,0618,N21,nominal,2.0NRT,294.06,4.81,D
16.20684,99.98067,333.33,0.53,0.42,2026-09-04,0618,N21,nominal,2.0NRT,294.7,4.81,D
16.24377,100.05878,333.04,0.52,0.42,2026-09-04,0618,N21,nominal,2.0NRT,293.39,9.93,D
21.74218,83.84354,342.51,0.44,0.46,2026-09-04,0801,N21,nominal,2.0NRT,295.8,7.2,D
37.72614,62.09487,334.38,0.34,0.56,2026-09-04,0805,N21,nominal,2.0NRT,308.45,3.14,D
21.74643,83.84301,341.48,0.44,0.46,2026-09-04,0801,N21,nominal,2.0NRT,293.51,7.2,D
37.25727,60.20868,347.06,0.45,0.63,2026-09-04,0805,N21,nominal,2.0NRT,305.76,6.42,D
21.75491,83.84193,335.54,0.44,0.46,2026-09-04,0801,N21,nominal,2.0NRT,294.33,6.72,D
6.28038,80.98396,332.67,0.38,0.36,2026-09-04,0756,N21,nominal,2.0NRT,302.43,2.44,D
37.25967,60.20851,339.74,0.45,0.63,2026-09-04,0805,N21,nominal,2.0NRT,303.2,5.11,D
21.75494,83.84254,343.12,0.44,0.46,2026-09-04,0801,N21,nominal,2.0NRT,294.29,8.02,D
37.72923,61.88453,348.4,0.35,0.57,2026-09-04,0805,N21,nominal,2.0NRT,306.9,5.62,D
6.34658,81.12452,332.91,0.38,0.36,2026-09-04,0756,N21,nominal,2.0NRT,297.44,151.07,D
21.80368,83.89217,332.23,0.45,0.47,2026-09-04,0801,N21,nominal,2.0NRT,294,4.49,D
37.42804,59.87182,339.5,0.46,0.64,2026-09-04,0805,N21,nominal,2.0NRT,306.69,4.87,D
6.72797,81.30743,336.76,0.38,0.36,2026-09-04,0756,N21,nominal,2.0NRT,303.41,6.67,D
21.10447,72.64493,344.27,0.57,0.43,2026-09-04,0801,N21,nominal,2.0NRT,298.24,26.51,D
37.37801,59.64937,367,0.47,0.64,2026-09-04,0805,N21,high,2.0NRT,310.9,24.51,D
6.82348,81.55391,344.29,0.39,0.36,2026-09-04,0756,N21,nominal,2.0NRT,304.43,11.56,D
38.28947,61.60103,367,0.35,0.57,2026-09-04,0805,N21,high,2.0NRT,308.65,25.25,D
21.10295,72.63681,342.12,0.38,0.43,2026-09-04,0801,N21,nominal,2.0NRT,298.44,26.3,D
6.8893,81.63238,339.24,0.39,0.36,2026-09-04,0756,N21,nominal,2.0NRT,304.61,10.01,D
38.2958,61.59758,350.33,0.35,0.57,2026-09-04,0805,N21,nominal,2.0NRT,307.86,7.67,D
23.67067,86.93721,328.62,0.37,0.58,2026-09-04,0801,N21,nominal,2.0NRT,288.51,3.42,D
6.88057,81.55229,337.68,0.39,0.36,2026-09-04,0756,N21,nominal,2.0NRT,302.29,6.26,D
23.69337,87.12283,328.2,0.38,0.59,2026-09-04,0803,N21,nominal,2.0NRT,289.76,4.18,D
6.94629,81.60164,337.15,0.39,0.36,2026-09-04,0756,N21,nominal,2.0NRT,305.01,5.79,D
23.69087,87.12269,328.83,0.38,0.59,2026-09-04,0803,N21,nominal,2.0NRT,289.42,5.68,D
39.97523,58.93611,341.56,0.44,0.62,2026-09-04,0805,N21,low,2.0NRT,312.69,4.44,D
6.99614,81.61886,335.82,0.39,0.36,2026-09-04,0756,N21,nominal,2.0NRT,305.74,7.11,D
23.70967,86.44809,332.23,0.34,0.56,2026-09-04,0803,N21,nominal,2.0NRT,290.08,5.2,D
39.24049,56.25383,331.24,0.62,0.72,2026-09-04,0805,N21,low,2.0NRT,304.43,5.5,D
7.01437,81.60546,347.78,0.39,0.36,2026-09-04,0756,N21,nominal,2.0NRT,306.41,10.62,D
26.82613,67.85553,338.79,0.58,0.52,2026-09-04,0803,N21,nominal,2.0NRT,303.28,4.23,D
7.01385,81.602,336.09,0.39,0.36,2026-09-04,0756,N21,low,2.0NRT,306.45,6.18,D
27.68594,68.91248,336.17,0.48,0.48,2026-09-04,0803,N21,nominal,2.0NRT,299.54,2.38,D
7.08992,81.78862,341.64,0.39,0.36,2026-09-04,0756,N21,nominal,2.0NRT,305.99,10.49,D
27.68697,68.91329,337.46,0.48,0.48,2026-09-04,0803,N21,nominal,2.0NRT,298.9,4.96,D
7.18345,81.80295,340.18,0.39,0.36,2026-09-04,0756,N21,nominal,2.0NRT,305.7,10.47,D
28.45281,68.15152,333.9,0.51,0.5,2026-09-04,0803,N21,nominal,2.0NRT,300.96,8.53,D
7.1319,80.92328,338.76,0.38,0.36,2026-09-04,0756,N21,nominal,2.0NRT,305.12,21.59,D
7.15772,81.07076,333.46,0.38,0.36,2026-09-04,0756,N21,low,2.0NRT,308.14,3.87,D
28.45172,68.14643,339.79,0.51,0.5,2026-09-04,0803,N21,nominal,2.0NRT,299.67,8.53,D
7.17065,81.02296,336.04,0.38,0.36,2026-09-04,0756,N21,low,2.0NRT,306.82,3.92,D
28.4902,67.99428,339.03,0.52,0.5,2026-09-04,0803,N21,nominal,2.0NRT,303.45,9.7,D
7.28636,81.71537,331.1,0.39,0.36,2026-09-04,0756,N21,nominal,2.0NRT,300.57,2.55,D
28.49188,67.99753,343.35,0.52,0.5,2026-09-04,0803,N21,nominal,2.0NRT,303.39,5.33,D
7.28966,81.71487,335.03,0.39,0.36,2026-09-04,0756,N21,nominal,2.0NRT,299.36,3.28,D
29.33518,69.01418,341.68,0.44,0.46,2026-09-04,0805,N21,nominal,2.0NRT,306.9,2.18,D
7.20063,81.01414,337.55,0.38,0.36,2026-09-04,0756,N21,low,2.0NRT,307.84,5.86,D
29.80614,68.75408,337.48,0.45,0.47,2026-09-04,0805,N21,nominal,2.0NRT,305.53,3.02,D
7.33858,81.72524,334.11,0.39,0.36,2026-09-04,0756,N21,low,2.0NRT,304.34,4.96,D
31.5513,74.73685,337.88,0.38,0.36,2026-09-04,0805,N21,nominal,2.0NRT,299.64,9.12,D
7.36531,81.83537,332.57,0.39,0.36,2026-09-04,0756,N21,nominal,2.0NRT,302.37,2.34,D
32.43508,71.37002,332.32,0.45,0.39,2026-09-04,0805,N21,nominal,2.0NRT,296.77,4.53,D
7.33481,81.56585,330.77,0.39,0.36,2026-09-04,0756,N21,low,2.0NRT,301.2,2.59,D
32.43423,71.36531,332.68,0.45,0.39,2026-09-04,0805,N21,nominal,2.0NRT,298.09,4.53,D
7.36872,81.74561,335.28,0.39,0.36,2026-09-04,0756,N21,nominal,2.0NRT,303.71,4.81,D
7.38195,81.74361,338.74,0.39,0.36,2026-09-04,0756,N21,nominal,2.0NRT,305.39,7.79,D
38.05098,67.26708,339.48,0.55,0.43,2026-09-04,0807,N21,low,2.0NRT,312.38,32.34,D
7.31458,81.15795,331.07,0.38,0.36,2026-09-04,0756,N21,low,2.0NRT,302.69,4.84,D
36.53923,60.79679,352.56,0.43,0.62,2026-09-04,0807,N21,nominal,2.0NRT,310.06,4.31,D
7.44885,81.62225,336.07,0.39,0.36,2026-09-04,0756,N21,nominal,2.0NRT,301.46,2.72,D
37.03332,62.41376,342.29,0.35,0.56,2026-09-04,0807,N21,nominal,2.0NRT,311.21,6.96,D
7.48911,81.68732,344.36,0.39,0.36,2026-09-04,0756,N21,nominal,2.0NRT,305.31,3.93,D
37.11642,62.36351,347.08,0.35,0.56,2026-09-04,0807,N21,nominal,2.0NRT,311.14,4.62,D
7.41481,81.14605,340.24,0.38,0.36,2026-09-04,0756,N21,nominal,2.0NRT,302.52,6.04,D
38.08469,65.4966,345.88,0.45,0.47,2026-09-04,0807,N21,nominal,2.0NRT,309.31,5.91,D
7.5063,81.66331,336.75,0.39,0.36,2026-09-04,0756,N21,nominal,2.0NRT,304.79,3.55,D
37.00276,60.78023,332.5,0.42,0.61,2026-09-04,0807,N21,low,2.0NRT,304.75,2.68,D
7.49081,81.53765,330.07,0.39,0.36,2026-09-04,0756,N21,low,2.0NRT,301.52,3.71,D
37.61963,62.13887,332,0.35,0.56,2026-09-04,0807,N21,low,2.0NRT,306.54,2.62,D
7.52764,81.5356,342.13,0.39,0.36,2026-09-04,0756,N21,nominal,2.0NRT,301.58,4.73,D
7.58536,81.69408,345.45,0.39,0.36,2026-09-04,0756,N21,nominal,2.0NRT,304.64,4.06,D
7.58866,81.69358,336.75,0.39,0.36,2026-09-04,0756,N21,nominal,2.0NRT,303.45,4.06,D
7.65317,81.60113,335.59,0.39,0.36,2026-09-04,0756,N21,nominal,2.0NRT,303.49,3.26,D
7.67421,81.5837,342.52,0.39,0.36,2026-09-04,0756,N21,nominal,2.0NRT,305.76,5.82,D
7.69832,81.58286,337.35,0.39,0.36,2026-09-04,0756,N21,nominal,2.0NRT,303.47,2.51,D
7.62607,80.81576,334.23,0.38,0.36,2026-09-04,0756,N21,nominal,2.0NRT,302.28,5.95,D
7.80802,81.49847,347.86,0.39,0.36,2026-09-04,0756,N21,nominal,2.0NRT,304.14,7.98,D
7.85959,81.43733,346.53,0.39,0.36,2026-09-04,0756,N21,nominal,2.0NRT,308.35,11.42,D
7.95904,81.44292,335.76,0.39,0.36,2026-09-04,0756,N21,nominal,2.0NRT,301.69,1.73,D
7.91103,80.85941,337.76,0.38,0.36,2026-09-04,0756,N21,nominal,2.0NRT,302.19,8.69,D
7.88555,80.61863,333.91,0.38,0.36,2026-09-04,0756,N21,nominal,2.0NRT,303.42,5.87,D
7.82094,80.04519,335.12,0.39,0.36,2026-09-04,0756,N21,nominal,2.0NRT,298.5,3.31,D
8.04398,81.41837,351.82,0.39,0.36,2026-09-04,0756,N21,nominal,2.0NRT,307.04,8.55,D
8.04345,81.41489,338.87,0.39,0.36,2026-09-04,0756,N21,nominal,2.0NRT,304.96,8.55,D
8.04136,81.401,339.65,0.39,0.36,2026-09-04,0756,N21,nominal,2.0NRT,304.56,5.83,D
7.91331,80.55775,347.18,0.38,0.36,2026-09-04,0756,N21,nominal,2.0NRT,301.47,8.51,D
8.04833,81.42481,348.08,0.39,0.36,2026-09-04,0756,N21,nominal,2.0NRT,305.28,11.83,D
7.95397,80.11404,332.68,0.39,0.36,2026-09-04,0756,N21,low,2.0NRT,303.37,5.83,D
8.04439,80.61527,338.81,0.38,0.36,2026-09-04,0756,N21,nominal,2.0NRT,305,1.41,D
8.05559,80.66657,367,0.38,0.36,2026-09-04,0756,N21,high,2.0NRT,309,18.67,D
8.06257,80.69025,351.53,0.38,0.36,2026-09-04,0756,N21,nominal,2.0NRT,306.37,8.88,D
8.02827,80.35555,342.88,0.39,0.36,2026-09-04,0756,N21,nominal,2.0NRT,303.56,5.42,D
8.21197,80.57375,342.94,0.38,0.36,2026-09-04,0756,N21,nominal,2.0NRT,302.33,8.3,D
8.23799,80.32517,332.47,0.39,0.36,2026-09-04,0756,N21,nominal,2.0NRT,298.48,0.89,D
8.34787,81.00182,338.8,0.38,0.36,2026-09-04,0756,N21,nominal,2.0NRT,302.44,9.24,D
8.40062,81.05363,339.8,0.38,0.36,2026-09-04,0756,N21,nominal,2.0NRT,298.42,13.29,D
8.36302,80.78355,337,0.38,0.36,2026-09-04,0756,N21,nominal,2.0NRT,302.28,3.93,D
8.41521,81.08327,332.94,0.38,0.36,2026-09-04,0756,N21,nominal,2.0NRT,299.74,4.06,D
8.38897,80.66645,334.27,0.38,0.36,2026-09-04,0756,N21,nominal,2.0NRT,302.8,2.18,D
8.39051,80.33973,349.25,0.39,0.36,2026-09-04,0756,N21,nominal,2.0NRT,305.27,6.3,D
8.45161,80.60664,334.12,0.38,0.36,2026-09-04,0756,N21,nominal,2.0NRT,302.53,1.83,D
8.50317,80.85683,337.52,0.38,0.36,2026-09-04,0756,N21,nominal,2.0NRT,300.66,2.19,D
8.46263,80.5023,336.81,0.38,0.36,2026-09-04,0756,N21,nominal,2.0NRT,300.66,1.55,D
8.46592,80.50179,344.01,0.38,0.36,2026-09-04,0756,N21,nominal,2.0NRT,304.4,5.01,D
8.53555,80.84832,335.22,0.38,0.36,2026-09-04,0756,N21,nominal,2.0NRT,303.01,3.38,D
8.58052,80.82632,342.18,0.38,0.36,2026-09-04,0756,N21,nominal,2.0NRT,300.31,4.99,D
8.62883,80.81182,337.33,0.38,0.36,2026-09-04,0756,N21,nominal,2.0NRT,305.26,5.85,D
8.56557,80.39687,333.19,0.39,0.36,2026-09-04,0756,N21,nominal,2.0NRT,302.98,3.96,D
8.62977,80.75155,337.31,0.38,0.36,2026-09-04,0756,N21,nominal,2.0NRT,303.7,8.72,D
8.63109,80.71597,334.85,0.38,0.36,2026-09-04,0756,N21,low,2.0NRT,305.83,6.35,D
8.62998,80.41513,343.79,0.38,0.36,2026-09-04,0756,N21,nominal,2.0NRT,306.34,7.79,D
8.66461,80.39914,342.22,0.38,0.36,2026-09-04,0756,N21,nominal,2.0NRT,305.78,5.09,D
8.66645,80.25687,338.37,0.39,0.36,2026-09-04,0756,N21,nominal,2.0NRT,304.43,6.17,D
8.66974,80.25637,346.19,0.39,0.36,2026-09-04,0756,N21,nominal,2.0NRT,303.78,6.17,D
8.78873,80.87485,332.71,0.38,0.36,2026-09-04,0756,N21,nominal,2.0NRT,300.13,4.35,D
8.80511,80.9609,333.87,0.38,0.36,2026-09-04,0756,N21,low,2.0NRT,305.89,7.58,D
8.80604,80.56779,338.63,0.38,0.36,2026-09-04,0756,N21,nominal,2.0NRT,305.81,5.36,D
8.8539,80.49944,336.49,0.38,0.36,2026-09-04,0756,N21,nominal,2.0NRT,299.6,4.22,D
8.89498,80.50372,340.17,0.38,0.36,2026-09-04,0758,N21,nominal,2.0NRT,303.82,5.51,D
8.91448,80.54321,333.78,0.38,0.36,2026-09-04,0758,N21,low,2.0NRT,305.52,4.63,D
8.98223,80.83372,333.13,0.38,0.36,2026-09-04,0758,N21,low,2.0NRT,303.89,7.3,D
8.92298,80.40017,340.83,0.38,0.36,2026-09-04,0758,N21,nominal,2.0NRT,301.79,3.13,D
8.67037,77.99406,336.26,0.44,0.39,2026-09-04,0758,N21,low,2.0NRT,305.55,6.68,D
9.03487,80.21505,332.04,0.39,0.36,2026-09-04,0758,N21,nominal,2.0NRT,297.56,2.6,D
9.10257,80.2827,333.98,0.38,0.36,2026-09-04,0758,N21,nominal,2.0NRT,302.89,2.8,D
9.39725,80.44811,344.19,0.38,0.36,2026-09-04,0758,N21,nominal,2.0NRT,301.66,6.58,D
9.39895,80.43722,335.38,0.38,0.36,2026-09-04,0758,N21,nominal,2.0NRT,304.15,5.29,D
9.40358,80.29104,344.85,0.38,0.36,2026-09-04,0758,N21,nominal,2.0NRT,303.02,7,D
9.40687,80.29053,344.61,0.38,0.36,2026-09-04,0758,N21,nominal,2.0NRT,302.53,13.9,D
9.42775,80.38309,338.73,0.38,0.36,2026-09-04,0758,N21,nominal,2.0NRT,303.62,4.79,D
9.44964,80.48254,345.3,0.38,0.36,2026-09-04,0758,N21,nominal,2.0NRT,301.94,8.56,D
9.14391,78.26399,338.19,0.43,0.38,2026-09-04,0758,N21,low,2.0NRT,305.32,4.67,D
9.14291,78.26405,337.37,0.43,0.38,2026-09-04,0758,N21,low,2.0NRT,304.86,4.73,D
9.35835,78.81918,335.56,0.41,0.37,2026-09-04,0758,N21,low,2.0NRT,301,3.34,D
9.72387,78.35549,334.19,0.42,0.38,2026-09-04,0758,N21,low,2.0NRT,305.43,5.33,D
9.82879,78.55407,334.45,0.41,0.37,2026-09-04,0758,N21,low,2.0NRT,302.71,2.01,D
9.82854,77.56429,338.99,0.45,0.39,2026-09-04,0758,N21,nominal,2.0NRT,303.65,5.62,D
10.23521,79.19682,336.6,0.39,0.37,2026-09-04,0758,N21,low,2.0NRT,302.56,5.05,D
10.87023,79.84801,337.26,0.39,0.36,2026-09-04,0758,N21,nominal,2.0NRT,301.77,3.23,D
14.14273,76.50105,334.52,0.45,0.39,2026-09-04,0758,N21,low,2.0NRT,299.57,7.06,D
14.58262,78.69115,332.81,0.39,0.36,2026-09-04,0758,N21,nominal,2.0NRT,297.53,2.62,D
15.1836,76.64207,340.29,0.43,0.38,2026-09-04,0758,N21,nominal,2.0NRT,301.44,6.27,D
15.24046,76.69371,332.44,0.43,0.38,2026-09-04,0758,N21,low,2.0NRT,300.92,2.23,D
15.31594,75.73133,334.48,0.47,0.4,2026-09-04,0758,N21,low,2.0NRT,300.38,8.92,D
17.36039,81.81102,332.31,0.45,0.39,2026-09-04,0801,N21,nominal,2.0NRT,296.45,2.81,D
17.08758,79.68736,338.48,0.39,0.36,2026-09-04,0801,N21,nominal,2.0NRT,291.83,3.75,D
21.30299,57.79761,344.02,0.4,0.44,2026-09-04,0941,N21,nominal,2.0NRT,310.19,0.84,D
21.31323,57.74602,341.81,0.39,0.44,2026-09-04,0941,N21,nominal,2.0NRT,310.83,2.32,D
21.31278,57.74223,344.54,0.39,0.44,2026-09-04,0941,N21,nominal,2.0NRT,312.39,2.18,D
21.33459,56.69876,346.78,0.52,0.41,2026-09-04,0941,N21,nominal,2.0NRT,314.16,17.5,D
21.83374,56.67956,341.15,0.52,0.42,2026-09-04,0941,N21,low,2.0NRT,313.43,1.3,D
21.88982,56.84695,340.55,0.53,0.42,2026-09-04,0941,N21,low,2.0NRT,312.16,1.6,D
21.93807,57.07333,341.22,0.55,0.43,2026-09-04,0941,N21,low,2.0NRT,313.08,5.71,D
21.93874,57.07175,340.66,0.55,0.43,2026-09-04,0941,N21,low,2.0NRT,312.25,4.12,D
22.32683,56.48848,341.28,0.52,0.41,2026-09-04,0941,N21,low,2.0NRT,313.43,2.54,D
22.4041,56.99094,339.82,0.55,0.43,2026-09-04,0941,N21,low,2.0NRT,311.71,2.06,D
22.44242,56.6982,341.7,0.53,0.42,2026-09-04,0941,N21,low,2.0NRT,314.81,20.72,D
22.44132,56.70102,347.93,0.53,0.42,2026-09-04,0941,N21,nominal,2.0NRT,314.02,19.97,D
22.87966,55.92812,345.55,0.49,0.4,2026-09-04,0941,N21,low,2.0NRT,318.37,7.87,D
22.87825,55.92542,347.27,0.49,0.4,2026-09-04,0941,N21,low,2.0NRT,317.98,7.61,D
23.15357,55.44894,345.62,0.47,0.4,2026-09-04,0941,N21,nominal,2.0NRT,313.93,0.94,D
23.19151,55.45704,352.9,0.47,0.4,2026-09-04,0941,N21,nominal,2.0NRT,316.53,8.96,D
24.47122,56.6148,336.24,0.56,0.43,2026-09-04,0941,N21,nominal,2.0NRT,304.83,5.35,D
24.47191,56.61774,338.76,0.56,0.43,2026-09-04,0941,N21,nominal,2.0NRT,304.16,4.98,D
24.50653,56.60719,339.69,0.56,0.43,2026-09-04,0941,N21,nominal,2.0NRT,304.85,15.43,D
24.51026,54.01806,333.96,0.42,0.38,2026-09-04,0941,N21,nominal,2.0NRT,303.21,2.55,D
27.16075,56.0998,338.41,0.56,0.43,2026-09-04,0943,N21,nominal,2.0NRT,308.11,17.26,D
27.16732,56.05306,340.6,0.56,0.43,2026-09-04,0943,N21,nominal,2.0NRT,308.85,15.85,D
27.1719,56.05811,339.7,0.56,0.43,2026-09-04,0943,N21,nominal,2.0NRT,309.23,16.22,D
29.99229,55.85284,350.61,0.39,0.44,2026-09-04,0943,N21,nominal,2.0NRT,309.95,9.54,D
29.99004,55.85367,335.16,0.39,0.44,2026-09-04,0943,N21,low,2.0NRT,309.17,7.64,D
34.58196,60.71024,344.99,0.42,0.61,2026-09-04,0945,N21,nominal,2.0NRT,308.08,3.85,D
36.2198,60.59693,338.07,0.43,0.62,2026-09-04,0945,N21,nominal,2.0NRT,306.6,1.71,D
36.53753,60.79618,336.09,0.44,0.63,2026-09-04,0945,N21,low,2.0NRT,310.71,2.28,D
36.5387,60.79797,336.55,0.44,0.63,2026-09-04,0945,N21,low,2.0NRT,310.89,3.32,D
37.03308,62.42442,345.43,0.55,0.68,2026-09-04,0945,N21,nominal,2.0NRT,305.07,26.67,D
37.03286,62.41813,348.44,0.55,0.68,2026-09-04,0945,N21,nominal,2.0NRT,309.96,36.71,D
37.03014,62.41963,355.9,0.55,0.68,2026-09-04,0945,N21,low,2.0NRT,310.32,21.09,D
37.03643,62.41927,341.72,0.55,0.68,2026-09-04,0945,N21,nominal,2.0NRT,304.84,21.09,D
37.1166,62.36531,343.71,0.55,0.68,2026-09-04,0945,N21,nominal,2.0NRT,307.92,8.1,D
37.12008,62.36395,339.33,0.55,0.68,2026-09-04,0945,N21,nominal,2.0NRT,307.62,5.26,D
36.9003,54.63638,336.33,0.41,0.45,2026-09-04,0945,N21,nominal,2.0NRT,304.03,4.04,D
37.4305,59.87418,334.76,0.4,0.6,2026-09-04,0945,N21,low,2.0NRT,306.38,5.26,D
37.64037,60.17904,367,0.42,0.61,2026-09-04,0945,N21,high,2.0NRT,312.38,7.14,D
37.6419,59.99068,343.39,0.41,0.6,2026-09-04,0945,N21,nominal,2.0NRT,310.79,4.3,D
38.64705,54.28292,349.09,0.41,0.45,2026-09-04,0945,N21,nominal,2.0NRT,318.38,9.52,D
38.67928,54.31594,351.93,0.41,0.45,2026-09-04,0945,N21,nominal,2.0NRT,319.21,9.76,D
39.2211,56.25563,338.12,0.53,0.5,2026-09-04,0945,N21,nominal,2.0NRT,306.11,5.88,D
39.23949,56.2533,349.39,0.53,0.5,2026-09-04,0945,N21,nominal,2.0NRT,312.93,10.74,D
39.22539,56.25503,342.02,0.53,0.5,2026-09-04,0945,N21,nominal,2.0NRT,311.29,6.21,D
39.23918,56.25324,348.37,0.53,0.5,2026-09-04,0945,N21,nominal,2.0NRT,312.75,5.59,D
39.24378,56.25266,339.54,0.53,0.5,2026-09-04,0945,N21,nominal,2.0NRT,311.04,5.59,D
39.29399,55.78545,342.13,0.5,0.49,2026-09-04,0945,N21,nominal,2.0NRT,311.36,9.61,D
39.29659,55.78916,341.82,0.5,0.49,2026-09-04,0945,N21,nominal,2.0NRT,310.02,5.88,D
39.33269,55.67435,340.88,0.49,0.49,2026-09-04,0945,N21,nominal,2.0NRT,306.76,4.38,D
39.90106,63.06295,336.75,0.63,0.72,2026-09-04,0945,N21,low,2.0NRT,311.67,2.62,D
39.97194,58.93625,347.7,0.37,0.58,2026-09-04,0945,N21,nominal,2.0NRT,314.34,3.23,D
19.26954,56.17455,339.9,0.46,0.39,2026-09-04,0941,N21,nominal,2.0NRT,309.22,2.31,D
20.21165,55.71305,341.52,0.45,0.39,2026-09-04,0941,N21,low,2.0NRT,314.39,1.81,D
20.22637,55.74139,344.42,0.45,0.39,2026-09-04,0941,N21,nominal,2.0NRT,314.36,2.37,D
20.37586,55.93699,341.02,0.46,0.39,2026-09-04,0941,N21,low,2.0NRT,314.66,2.6,D
20.37526,55.93259,339.49,0.46,0.39,2026-09-04,0941,N21,low,2.0NRT,314.05,1.38,D
20.38888,55.66179,346.61,0.45,0.39,2026-09-04,0941,N21,nominal,2.0NRT,315.46,4.66,D
22.62987,100.73476,299.13,0.42,0.38,2026-09-04,1847,N21,nominal,2.0NRT,286.12,1.84,N
17.55015,98.88097,310.94,0.44,0.39,2026-09-04,1849,N21,nominal,2.0NRT,288.59,1.29,N
17.54661,98.88046,316.02,0.44,0.39,2026-09-04,1849,N21,nominal,2.0NRT,287.7,1.37,N
10.37126,99.26812,323.1,0.39,0.36,2026-09-04,1851,N21,nominal,2.0NRT,291.89,2.07,N
39.78917,98.30044,313.99,0.57,0.52,2026-09-04,1843,N21,nominal,2.0NRT,289.21,3.01,N
39.31495,100.04491,298.89,0.45,0.47,2026-09-04,1843,N21,nominal,2.0NRT,286.65,0.55,N
38.84182,100.16908,298.59,0.44,0.46,2026-09-04,1843,N21,nominal,2.0NRT,286.51,1.29,N
36.89182,101.75056,297.47,0.52,0.42,2026-09-04,1843,N21,nominal,2.0NRT,287.03,1.54,N
36.59047,101.48542,299.27,0.54,0.42,2026-09-04,1843,N21,nominal,2.0NRT,283.21,0.59,N
36.56668,101.52426,301.91,0.53,0.42,2026-09-04,1843,N21,nominal,2.0NRT,284.72,2.08,N
25.06353,101.57175,302.37,0.41,0.37,2026-09-04,1845,N21,nominal,2.0NRT,287.99,0.99,N
25.07332,99.2855,304.73,0.51,0.41,2026-09-04,1847,N21,nominal,2.0NRT,287.44,1.41,N
24.91569,99.09567,299.47,0.52,0.41,2026-09-04,1847,N21,nominal,2.0NRT,287.47,0.83,N
21.10807,72.64812,317.42,0.53,0.42,2026-09-04,2029,N21,nominal,2.0NRT,292.51,3.67,N
21.10421,72.64756,332.4,0.53,0.42,2026-09-04,2029,N21,nominal,2.0NRT,293.92,8.22,N
21.10486,72.64244,309.95,0.53,0.42,2026-09-04,2029,N21,nominal,2.0NRT,291.22,5.9,N
20.91005,71.45995,311.01,0.42,0.45,2026-09-04,2029,N21,nominal,2.0NRT,293.42,1.59,N
19.10266,82.16485,304.91,0.4,0.44,2026-09-04,2029,N21,nominal,2.0NRT,290.69,0.94,N
19.10197,82.16858,309.55,0.4,0.44,2026-09-04,2029,N21,nominal,2.0NRT,292.06,0.94,N
19.09797,82.16772,314.56,0.4,0.44,2026-09-04,2029,N21,nominal,2.0NRT,290.6,2.11,N
19.08926,82.16974,302.41,0.4,0.44,2026-09-04,2029,N21,nominal,2.0NRT,290.76,1.06,N
18.72065,79.53902,303.84,0.44,0.39,2026-09-04,2029,N21,nominal,2.0NRT,289.14,1.06,N
18.71714,79.53836,307.76,0.44,0.39,2026-09-04,2029,N21,nominal,2.0NRT,290.53,1.06,N
18.71292,79.54187,303.78,0.44,0.39,2026-09-04,2029,N21,nominal,2.0NRT,289.94,1.23,N
17.95817,80.79167,306.13,0.52,0.42,2026-09-04,2029,N21,nominal,2.0NRT,288.86,2.33,N
17.95732,80.79652,318.65,0.52,0.42,2026-09-04,2029,N21,nominal,2.0NRT,288.83,2.33,N
19.37008,71.35457,320.14,0.4,0.44,2026-09-04,2029,N21,nominal,2.0NRT,293.08,1.56,N
19.01937,72.89208,330.53,0.49,0.4,2026-09-04,2029,N21,nominal,2.0NRT,293.33,5.81,N
18.68379,73.03027,312.5,0.48,0.4,2026-09-04,2029,N21,nominal,2.0NRT,292.99,2.49,N
18.67952,73.03425,319,0.48,0.4,2026-09-04,2029,N21,nominal,2.0NRT,292.93,2.49,N
16.87203,80.02309,307.03,0.49,0.4,2026-09-04,2029,N21,nominal,2.0NRT,294.41,1.33,N
17.1409,77.18513,310.67,0.39,0.36,2026-09-04,2029,N21,nominal,2.0NRT,292.26,0.92,N
17.13875,77.17729,310.4,0.39,0.36,2026-09-04,2029,N21,nominal,2.0NRT,292.66,0.79,N
16.69608,79.64787,307.53,0.47,0.4,2026-09-04,2029,N21,nominal,2.0NRT,294.49,2.3,N
15.55518,79.64732,324,0.49,0.4,2026-09-04,2032,N21,nominal,2.0NRT,292.99,5.92,N
15.55151,79.64663,330.27,0.49,0.4,2026-09-04,2032,N21,nominal,2.0NRT,292.94,5.92,N
15.55637,79.6452,308.28,0.49,0.4,2026-09-04,2032,N21,nominal,2.0NRT,292.8,4.46,N
38.68486,65.9863,301.93,0.66,0.73,2026-09-04,2025,N21,nominal,2.0NRT,285.37,1.77,N
15.55193,79.64904,329.25,0.49,0.4,2026-09-04,2032,N21,nominal,2.0NRT,293.18,4.3,N
38.66322,64.77206,298.82,0.77,0.78,2026-09-04,2025,N21,nominal,2.0NRT,285.69,1.86,N
15.54826,79.64835,317.21,0.49,0.4,2026-09-04,2032,N21,nominal,2.0NRT,292.93,4.3,N
38.66748,64.77457,303.49,0.77,0.78,2026-09-04,2025,N21,nominal,2.0NRT,284.89,1.14,N
16.20395,75.20745,303.66,0.39,0.36,2026-09-04,2032,N21,nominal,2.0NRT,291.49,0.53,N
38.04995,67.26096,352.24,0.56,0.69,2026-09-04,2025,N21,nominal,2.0NRT,288.48,10.17,N
15.68357,78.45914,308.44,0.43,0.38,2026-09-04,2032,N21,nominal,2.0NRT,293.71,1.57,N
38.04976,67.26709,319.72,0.56,0.69,2026-09-04,2025,N21,nominal,2.0NRT,286.8,10.17,N
15.3368,76.27806,306,0.39,0.36,2026-09-04,2032,N21,nominal,2.0NRT,292.57,1.04,N
15.33238,76.28462,309.57,0.39,0.36,2026-09-04,2032,N21,nominal,2.0NRT,291.48,0.7,N
33.68977,72.71101,304.71,0.5,0.49,2026-09-04,2025,N21,nominal,2.0NRT,289.38,1.46,N
15.65936,73.9884,303.32,0.41,0.37,2026-09-04,2032,N21,nominal,2.0NRT,287.15,0.83,N
32.57359,72.56334,310.53,0.49,0.49,2026-09-04,2025,N21,nominal,2.0NRT,292.39,4.49,N
15.17791,77.10437,309.33,0.4,0.37,2026-09-04,2032,N21,nominal,2.0NRT,293.66,1.18,N
28.42548,69.6997,313.97,0.33,0.55,2026-09-04,2027,N21,nominal,2.0NRT,294.98,1.16,N
15.17516,77.10014,308.97,0.4,0.37,2026-09-04,2032,N21,nominal,2.0NRT,293.79,1.19,N
27.93711,69.72305,310.42,0.32,0.55,2026-09-04,2027,N21,nominal,2.0NRT,294.87,0.62,N
15.02215,78.01551,316.91,0.42,0.38,2026-09-04,2032,N21,nominal,2.0NRT,295.53,5.41,N
27.93793,69.72253,305.93,0.32,0.55,2026-09-04,2027,N21,nominal,2.0NRT,294.9,0.53,N
15.30179,76.22112,304.47,0.39,0.36,2026-09-04,2032,N21,nominal,2.0NRT,291.62,0.83,N
23.77994,86.21085,325.09,0.58,0.52,2026-09-04,2027,N21,nominal,2.0NRT,288.53,5.37,N
15.17439,76.78685,306.9,0.39,0.36,2026-09-04,2032,N21,nominal,2.0NRT,293.39,1.34,N
23.77521,86.20977,308.47,0.58,0.52,2026-09-04,2027,N21,nominal,2.0NRT,288.27,2.95,N
15.18351,76.66653,341.14,0.39,0.36,2026-09-04,2032,N21,nominal,2.0NRT,294.26,7.62,N
23.77284,86.19751,309.02,0.58,0.52,2026-09-04,2027,N21,nominal,2.0NRT,288.02,4.45,N
15.18178,76.67729,306.3,0.39,0.36,2026-09-04,2032,N21,nominal,2.0NRT,294.38,1.38,N
23.68097,86.39436,309.86,0.6,0.53,2026-09-04,2027,N21,nominal,2.0NRT,287.7,5.51,N
15.18366,76.64443,305.75,0.39,0.36,2026-09-04,2032,N21,nominal,2.0NRT,293.98,1.25,N
15.17847,76.67673,308.26,0.39,0.36,2026-09-04,2032,N21,nominal,2.0NRT,294.39,1.38,N
23.67618,86.39325,305.6,0.6,0.53,2026-09-04,2027,N21,nominal,2.0NRT,287.11,2.72,N
15.17443,76.70186,308.74,0.39,0.36,2026-09-04,2032,N21,nominal,2.0NRT,293.76,1.07,N
23.67495,86.39895,308.71,0.6,0.53,2026-09-04,2027,N21,nominal,2.0NRT,287.65,4.28,N
15.17848,76.65473,333.16,0.39,0.36,2026-09-04,2032,N21,nominal,2.0NRT,295.13,2.87,N
23.68196,86.394,312.96,0.6,0.53,2026-09-04,2027,N21,nominal,2.0NRT,287.64,4.13,N
15.17791,76.65833,313.8,0.39,0.36,2026-09-04,2032,N21,nominal,2.0NRT,294.63,4.05,N
23.67599,86.39859,310.18,0.6,0.53,2026-09-04,2027,N21,nominal,2.0NRT,287.67,4.63,N
15.17505,76.67628,312.61,0.39,0.36,2026-09-04,2032,N21,nominal,2.0NRT,294.55,1.42,N
23.75455,85.85443,306,0.55,0.51,2026-09-04,2027,N21,nominal,2.0NRT,288.28,3.7,N
15.17277,76.69064,311.73,0.39,0.36,2026-09-04,2032,N21,nominal,2.0NRT,293.65,1.65,N
23.69927,86.07301,309.74,0.57,0.52,2026-09-04,2027,N21,nominal,2.0NRT,287.87,1.64,N
15.16934,76.71221,305.43,0.39,0.36,2026-09-04,2032,N21,nominal,2.0NRT,293.92,0.72,N
23.69345,86.07731,303.77,0.57,0.52,2026-09-04,2027,N21,nominal,2.0NRT,287.8,1.82,N
15.17517,76.65417,324.8,0.39,0.36,2026-09-04,2032,N21,nominal,2.0NRT,295.4,2.87,N
23.67951,86.09674,303.88,0.57,0.52,2026-09-04,2027,N21,nominal,2.0NRT,287.86,1.53,N
15.1746,76.65777,340.33,0.39,0.36,2026-09-04,2032,N21,nominal,2.0NRT,295.67,4.05,N
23.78857,85.55117,312.54,0.53,0.5,2026-09-04,2027,N21,nominal,2.0NRT,288.26,3.06,N
15.1706,76.68289,314.21,0.39,0.36,2026-09-04,2032,N21,nominal,2.0NRT,293.82,1.6,N
23.67716,86.08454,309.76,0.57,0.52,2026-09-04,2027,N21,nominal,2.0NRT,288.39,4.16,N
15.16957,76.66797,307.85,0.39,0.36,2026-09-04,2032,N21,nominal,2.0NRT,294.26,1.3,N
23.6655,86.09307,304.43,0.57,0.52,2026-09-04,2027,N21,nominal,2.0NRT,287.67,0.9,N
15.169,76.67155,316.31,0.39,0.36,2026-09-04,2032,N21,nominal,2.0NRT,294.31,2.09,N
23.80973,84.8444,303.08,0.48,0.48,2026-09-04,2027,N21,nominal,2.0NRT,288.45,1.53,N
15.19841,76.37912,301.76,0.39,0.36,2026-09-04,2032,N21,nominal,2.0NRT,291.46,1.3,N
23.73676,85.02216,304,0.49,0.49,2026-09-04,2027,N21,nominal,2.0NRT,287.98,1,N
15.13563,76.71016,307.55,0.39,0.36,2026-09-04,2032,N21,nominal,2.0NRT,293.71,0.75,N
23.64511,85.43939,307.89,0.52,0.5,2026-09-04,2027,N21,nominal,2.0NRT,288.51,2.4,N
15.18489,76.31473,308.09,0.39,0.36,2026-09-04,2032,N21,nominal,2.0NRT,292.65,0.86,N
23.649,85.43903,313.66,0.52,0.5,2026-09-04,2027,N21,nominal,2.0NRT,288.68,3.21,N
15.17088,76.38181,306.5,0.39,0.36,2026-09-04,2032,N21,nominal,2.0NRT,292.88,1.14,N
24.16057,82.56489,323.92,0.52,0.42,2026-09-04,2027,N21,nominal,2.0NRT,283.64,3.75,N
15.16758,76.38126,311.8,0.39,0.36,2026-09-04,2032,N21,nominal,2.0NRT,292.91,1.68,N
25.38899,68.58163,320.01,0.36,0.57,2026-09-04,2027,N21,nominal,2.0NRT,293.08,2.02,N
13.71096,79.62003,306.03,0.52,0.41,2026-09-04,2032,N21,nominal,2.0NRT,292.14,3.33,N
13.8985,76.56481,311.93,0.39,0.36,2026-09-04,2032,N21,nominal,2.0NRT,292.49,1.16,N
25.38896,68.58175,319.29,0.36,0.57,2026-09-04,2027,N21,nominal,2.0NRT,293.33,2.37,N
12.71426,76.89852,307.39,0.4,0.37,2026-09-04,2032,N21,nominal,2.0NRT,290.9,0.68,N
22.57533,85.8947,305.86,0.59,0.53,2026-09-04,2027,N21,nominal,2.0NRT,288.27,4.22,N
12.02063,76.65154,304.14,0.4,0.37,2026-09-04,2032,N21,nominal,2.0NRT,288.89,0.8,N
22.57509,85.89431,304.68,0.59,0.53,2026-09-04,2027,N21,nominal,2.0NRT,288.37,2.35,N
11.81028,77.91938,314.3,0.45,0.39,2026-09-04,2032,N21,nominal,2.0NRT,292.58,3.31,N
22.57397,85.89982,308.57,0.59,0.53,2026-09-04,2027,N21,nominal,2.0NRT,287.86,2.35,N
11.80959,77.92345,311.3,0.45,0.39,2026-09-04,2032,N21,nominal,2.0NRT,293.37,3.31,N
22.13197,85.41842,301.85,0.56,0.51,2026-09-04,2027,N21,nominal,2.0NRT,288.79,1.28,N
12.01868,76.65131,303.06,0.4,0.37,2026-09-04,2032,N21,nominal,2.0NRT,288.79,0.73,N
22.20785,84.86195,304.89,0.51,0.5,2026-09-04,2027,N21,nominal,2.0NRT,289.96,1.54,N
11.81003,77.92034,318.11,0.45,0.39,2026-09-04,2032,N21,nominal,2.0NRT,292.86,3.41,N
22.20184,84.84525,302.87,0.51,0.5,2026-09-04,2027,N21,nominal,2.0NRT,289.34,0.7,N
11.80936,77.92444,308.01,0.45,0.39,2026-09-04,2032,N21,nominal,2.0NRT,293.29,3.41,N
22.05206,85.46372,302.45,0.56,0.52,2026-09-04,2027,N21,nominal,2.0NRT,288.64,1.51,N
11.2685,80.00368,331.73,0.39,0.44,2026-09-04,2032,N21,nominal,2.0NRT,291.25,4.56,N
21.93093,85.22124,303.45,0.55,0.51,2026-09-04,2027,N21,nominal,2.0NRT,289.3,1.05,N
11.5186,77.70729,303.15,0.44,0.38,2026-09-04,2032,N21,nominal,2.0NRT,284.04,1.48,N
21.92527,85.22544,309.87,0.55,0.51,2026-09-04,2027,N21,nominal,2.0NRT,289.84,3.27,N
11.51788,77.70787,308.15,0.44,0.39,2026-09-04,2032,N21,nominal,2.0NRT,283.35,1.62,N
22.3314,82.60392,309.28,0.56,0.43,2026-09-04,2027,N21,nominal,2.0NRT,289.68,2.16,N
10.92628,78.4984,314.41,0.49,0.4,2026-09-04,2032,N21,nominal,2.0NRT,291.57,4.48,N
22.32191,82.54604,304.5,0.56,0.43,2026-09-04,2027,N21,nominal,2.0NRT,290.31,1.97,N
22.31894,82.56203,312.8,0.56,0.43,2026-09-04,2027,N21,nominal,2.0NRT,290.8,1.84,N
10.61504,77.50061,309.05,0.44,0.39,2026-09-04,2032,N21,nominal,2.0NRT,292.05,1.42,N
22.31794,82.56736,304.53,0.56,0.43,2026-09-04,2027,N21,nominal,2.0NRT,290.54,1.84,N
9.71209,80.08627,306.74,0.42,0.45,2026-09-04,2032,N21,nominal,2.0NRT,291.97,2.35,N
22.35892,82.30322,331.58,0.54,0.42,2026-09-04,2027,N21,nominal,2.0NRT,290.81,6.61,N
9.80522,77.56261,315.54,0.45,0.39,2026-09-04,2032,N21,nominal,2.0NRT,292.58,2.07,N
9.97884,76.37681,302.32,0.41,0.37,2026-09-04,2032,N21,nominal,2.0NRT,286.96,1.63,N
22.31613,82.53371,305.5,0.56,0.43,2026-09-04,2027,N21,nominal,2.0NRT,290.1,1.92,N
22.35509,82.3024,316.81,0.54,0.42,2026-09-04,2027,N21,nominal,2.0NRT,290.45,2.63,N
6.83037,81.32511,306.21,0.57,0.52,2026-09-04,2034,N21,nominal,2.0NRT,289.64,2.26,N
22.31225,82.53288,305,0.56,0.43,2026-09-04,2027,N21,nominal,2.0NRT,289.74,2.46,N
6.74468,81.16464,307.26,0.55,0.51,2026-09-04,2034,N21,nominal,2.0NRT,290.04,2.57,N
22.01428,83.75243,298.04,0.44,0.46,2026-09-04,2027,N21,nominal,2.0NRT,286.23,2.24,N
6.5537,80.76502,311.97,0.52,0.5,2026-09-04,2034,N21,nominal,2.0NRT,289.75,2.49,N
22.03922,83.35251,315.74,0.42,0.45,2026-09-04,2027,N21,nominal,2.0NRT,290.65,2.58,N
6.55232,80.76828,316.15,0.52,0.5,2026-09-04,2034,N21,nominal,2.0NRT,290.03,1.97,N
22.03358,83.35964,304.65,0.42,0.45,2026-09-04,2027,N21,nominal,2.0NRT,290.11,1.01,N
22.0328,83.36366,305.03,0.42,0.45,2026-09-04,2027,N21,nominal,2.0NRT,290.02,1.01,N
21.98263,83.23072,306.36,0.41,0.45,2026-09-04,2027,N21,nominal,2.0NRT,290.26,1.56,N
21.92734,83.34194,303.6,0.42,0.45,2026-09-04,2027,N21,nominal,2.0NRT,290.16,2.46,N
21.92171,83.349,322.13,0.42,0.45,2026-09-04,2027,N21,nominal,2.0NRT,291.46,3.42,N
21.92094,83.35299,315.44,0.42,0.45,2026-09-04,2027,N21,nominal,2.0NRT,291.29,3.35,N
21.87757,83.55456,312.13,0.43,0.46,2026-09-04,2027,N21,nominal,2.0NRT,290.4,2.9,N
21.87629,83.49454,311.43,0.43,0.46,2026-09-04,2029,N21,nominal,2.0NRT,290.43,2.1,N
22.0062,82.6703,306.37,0.57,0.43,2026-09-04,2029,N21,nominal,2.0NRT,290.25,1.43,N
22.00226,82.66946,307.87,0.57,0.43,2026-09-04,2029,N21,nominal,2.0NRT,290.92,1.59,N
22.00347,82.66862,313.1,0.57,0.43,2026-09-04,2029,N21,nominal,2.0NRT,290.67,2.46,N
21.77244,83.82623,303.05,0.45,0.47,2026-09-04,2029,N21,nominal,2.0NRT,289.73,1.97,N
21.76404,83.84689,318.39,0.45,0.47,2026-09-04,2029,N21,nominal,2.0NRT,290.3,3.72,N
21.76321,83.85123,312.58,0.45,0.47,2026-09-04,2029,N21,nominal,2.0NRT,290.52,3.72,N
21.75558,83.84492,333.98,0.45,0.47,2026-09-04,2029,N21,nominal,2.0NRT,291.52,7.95,N
21.75642,83.84061,305.63,0.45,0.47,2026-09-04,2029,N21,nominal,2.0NRT,290.07,4.64,N
21.75135,83.84393,314.33,0.45,0.47,2026-09-04,2029,N21,nominal,2.0NRT,290.11,9.07,N
21.74713,83.84291,342.75,0.45,0.47,2026-09-04,2029,N21,nominal,2.0NRT,292.71,9.07,N
21.7429,83.84189,330.29,0.45,0.47,2026-09-04,2029,N21,nominal,2.0NRT,291.46,3.9,N
21.73868,83.84087,309.6,0.45,0.47,2026-09-04,2029,N21,nominal,2.0NRT,290.71,3.9,N
21.98617,82.01387,303.96,0.53,0.42,2026-09-04,2029,N21,nominal,2.0NRT,290.08,0.73,N
21.00091,86.02672,308.82,0.32,0.55,2026-09-04,2029,N21,nominal,2.0NRT,289.19,0.6,N
20.9651,86.04973,307.44,0.32,0.55,2026-09-04,2029,N21,nominal,2.0NRT,289.03,0.81,N
20.96774,86.01222,338.76,0.32,0.55,2026-09-04,2029,N21,nominal,2.0NRT,290,2.3,N
20.96962,86.00316,310.51,0.32,0.55,2026-09-04,2029,N21,nominal,2.0NRT,290.04,1.1,N
20.96836,86.00922,306.03,0.32,0.55,2026-09-04,2029,N21,nominal,2.0NRT,289.77,2.99,N
20.9671,86.01527,307.59,0.32,0.55,2026-09-04,2029,N21,nominal,2.0NRT,289.68,2.3,N
20.96346,86.00796,327.6,0.32,0.55,2026-09-04,2029,N21,nominal,2.0NRT,289.61,2.99,N
20.96283,86.01097,320.67,0.32,0.55,2026-09-04,2029,N21,nominal,2.0NRT,289.55,2.3,N
20.96473,86.00188,308.9,0.32,0.55,2026-09-04,2029,N21,nominal,2.0NRT,289.39,1.1,N
20.9622,86.01398,305.74,0.32,0.55,2026-09-04,2029,N21,nominal,2.0NRT,288.95,2.3,N
20.95031,86.0461,324.25,0.32,0.55,2026-09-04,2029,N21,nominal,2.0NRT,289.36,2.95,N
20.94966,86.04922,320.98,0.32,0.55,2026-09-04,2029,N21,nominal,2.0NRT,289.44,2.95,N
20.95094,86.04309,315.02,0.32,0.55,2026-09-04,2029,N21,nominal,2.0NRT,289.18,2.49,N
20.97813,85.16908,310.85,0.57,0.52,2026-09-04,2029,N21,nominal,2.0NRT,289.37,2.28,N
20.98007,85.13609,307.52,0.56,0.52,2026-09-04,2029,N21,nominal,2.0NRT,289.85,4.86,N
20.97238,85.17323,314.51,0.57,0.52,2026-09-04,2029,N21,nominal,2.0NRT,289.58,4.25,N
20.96772,85.17207,333.32,0.57,0.52,2026-09-04,2029,N21,nominal,2.0NRT,290.06,4.25,N
20.9644,85.1881,323.33,0.57,0.52,2026-09-04,2029,N21,nominal,2.0NRT,289.61,3.3,N
20.96663,85.17735,310.74,0.57,0.52,2026-09-04,2029,N21,nominal,2.0NRT,289.47,4.25,N
20.96552,85.1827,306.53,0.57,0.52,2026-09-04,2029,N21,nominal,2.0NRT,289.2,3.3,N
20.96747,85.14973,315.34,0.57,0.52,2026-09-04,2029,N21,nominal,2.0NRT,289.71,2.82,N
20.96636,85.15505,307.32,0.57,0.52,2026-09-04,2029,N21,nominal,2.0NRT,289.58,2.82,N
20.96416,85.16563,316.66,0.57,0.52,2026-09-04,2029,N21,nominal,2.0NRT,290.01,4.38,N
20.96306,85.17092,313.02,0.57,0.52,2026-09-04,2029,N21,nominal,2.0NRT,289.75,4.84,N
20.96085,85.18159,306.72,0.57,0.52,2026-09-04,2029,N21,nominal,2.0NRT,289.53,1.64,N
20.95973,85.18695,306.14,0.57,0.52,2026-09-04,2029,N21,nominal,2.0NRT,289.44,1.64,N
20.97641,85.16805,308.18,0.57,0.52,2026-09-04,2029,N21,nominal,2.0NRT,289.4,2.12,N
20.97535,85.17338,310.2,0.57,0.52,2026-09-04,2029,N21,nominal,2.0NRT,289.27,2.12,N
20.97069,85.1722,333.21,0.57,0.52,2026-09-04,2029,N21,nominal,2.0NRT,289.91,3.09,N
20.97812,85.13499,313.58,0.56,0.52,2026-09-04,2029,N21,nominal,2.0NRT,290.18,3.61,N
20.96963,85.17749,311.51,0.57,0.52,2026-09-04,2029,N21,nominal,2.0NRT,289.05,2.58,N
20.96282,85.1871,326.7,0.57,0.52,2026-09-04,2029,N21,nominal,2.0NRT,289.69,7.21,N
20.97029,85.14977,307.59,0.57,0.52,2026-09-04,2029,N21,nominal,2.0NRT,289.64,3.65,N
20.96922,85.15513,319.73,0.57,0.52,2026-09-04,2029,N21,nominal,2.0NRT,289.64,3.89,N
20.96709,85.16577,307.01,0.57,0.52,2026-09-04,2029,N21,nominal,2.0NRT,289.6,3.09,N
20.96603,85.17105,304.31,0.57,0.52,2026-09-04,2029,N21,nominal,2.0NRT,289.46,3.09,N
20.96497,85.17637,304.65,0.57,0.52,2026-09-04,2029,N21,nominal,2.0NRT,289.37,2.58,N
20.9639,85.18172,310.79,0.57,0.52,2026-09-04,2029,N21,nominal,2.0NRT,289.41,2.58,N
20.96244,85.16457,311.63,0.57,0.52,2026-09-04,2029,N21,nominal,2.0NRT,289.83,2.34,N
20.96137,85.16988,313.46,0.57,0.52,2026-09-04,2029,N21,nominal,2.0NRT,289.65,2.34,N
20.95401,85.01299,305.31,0.55,0.51,2026-09-04,2029,N21,nominal,2.0NRT,289.97,2.11,N
20.88799,84.98059,309.58,0.55,0.51,2026-09-04,2029,N21,nominal,2.0NRT,289.88,3.23,N
20.89007,84.97992,305.71,0.55,0.51,2026-09-04,2029,N21,nominal,2.0NRT,289.61,1.65,N
20.88442,84.98401,312.42,0.55,0.51,2026-09-04,2029,N21,nominal,2.0NRT,290.17,2.55,N
20.86384,84.99004,330.69,0.55,0.51,2026-09-04,2029,N21,nominal,2.0NRT,290.64,4.5,N
20.86278,84.99536,311.65,0.56,0.51,2026-09-04,2029,N21,nominal,2.0NRT,289.97,4.5,N
20.80516,85.25643,312.49,0.58,0.52,2026-09-04,2029,N21,nominal,2.0NRT,289.8,3.49,N
20.79577,85.25407,330.6,0.58,0.52,2026-09-04,2029,N21,nominal,2.0NRT,289.28,3.93,N
20.79106,85.25298,309.51,0.58,0.52,2026-09-04,2029,N21,nominal,2.0NRT,289.59,3.93,N
20.78993,85.25848,306.07,0.58,0.52,2026-09-04,2029,N21,nominal,2.0NRT,289.63,3.93,N
20.7841,85.26288,305.23,0.58,0.52,2026-09-04,2029,N21,nominal,2.0NRT,289.57,2.22,N
20.75744,85.29634,305.19,0.58,0.52,2026-09-04,2029,N21,nominal,2.0NRT,289.33,2.46,N
22.93105,69.69788,309.78,0.57,0.52,2026-09-04,2029,N21,nominal,2.0NRT,292.98,4.33,N
22.26482,75.1333,300.77,0.42,0.38,2026-09-04,2029,N21,nominal,2.0NRT,281.44,0.87,N
22.93502,69.69705,306.21,0.57,0.52,2026-09-04,2029,N21,nominal,2.0NRT,292.3,4.7,N
21.18247,81.38527,312.06,0.5,0.41,2026-09-04,2029,N21,nominal,2.0NRT,283.93,3.59,N
21.33749,78.96925,311,0.4,0.37,2026-09-04,2029,N21,nominal,2.0NRT,283.93,2.07,N
22.41646,69.03892,304.38,0.62,0.54,2026-09-04,2029,N21,nominal,2.0NRT,291.66,2.29,N
21.43282,72.97475,306.16,0.52,0.41,2026-09-04,2029,N21,nominal,2.0NRT,291.24,2.19,N
39.86413,98.25253,296.58,0.56,0.69,2026-09-04,2023,N21,nominal,2.0NRT,286.22,1.38,N
39.85808,98.25551,296.22,0.56,0.69,2026-09-04,2023,N21,nominal,2.0NRT,284.89,2.09,N
39.83892,98.27361,301.37,0.57,0.69,2026-09-04,2023,N21,nominal,2.0NRT,285.48,1.82,N
39.80994,98.30132,303.26,0.57,0.69,2026-09-04,2023,N21,nominal,2.0NRT,288.68,2.32,N
18.01289,54.57278,337.1,0.47,0.4,2026-09-04,2212,N21,nominal,2.0NRT,299.69,16.41,N
38.24665,64.43681,295.33,0.46,0.47,2026-09-04,2205,N21,nominal,2.0NRT,284.2,0.84,N
38.24757,64.44123,295.84,0.46,0.47,2026-09-04,2205,N21,nominal,2.0NRT,285.22,0.59,N
38.13063,64.67625,306.69,0.47,0.48,2026-09-04,2205,N21,nominal,2.0NRT,285.63,1.3,N
38.118,64.71125,297.68,0.48,0.48,2026-09-04,2205,N21,nominal,2.0NRT,284.79,0.75,N
38.05507,64.88326,301.88,0.49,0.48,2026-09-04,2205,N21,nominal,2.0NRT,286.49,1.17,N
37.6638,65.2861,298.08,0.52,0.5,2026-09-04,2205,N21,nominal,2.0NRT,285.16,0.68,N
39.50998,54.32682,312.38,0.42,0.38,2026-09-04,2205,N21,nominal,2.0NRT,296.62,1.56,N
38.14784,61.23053,329.53,0.49,0.4,2026-09-04,2205,N21,nominal,2.0NRT,285.62,2.87,N
38.14436,61.23328,326.25,0.49,0.4,2026-09-04,2205,N21,nominal,2.0NRT,288.4,2.23,N
38.14542,61.22783,296.21,0.49,0.4,2026-09-04,2205,N21,nominal,2.0NRT,284.8,2.23,N
37.98427,61.88257,296.66,0.52,0.42,2026-09-04,2205,N21,nominal,2.0NRT,285.82,1.3,N
37.79797,62.54889,314.26,0.57,0.43,2026-09-04,2205,N21,nominal,2.0NRT,285.52,2.21,N
37.78772,62.53873,309.73,0.57,0.43,2026-09-04,2205,N21,nominal,2.0NRT,285.17,2.12,N
37.88823,62.01992,302.36,0.53,0.42,2026-09-04,2205,N21,nominal,2.0NRT,285.6,1.07,N
37.78266,62.52365,296.82,0.57,0.43,2026-09-04,2205,N21,nominal,2.0NRT,283.67,0.85,N
37.88491,62.02465,299.32,0.53,0.42,2026-09-04,2205,N21,nominal,2.0NRT,285.58,1.64,N
37.77602,62.02666,297.9,0.54,0.42,2026-09-04,2205,N21,nominal,2.0NRT,284.03,0.52,N
38.6744,57.06497,299.75,0.38,0.36,2026-09-04,2205,N21,nominal,2.0NRT,289.1,0.67,N
37.74234,62.13021,298.9,0.54,0.42,2026-09-04,2205,N21,nominal,2.0NRT,284.69,1.29,N
37.77765,62.02719,298.07,0.54,0.42,2026-09-04,2205,N21,nominal,2.0NRT,284.63,0.75,N
37.74454,62.13103,299.24,0.54,0.42,2026-09-04,2205,N21,nominal,2.0NRT,284.33,1.14,N
37.72793,62.09352,313.28,0.54,0.42,2026-09-04,2205,N21,nominal,2.0NRT,285.76,1.73,N
37.74859,61.85433,296,0.53,0.42,2026-09-04,2205,N21,nominal,2.0NRT,282.9,0.6,N
37.67033,62.23557,309.25,0.55,0.43,2026-09-04,2205,N21,nominal,2.0NRT,284.52,1.82,N
37.66145,62.23912,302,0.55,0.43,2026-09-04,2205,N21,nominal,2.0NRT,284.51,1.21,N
38.53673,57.47309,299.37,0.39,0.36,2026-09-04,2205,N21,nominal,2.0NRT,284,0.61,N
38.53601,57.47747,298.66,0.39,0.36,2026-09-04,2205,N21,nominal,2.0NRT,284.44,0.61,N
37.79341,61.49633,301.47,0.51,0.41,2026-09-04,2205,N21,nominal,2.0NRT,285.2,1.38,N
37.63984,62.20597,299.07,0.55,0.43,2026-09-04,2205,N21,nominal,2.0NRT,283.61,0.75,N
37.62588,62.21431,307.8,0.55,0.43,2026-09-04,2205,N21,nominal,2.0NRT,286.08,1.89,N
37.62715,62.16938,304.29,0.55,0.43,2026-09-04,2205,N21,nominal,2.0NRT,283.71,2.43,N
37.62932,62.2137,296.48,0.55,0.43,2026-09-04,2205,N21,nominal,2.0NRT,286.21,1,N
37.62551,62.21243,301.35,0.55,0.43,2026-09-04,2205,N21,nominal,2.0NRT,285.82,1,N
37.62656,62.16739,305.58,0.55,0.43,2026-09-04,2205,N21,nominal,2.0NRT,284.7,0.54,N
37.62255,62.12738,300.28,0.55,0.42,2026-09-04,2205,N21,nominal,2.0NRT,286.56,1.16,N
37.62009,62.13944,318.44,0.55,0.42,2026-09-04,2205,N21,nominal,2.0NRT,287.49,3.91,N
37.65483,61.90922,310.51,0.53,0.42,2026-09-04,2205,N21,nominal,2.0NRT,286.91,1.73,N
38.25587,58.39286,302.96,0.4,0.37,2026-09-04,2205,N21,nominal,2.0NRT,292.54,1.97,N
37.55515,61.93338,298.81,0.54,0.42,2026-09-04,2205,N21,nominal,2.0NRT,285.34,0.98,N
37.61519,61.57533,304.97,0.52,0.41,2026-09-04,2205,N21,nominal,2.0NRT,285.62,2.51,N
37.60949,61.60388,315.87,0.52,0.41,2026-09-04,2205,N21,nominal,2.0NRT,291.13,2.55,N
37.60834,61.6096,295.72,0.52,0.41,2026-09-04,2205,N21,nominal,2.0NRT,284.74,1.39,N
37.60778,61.57294,298.74,0.52,0.41,2026-09-04,2205,N21,nominal,2.0NRT,285.25,1.28,N
37.59525,61.55679,296.11,0.52,0.41,2026-09-04,2205,N21,nominal,2.0NRT,284.2,1.05,N
37.5904,61.56129,303.26,0.52,0.41,2026-09-04,2205,N21,nominal,2.0NRT,285.31,1.05,N
37.59356,61.52598,301.64,0.51,0.41,2026-09-04,2205,N21,nominal,2.0NRT,286.4,1.3,N
37.59241,61.53166,297.86,0.51,0.41,2026-09-04,2205,N21,nominal,2.0NRT,283.95,1.51,N
37.42496,62.30987,301.93,0.56,0.43,2026-09-04,2205,N21,nominal,2.0NRT,282.79,1.76,N
37.47905,62.00998,296.27,0.54,0.42,2026-09-04,2205,N21,nominal,2.0NRT,284.57,0.89,N
37.48142,61.97893,295.84,0.54,0.42,2026-09-04,2205,N21,nominal,2.0NRT,283.2,0.56,N
37.80475,60.33036,296.52,0.46,0.39,2026-09-04,2205,N21,nominal,2.0NRT,285.24,0.81,N
38.22236,57.98521,300.73,0.39,0.36,2026-09-04,2205,N21,nominal,2.0NRT,286.73,0.54,N
38.21832,57.98874,310.25,0.39,0.36,2026-09-04,2205,N21,nominal,2.0NRT,288.62,1.26,N
38.14915,58.39437,302.27,0.4,0.37,2026-09-04,2205,N21,nominal,2.0NRT,289.41,1.31,N
37.49688,61.84523,314.72,0.53,0.42,2026-09-04,2205,N21,nominal,2.0NRT,289.93,2.3,N
37.49568,61.85111,308.96,0.53,0.42,2026-09-04,2205,N21,nominal,2.0NRT,287.27,2.3,N
38.19552,58.10313,308.41,0.39,0.37,2026-09-04,2205,N21,nominal,2.0NRT,286.37,0.53,N
38.26293,57.66,314.09,0.39,0.36,2026-09-04,2205,N21,nominal,2.0NRT,293.53,1.27,N
38.19389,58.05161,310.95,0.39,0.36,2026-09-04,2205,N21,nominal,2.0NRT,289.81,1.49,N
38.19059,58.0507,314.22,0.39,0.36,2026-09-04,2205,N21,nominal,2.0NRT,289.5,1.49,N
38.19199,57.9652,302.03,0.39,0.36,2026-09-04,2205,N21,nominal,2.0NRT,288.89,1.02,N
38.67889,54.31332,327.08,0.41,0.37,2026-09-04,2205,N21,nominal,2.0NRT,293.44,3.74,N
38.648,54.28233,330.07,0.41,0.37,2026-09-04,2205,N21,nominal,2.0NRT,295.93,6.12,N
37.62321,60.43863,297.94,0.46,0.39,2026-09-04,2205,N21,nominal,2.0NRT,285.09,0.66,N
37.51265,61.01404,296.46,0.49,0.4,2026-09-04,2205,N21,nominal,2.0NRT,284.69,0.87,N
37.63457,60.33915,304.18,0.46,0.39,2026-09-04,2205,N21,nominal,2.0NRT,286.48,1.31,N
37.63361,60.34425,296.22,0.46,0.39,2026-09-04,2205,N21,nominal,2.0NRT,285.2,0.77,N
37.50223,61.02805,309.82,0.49,0.4,2026-09-04,2205,N21,nominal,2.0NRT,286.2,1.16,N
37.94829,58.58834,302.43,0.4,0.37,2026-09-04,2205,N21,nominal,2.0NRT,285.91,0.91,N
37.61686,60.39325,300.13,0.46,0.39,2026-09-04,2205,N21,nominal,2.0NRT,285.75,0.47,N
37.94221,58.56287,311.17,0.4,0.37,2026-09-04,2205,N21,nominal,2.0NRT,289.86,1.72,N
37.47576,61.02551,295.2,0.49,0.4,2026-09-04,2205,N21,nominal,2.0NRT,284.86,0.41,N
37.40505,61.34306,301.27,0.51,0.41,2026-09-04,2205,N21,nominal,2.0NRT,284.49,1.16,N
37.51683,60.58146,308.45,0.47,0.4,2026-09-04,2205,N21,nominal,2.0NRT,283.19,0.83,N
37.34669,61.36033,298.59,0.51,0.41,2026-09-04,2205,N21,nominal,2.0NRT,283.21,0.95,N
37.34865,61.36643,299.05,0.51,0.41,2026-09-04,2205,N21,nominal,2.0NRT,283.98,1.82,N
37.11793,62.3662,324.14,0.57,0.43,2026-09-04,2205,N21,nominal,2.0NRT,285.18,7.09,N
38.51024,54.21343,303.05,0.41,0.37,2026-09-04,2205,N21,nominal,2.0NRT,287.42,0.61,N
37.11406,62.36491,307.38,0.57,0.43,2026-09-04,2205,N21,nominal,2.0NRT,285.85,3.12,N
37.48611,60.46115,300.71,0.47,0.39,2026-09-04,2205,N21,nominal,2.0NRT,283.97,1.17,N
37.82877,58.38225,311.77,0.4,0.37,2026-09-04,2205,N21,nominal,2.0NRT,288.54,1.46,N
37.32478,61.09328,299.88,0.5,0.41,2026-09-04,2205,N21,nominal,2.0NRT,284.48,0.89,N
37.03283,62.41526,316.64,0.39,0.44,2026-09-04,2205,N21,nominal,2.0NRT,288.72,2.23,N
37.03194,62.41947,319.4,0.39,0.44,2026-09-04,2205,N21,nominal,2.0NRT,289.14,4.34,N
37.00842,60.62994,320.37,0.48,0.4,2026-09-04,2205,N21,nominal,2.0NRT,284.7,2.7,N
37.00739,60.63523,304.25,0.48,0.4,2026-09-04,2205,N21,nominal,2.0NRT,284.9,1.64,N
37.00481,60.62884,315.66,0.48,0.4,2026-09-04,2205,N21,nominal,2.0NRT,284.88,1.58,N
37.00122,60.62774,304.31,0.48,0.4,2026-09-04,2205,N21,nominal,2.0NRT,284.44,1.58,N
36.99762,60.62664,322.5,0.48,0.4,2026-09-04,2205,N21,nominal,2.0NRT,285.26,3.27,N
37.45352,57.6879,306.72,0.39,0.36,2026-09-04,2205,N21,nominal,2.0NRT,288.41,1.28,N
37.34076,58.04841,303.53,0.4,0.37,2026-09-04,2205,N21,nominal,2.0NRT,289.06,1.5,N
36.47563,61.6218,303,0.54,0.42,2026-09-04,2205,N21,nominal,2.0NRT,285.45,1.86,N
36.53796,60.7972,330.1,0.5,0.41,2026-09-04,2205,N21,nominal,2.0NRT,287.77,12.46,N
36.53478,60.81342,296.77,0.5,0.41,2026-09-04,2205,N21,nominal,2.0NRT,285.24,0.51,N
36.4383,61.22059,308.27,0.52,0.42,2026-09-04,2205,N21,nominal,2.0NRT,287.85,1.03,N
36.46187,60.84848,299.45,0.5,0.41,2026-09-04,2205,N21,nominal,2.0NRT,286.93,1.34,N
36.46402,60.84822,302.18,0.5,0.41,2026-09-04,2205,N21,nominal,2.0NRT,288.22,0.89,N
36.47843,59.74372,297.16,0.45,0.39,2026-09-04,2205,N21,nominal,2.0NRT,286.43,0.98,N
36.4955,59.3352,313.37,0.44,0.38,2026-09-04,2205,N21,nominal,2.0NRT,285.35,1.46,N
36.99104,56.23347,303.78,0.38,0.36,2026-09-04,2205,N21,nominal,2.0NRT,285.7,1.13,N
36.22281,60.59617,300.1,0.49,0.41,2026-09-04,2205,N21,nominal,2.0NRT,283.56,0.63,N
36.27208,59.64932,303.71,0.45,0.39,2026-09-04,2205,N21,nominal,2.0NRT,287.8,0.56,N
36.23767,59.73334,298.77,0.46,0.39,2026-09-04,2205,N21,nominal,2.0NRT,285.66,1.29,N
36.34449,58.67729,325.4,0.42,0.38,2026-09-04,2205,N21,nominal,2.0NRT,289.85,3.13,N
36.33595,58.66544,313.81,0.42,0.38,2026-09-04,2205,N21,nominal,2.0NRT,287.45,1.79,N
36.9439,54.89025,321.94,0.39,0.36,2026-09-04,2205,N21,nominal,2.0NRT,293.89,1.75,N
36.94453,54.88587,312.09,0.39,0.36,2026-09-04,2205,N21,nominal,2.0NRT,293.2,1.75,N
36.28081,58.77764,300.69,0.42,0.38,2026-09-04,2205,N21,nominal,2.0NRT,289.21,0.91,N
36.24429,57.38026,301.73,0.39,0.36,2026-09-04,2205,N21,nominal,2.0NRT,291.22,0.49,N
36.4801,54.90031,301.52,0.39,0.36,2026-09-04,2205,N21,nominal,2.0NRT,289.16,0.91,N
36.32671,54.6177,301.04,0.39,0.36,2026-09-04,2208,N21,nominal,2.0NRT,290.96,0.59,N
36.29582,54.78473,304.22,0.39,0.36,2026-09-04,2208,N21,nominal,2.0NRT,289.95,0.74,N
35.35358,60.21644,299.33,0.49,0.4,2026-09-04,2208,N21,nominal,2.0NRT,283.97,1.06,N
36.35398,54.1193,302.32,0.4,0.37,2026-09-04,2208,N21,nominal,2.0NRT,287.07,0.69,N
36.32057,54.18524,300.14,0.4,0.37,2026-09-04,2208,N21,nominal,2.0NRT,286.23,0.66,N
35.36735,59.3049,304.71,0.45,0.39,2026-09-04,2208,N21,nominal,2.0NRT,286.07,1.4,N
35.13684,57.81063,298.82,0.41,0.37,2026-09-04,2208,N21,nominal,2.0NRT,287.76,0.53,N
34.3662,60.25358,301.84,0.51,0.41,2026-09-04,2208,N21,nominal,2.0NRT,288.7,0.62,N
33.75297,59.14904,310.12,0.47,0.4,2026-09-04,2208,N21,nominal,2.0NRT,285.26,1.02,N
32.92183,60.23404,301.42,0.54,0.42,2026-09-04,2208,N21,nominal,2.0NRT,287.65,1.2,N
33.04019,56.84856,320.08,0.4,0.37,2026-09-04,2208,N21,nominal,2.0NRT,296.57,2.02,N
32.33603,54.08702,307.35,0.39,0.36,2026-09-04,2208,N21,nominal,2.0NRT,292.13,1.44,N
31.9601,54.07527,304.79,0.39,0.36,2026-09-04,2208,N21,nominal,2.0NRT,293.3,1.11,N
31.95474,54.06583,309.1,0.39,0.36,2026-09-04,2208,N21,nominal,2.0NRT,294.91,1.17,N
31.94071,54.04629,317.38,0.39,0.36,2026-09-04,2208,N21,nominal,2.0NRT,294.17,1.3,N
31.93803,54.04158,310.53,0.39,0.36,2026-09-04,2208,N21,nominal,2.0NRT,295.45,1.3,N
31.86934,54.44448,306.02,0.38,0.36,2026-09-04,2208,N21,nominal,2.0NRT,292.9,0.86,N
31.92569,54.05299,306.95,0.39,0.36,2026-09-04,2208,N21,nominal,2.0NRT,295.31,0.91,N
31.89361,54.24199,303.63,0.39,0.36,2026-09-04,2208,N21,nominal,2.0NRT,291.12,0.31,N
31.70418,55.4474,307.72,0.39,0.36,2026-09-04,2208,N21,nominal,2.0NRT,297.44,1.42,N
31.62207,54.72432,307.28,0.38,0.36,2026-09-04,2208,N21,nominal,2.0NRT,295.1,1.07,N
39.85415,66.20213,297.37,0.52,0.5,2026-09-04,2205,N21,nominal,2.0NRT,287.06,1.14,N
39.85299,66.2013,298.8,0.52,0.5,2026-09-04,2205,N21,nominal,2.0NRT,287.9,0.91,N
38.65102,68.77289,299.95,0.38,0.58,2026-09-04,2205,N21,nominal,2.0NRT,288.4,0.83,N
39.89995,63.05849,309.32,0.55,0.42,2026-09-04,2205,N21,nominal,2.0NRT,285.14,1.99,N
39.89864,63.06469,305.92,0.55,0.42,2026-09-04,2205,N21,nominal,2.0NRT,285,1.97,N
30.96943,56.45237,302.45,0.41,0.37,2026-09-04,2208,N21,nominal,2.0NRT,292.22,0.76,N
39.49645,64.69416,313.58,0.44,0.46,2026-09-04,2205,N21,nominal,2.0NRT,287.97,1.3,N
38.39695,69.1153,301,0.4,0.6,2026-09-04,2205,N21,nominal,2.0NRT,287.8,0.81,N
39.80779,63.04575,326.49,0.55,0.42,2026-09-04,2205,N21,nominal,2.0NRT,284.76,4.46,N
39.18364,65.3134,300.06,0.48,0.48,2026-09-04,2205,N21,nominal,2.0NRT,287.73,0.81,N
39.14444,64.27284,297.49,0.43,0.46,2026-09-04,2205,N21,nominal,2.0NRT,285.36,0.35,N
38.68265,65.9883,302.22,0.54,0.51,2026-09-04,2205,N21,nominal,2.0NRT,286.95,1.44,N
38.68276,65.98909,305.82,0.54,0.51,2026-09-04,2205,N21,nominal,2.0NRT,287.06,1.34,N
39.27666,63.08454,297.64,0.56,0.43,2026-09-04,2205,N21,nominal,2.0NRT,285.77,0.57,N
39.24974,63.21203,307.42,0.57,0.43,2026-09-04,2205,N21,nominal,2.0NRT,287.63,2.03,N
39.2033,63.25434,306.18,0.38,0.43,2026-09-04,2205,N21,nominal,2.0NRT,287,1.2,N
39.15741,63.4675,302.35,0.39,0.44,2026-09-04,2205,N21,nominal,2.0NRT,286.41,1.23,N
39.19296,63.28311,296.4,0.38,0.43,2026-09-04,2205,N21,nominal,2.0NRT,285.95,0.71,N
39.17806,63.35238,306.84,0.39,0.44,2026-09-04,2205,N21,nominal,2.0NRT,287.35,0.62,N
39.00712,64.09255,309.57,0.42,0.45,2026-09-04,2205,N21,nominal,2.0NRT,286.06,1.61,N
31.09294,55.17317,299.57,0.39,0.36,2026-09-04,2208,N21,nominal,2.0NRT,288.44,0.41,N
39.1772,63.22081,298.89,0.57,0.43,2026-09-04,2205,N21,nominal,2.0NRT,286.29,0.77,N
39.17157,63.2734,306.07,0.38,0.44,2026-09-04,2205,N21,nominal,2.0NRT,286.24,1.02,N
39.17832,63.22141,298.43,0.57,0.43,2026-09-04,2205,N21,nominal,2.0NRT,286.35,1.05,N
39.12711,63.46419,297.36,0.39,0.44,2026-09-04,2205,N21,nominal,2.0NRT,285.24,0.47,N
39.16744,63.25337,309.37,0.38,0.43,2026-09-04,2205,N21,nominal,2.0NRT,287.74,1.21,N
39.15377,63.3183,304.12,0.39,0.44,2026-09-04,2205,N21,nominal,2.0NRT,286.54,1.08,N
30.75466,56.65517,310.04,0.41,0.37,2026-09-04,2208,N21,nominal,2.0NRT,294.81,2,N
39.16175,63.26062,299.43,0.38,0.43,2026-09-04,2205,N21,nominal,2.0NRT,286.91,0.77,N
30.75392,56.6594,309.72,0.41,0.37,2026-09-04,2208,N21,nominal,2.0NRT,293.2,1.42,N
39.12862,63.41735,317.71,0.39,0.44,2026-09-04,2205,N21,nominal,2.0NRT,287.14,1.34,N
39.97268,58.93384,326.43,0.4,0.37,2026-09-04,2205,N21,nominal,2.0NRT,289.29,4,N
30.66491,56.6226,313.43,0.41,0.37,2026-09-04,2208,N21,nominal,2.0NRT,291.83,1,N
39.12656,63.30859,301.72,0.39,0.44,2026-09-04,2205,N21,nominal,2.0NRT,286.11,0.63,N
39.11619,63.33764,314.17,0.39,0.44,2026-09-04,2205,N21,nominal,2.0NRT,287.38,2.22,N
30.73382,55.38813,309.01,0.39,0.36,2026-09-04,2208,N21,nominal,2.0NRT,291.72,1.08,N
39.01616,63.70382,297.27,0.41,0.45,2026-09-04,2205,N21,nominal,2.0NRT,286.6,0.34,N
38.98547,63.5875,301.99,0.4,0.44,2026-09-04,2205,N21,nominal,2.0NRT,288.72,0.84,N
38.96321,63.69142,295.96,0.41,0.45,2026-09-04,2205,N21,nominal,2.0NRT,285.8,0.87,N
38.97297,63.46763,302.56,0.4,0.44,2026-09-04,2205,N21,nominal,2.0NRT,287.42,1.09,N
38.66569,64.77489,303.8,0.47,0.47,2026-09-04,2205,N21,nominal,2.0NRT,285.71,1.89,N
38.87167,63.79638,296.71,0.41,0.45,2026-09-04,2205,N21,nominal,2.0NRT,284.99,0.56,N
38.04941,67.26596,303.45,0.32,0.55,2026-09-04,2205,N21,nominal,2.0NRT,287.82,1.1,N
38.83654,63.81849,299.04,0.41,0.45,2026-09-04,2205,N21,nominal,2.0NRT,286.15,0.81,N
38.83357,63.81239,300.07,0.41,0.45,2026-09-04,2205,N21,nominal,2.0NRT,287.8,0.81,N
38.83781,63.8177,298.75,0.41,0.45,2026-09-04,2205,N21,nominal,2.0NRT,286.19,1.13,N
38.60408,64.75639,300.63,0.47,0.47,2026-09-04,2205,N21,nominal,2.0NRT,287.54,1.25,N
38.7865,63.91452,297.75,0.42,0.45,2026-09-04,2205,N21,nominal,2.0NRT,283.53,0.47,N
38.65201,63.98071,298.82,0.43,0.46,2026-09-04,2205,N21,nominal,2.0NRT,285.43,0.55,N
30.19229,57.15975,301.49,0.44,0.38,2026-09-04,2208,N21,nominal,2.0NRT,289.69,1.2,N
30.36787,56.12824,296.49,0.4,0.37,2026-09-04,2208,N21,nominal,2.0NRT,281.94,0.86,N
29.47524,60.8074,305.87,0.45,0.47,2026-09-04,2208,N21,nominal,2.0NRT,289.81,1.16,N
30.32162,55.972,311.6,0.4,0.37,2026-09-04,2208,N21,nominal,2.0NRT,290.33,0.6,N
29.92805,56.73268,300.72,0.42,0.38,2026-09-04,2208,N21,nominal,2.0NRT,287.12,0.5,N
30.08351,55.397,319.59,0.39,0.36,2026-09-04,2208,N21,nominal,2.0NRT,289.07,3.1,N
29.99107,55.84969,327.32,0.4,0.37,2026-09-04,2208,N21,nominal,2.0NRT,286.95,8.43,N
29.99037,55.85384,311.77,0.4,0.37,2026-09-04,2208,N21,nominal,2.0NRT,292.26,10.94,N
29.98442,55.84818,296.61,0.4,0.37,2026-09-04,2208,N21,nominal,2.0NRT,285.67,0.63,N
29.51392,55.79707,310.23,0.4,0.37,2026-09-04,2208,N21,nominal,2.0NRT,292.21,1.23,N
28.91266,58.55828,305.65,0.52,0.41,2026-09-04,2208,N21,nominal,2.0NRT,295.41,1.43,N
29.15241,55.36584,312.99,0.4,0.37,2026-09-04,2208,N21,nominal,2.0NRT,294.61,1.5,N
29.13314,55.3783,306.8,0.4,0.37,2026-09-04,2208,N21,nominal,2.0NRT,295.31,2.01,N
29.2008,54.48355,309.9,0.39,0.36,2026-09-04,2208,N21,nominal,2.0NRT,292.01,1.04,N
29.17281,54.61583,313.72,0.39,0.36,2026-09-04,2208,N21,nominal,2.0NRT,294.46,2.26,N
27.22932,60.49079,308.47,0.47,0.48,2026-09-04,2210,N21,nominal,2.0NRT,297.94,2.9,N
27.4207,56.49957,311.85,0.44,0.38,2026-09-04,2210,N21,nominal,2.0NRT,299.78,1,N
27.3028,56.3029,318.94,0.44,0.38,2026-09-04,2210,N21,nominal,2.0NRT,299.72,2.27,N
27.30128,56.30387,317.57,0.44,0.38,2026-09-04,2210,N21,nominal,2.0NRT,299.47,2.13,N
27.16684,56.09732,315.38,0.43,0.38,2026-09-04,2210,N21,nominal,2.0NRT,300.87,1.98,N
27.17089,56.05387,320.55,0.43,0.38,2026-09-04,2210,N21,nominal,2.0NRT,300.13,1.96,N
27.17014,56.05814,320.93,0.43,0.38,2026-09-04,2210,N21,nominal,2.0NRT,300.03,2.26,N
27.16745,56.05312,325.32,0.43,0.38,2026-09-04,2210,N21,nominal,2.0NRT,301.01,2.68,N
27.15919,56.10009,337.14,0.43,0.38,2026-09-04,2210,N21,nominal,2.0NRT,301.38,6.81,N
27.16294,56.07874,315.24,0.43,0.38,2026-09-04,2210,N21,nominal,2.0NRT,300.49,1.54,N
27.14313,56.10992,318.37,0.43,0.38,2026-09-04,2210,N21,nominal,2.0NRT,299.85,1.01,N
26.95611,55.54227,313.71,0.41,0.37,2026-09-04,2210,N21,nominal,2.0NRT,301.22,1.18,N
25.97456,56.0695,317.09,0.44,0.38,2026-09-04,2210,N21,nominal,2.0NRT,301.68,1.83,N
25.96758,56.06798,311.64,0.44,0.38,2026-09-04,2210,N21,nominal,2.0NRT,301.25,1.58,N
25.55845,55.98674,316.3,0.44,0.39,2026-09-04,2210,N21,nominal,2.0NRT,301.51,1.98,N
25.30784,56.37288,316.46,0.46,0.39,2026-09-04,2210,N21,nominal,2.0NRT,299.7,1.02,N
24.99039,55.62544,330.67,0.43,0.38,2026-09-04,2210,N21,nominal,2.0NRT,302.11,2.32,N
25.06328,55.11923,318.94,0.42,0.37,2026-09-04,2210,N21,nominal,2.0NRT,301.54,1.35,N
24.50368,56.60656,314.04,0.48,0.4,2026-09-04,2210,N21,nominal,2.0NRT,293.63,3.33,N
24.60835,54.14918,331.24,0.4,0.37,2026-09-04,2210,N21,nominal,2.0NRT,302.96,3.13,N
24.51011,54.01905,342.93,0.4,0.37,2026-09-04,2210,N21,nominal,2.0NRT,302.83,5.28,N
24.32304,54.46988,323.14,0.41,0.37,2026-09-04,2210,N21,nominal,2.0NRT,304.08,2.19,N
24.31829,54.45668,317.16,0.41,0.37,2026-09-04,2210,N21,nominal,2.0NRT,302.85,1.68,N
23.55281,58.19925,311.38,0.41,0.45,2026-09-04,2210,N21,nominal,2.0NRT,299.42,1.06,N
23.55234,58.20061,309.56,0.41,0.45,2026-09-04,2210,N21,nominal,2.0NRT,299.08,0.79,N
24.00194,55.44091,313.81,0.44,0.38,2026-09-04,2210,N21,nominal,2.0NRT,302.06,2.03,N
23.18957,55.4573,343.5,0.45,0.39,2026-09-04,2210,N21,nominal,2.0NRT,302.4,8.89,N
23.31181,54.17979,313.73,0.4,0.37,2026-09-04,2210,N21,nominal,2.0NRT,299.13,2.94,N
23.27765,54.2302,311.22,0.41,0.37,2026-09-04,2210,N21,nominal,2.0NRT,299.22,0.71,N
22.87938,55.9235,309.61,0.47,0.4,2026-09-04,2210,N21,nominal,2.0NRT,298.46,0.61,N
22.87366,55.61415,329.08,0.46,0.39,2026-09-04,2210,N21,nominal,2.0NRT,299.23,3.65,N
22.67297,56.25066,313.4,0.49,0.41,2026-09-04,2210,N21,nominal,2.0NRT,297.09,1.44,N
22.40497,56.98716,317.1,0.54,0.42,2026-09-04,2210,N21,nominal,2.0NRT,293.61,1.84,N
22.32828,56.49084,326.77,0.51,0.41,2026-09-04,2210,N21,nominal,2.0NRT,295.73,3.18,N
22.60771,54.06752,315.1,0.41,0.37,2026-09-04,2210,N21,nominal,2.0NRT,302.19,4.08,N
22.5219,54.05199,312.64,0.41,0.37,2026-09-04,2210,N21,nominal,2.0NRT,301.1,1.09,N
22.08094,55.9762,310.92,0.49,0.4,2026-09-04,2210,N21,nominal,2.0NRT,296.66,3.5,N
21.89165,56.84658,314.65,0.54,0.42,2026-09-04,2210,N21,nominal,2.0NRT,288.4,1.79,N
21.83223,56.68237,315.95,0.53,0.42,2026-09-04,2210,N21,nominal,2.0NRT,291.11,1.9,N
21.31878,57.72204,309.16,0.42,0.45,2026-09-04,2210,N21,nominal,2.0NRT,293.55,1.43,N
21.31506,57.7417,311.25,0.42,0.45,2026-09-04,2210,N21,nominal,2.0NRT,293.5,1.49,N
21.30455,57.79726,317.95,0.42,0.45,2026-09-04,2210,N21,nominal,2.0NRT,293.94,1.91,N
21.31023,57.74475,326.55,0.42,0.45,2026-09-04,2210,N21,nominal,2.0NRT,293.72,2.17,N
21.3047,57.70667,311.46,0.41,0.45,2026-09-04,2210,N21,nominal,2.0NRT,293.72,1.19,N
21.29697,57.6804,307.42,0.41,0.45,2026-09-04,2210,N21,nominal,2.0NRT,293.23,0.96,N
21.33214,56.69645,328.98,0.54,0.42,2026-09-04,2210,N21,nominal,2.0NRT,297.92,13.9,N
21.33118,56.70161,305.57,0.54,0.42,2026-09-04,2210,N21,nominal,2.0NRT,294.92,3.83,N
21.40991,55.74104,308.54,0.48,0.4,2026-09-04,2210,N21,nominal,2.0NRT,297.49,2.71,N
20.55909,56.4226,308.5,0.54,0.42,2026-09-04,2210,N21,nominal,2.0NRT,292.93,1.23,N
20.38752,55.66165,327.49,0.5,0.41,2026-09-04,2212,N21,nominal,2.0NRT,295.19,3.93,N
20.38632,55.64691,316.18,0.49,0.41,2026-09-04,2212,N21,nominal,2.0NRT,295.05,2.11,N
20.21172,55.71161,327.04,0.5,0.41,2026-09-04,2212,N21,nominal,2.0NRT,294.96,2.71,N
18.32196,55.10382,330.09,0.5,0.41,2026-09-04,2212,N21,nominal,2.0NRT,291.12,4.72,N
18.32301,55.10638,329.17,0.5,0.41,2026-09-04,2212,N21,nominal,2.0NRT,290.87,3.28,N
20.62549,101.97868,337.27,0.43,0.46,2026-09-05,0559,N21,nominal,2.0NRT,292.8,6.33,D
21.42244,101.29769,326.59,0.46,0.47,2026-09-05,0559,N21,nominal,2.0NRT,295.22,3.14,D
23.36222,100.63883,345.01,0.47,0.48,2026-09-05,0601,N21,nominal,2.0NRT,293.2,13.49,D
23.36656,100.63811,343.64,0.47,0.48,2026-09-05,0601,N21,nominal,2.0NRT,292.7,13.49,D
22.94966,98.44601,327.84,0.33,0.55,2026-09-05,0601,N21,nominal,2.0NRT,290.56,1.93,D
26.57727,101.66891,334.91,0.54,0.42,2026-09-05,0601,N21,nominal,2.0NRT,300.9,20.01,D
28.4967,97.02299,326.36,0.61,0.54,2026-09-05,0601,N21,nominal,2.0NRT,291.75,6.39,D
35.46655,101.95953,337.35,0.41,0.37,2026-09-05,0603,N21,nominal,2.0NRT,303.76,3.16,D
36.70081,101.72165,333.26,0.4,0.37,2026-09-05,0603,N21,nominal,2.0NRT,302.41,3.62,D
37.37449,101.62754,330.8,0.4,0.37,2026-09-05,0603,N21,low,2.0NRT,301.74,3.31,D
14.16796,100.46712,331.03,0.36,0.57,2026-09-05,0557,N21,nominal,2.0NRT,288.82,3.97,D
14.42116,100.42964,336.49,0.36,0.57,2026-09-05,0557,N21,nominal,2.0NRT,287.1,5.03,D
14.41972,100.16953,333.51,0.37,0.58,2026-09-05,0557,N21,nominal,2.0NRT,283.37,3.11,D
14.63107,100.19273,340.8,0.37,0.58,2026-09-05,0557,N21,nominal,2.0NRT,285.61,5.7,D
16.32415,99.67332,339.82,0.37,0.58,2026-09-05,0557,N21,nominal,2.0NRT,281.59,3.85,D
16.46774,99.62877,350.47,0.37,0.58,2026-09-05,0557,N21,nominal,2.0NRT,284.28,8.95,D
16.64211,100.17871,329.9,0.34,0.56,2026-09-05,0557,N21,nominal,2.0NRT,290.16,4.51,D
16.65179,100.10149,334.65,0.34,0.56,2026-09-05,0557,N21,nominal,2.0NRT,288.26,2.72,D
5.55556,95.70867,329.6,0.4,0.6,2026-09-05,0735,N21,nominal,2.0NRT,279.78,3.43,D
6.18111,81.00873,367,0.39,0.44,2026-09-05,0737,N21,high,2.0NRT,301.42,6.97,D
6.18053,81.00521,341.6,0.39,0.44,2026-09-05,0737,N21,nominal,2.0NRT,300.2,6.97,D
6.18512,81.0081,341.64,0.39,0.44,2026-09-05,0737,N21,nominal,2.0NRT,300.02,6.97,D
6.19029,81.01449,350.84,0.39,0.44,2026-09-05,0737,N21,nominal,2.0NRT,303.74,32.72,D
6.27628,81.02616,337.53,0.39,0.44,2026-09-05,0737,N21,nominal,2.0NRT,297.77,3.74,D
6.32819,81.16702,331.01,0.38,0.43,2026-09-05,0737,N21,nominal,2.0NRT,300.29,3.34,D
6.31515,81.08774,336.61,0.39,0.44,2026-09-05,0737,N21,nominal,2.0NRT,300.33,2.48,D
6.394,81.1214,340.94,0.39,0.44,2026-09-05,0737,N21,nominal,2.0NRT,300.47,5.67,D
6.39331,81.12367,342.58,0.38,0.44,2026-09-05,0737,N21,nominal,2.0NRT,302.45,6.15,D
6.46584,81.11925,341.97,0.38,0.44,2026-09-05,0737,N21,nominal,2.0NRT,302.32,5.64,D
6.54579,80.764,333.55,0.4,0.44,2026-09-05,0737,N21,nominal,2.0NRT,296.25,3.41,D
6.69526,81.38967,336.5,0.55,0.43,2026-09-05,0737,N21,nominal,2.0NRT,302.96,6.48,D
6.69915,81.38907,335.98,0.55,0.43,2026-09-05,0737,N21,nominal,2.0NRT,301.92,6.48,D
6.7238,81.31964,333.39,0.56,0.43,2026-09-05,0737,N21,nominal,2.0NRT,303.11,10.94,D
6.75038,81.36082,334.74,0.55,0.43,2026-09-05,0737,N21,nominal,2.0NRT,297.95,1.71,D
6.7517,81.36264,339.05,0.55,0.43,2026-09-05,0737,N21,nominal,2.0NRT,300.41,3.31,D
6.87156,81.51328,339.57,0.54,0.42,2026-09-05,0737,N21,nominal,2.0NRT,304.4,7.54,D
7.1271,81.57954,335.21,0.53,0.42,2026-09-05,0737,N21,nominal,2.0NRT,297.74,7.56,D
7.1267,81.58102,333.21,0.53,0.42,2026-09-05,0737,N21,nominal,2.0NRT,297.53,7.19,D
7.16188,81.62848,333.79,0.53,0.42,2026-09-05,0737,N21,nominal,2.0NRT,298.88,4.59,D
7.27667,81.78283,337.05,0.51,0.41,2026-09-05,0737,N21,nominal,2.0NRT,300.59,8.24,D
7.30446,81.81128,337.25,0.51,0.41,2026-09-05,0737,N21,low,2.0NRT,300.54,12.02,D
7.30372,81.80671,333.51,0.51,0.41,2026-09-05,0737,N21,low,2.0NRT,299.34,9.75,D
7.18388,81.00388,333.58,0.57,0.43,2026-09-05,0737,N21,nominal,2.0NRT,299.91,10.2,D
7.01142,79.91348,339.05,0.45,0.47,2026-09-05,0737,N21,nominal,2.0NRT,295.02,6.73,D
7.34721,81.81381,331.86,0.51,0.41,2026-09-05,0737,N21,low,2.0NRT,300.69,10.43,D
7.29247,81.19645,334.19,0.56,0.43,2026-09-05,0737,N21,nominal,2.0NRT,299.52,4.12,D
7.4486,81.74319,335.26,0.51,0.41,2026-09-05,0737,N21,low,2.0NRT,300.76,4.01,D
7.44639,81.72941,341.41,0.51,0.41,2026-09-05,0737,N21,nominal,2.0NRT,300.57,4.9,D
7.41682,81.31386,336.03,0.54,0.42,2026-09-05,0737,N21,nominal,2.0NRT,300.5,11.63,D
7.46416,81.04201,340.02,0.56,0.43,2026-09-05,0737,N21,nominal,2.0NRT,303.81,19.18,D
7.45985,81.03954,342.39,0.56,0.43,2026-09-05,0737,N21,nominal,2.0NRT,303.93,29.39,D
7.46377,81.03889,343.98,0.56,0.43,2026-09-05,0737,N21,nominal,2.0NRT,302.57,29.39,D
7.57095,81.46792,332.02,0.53,0.42,2026-09-05,0737,N21,nominal,2.0NRT,298.72,6.57,D
7.57632,81.47676,334.11,0.53,0.42,2026-09-05,0737,N21,nominal,2.0NRT,299.54,6.85,D
7.61551,81.0793,344.99,0.56,0.43,2026-09-05,0737,N21,nominal,2.0NRT,304.14,16.68,D
7.61417,81.02277,338.77,0.56,0.43,2026-09-05,0737,N21,nominal,2.0NRT,303.02,6.41,D
7.67152,81.17696,336.83,0.55,0.43,2026-09-05,0737,N21,nominal,2.0NRT,303.08,5.52,D
7.74439,81.5052,336.63,0.53,0.42,2026-09-05,0737,N21,nominal,2.0NRT,301.07,6.25,D
7.68374,81.12951,333.78,0.55,0.43,2026-09-05,0737,N21,nominal,2.0NRT,301.26,5.6,D
7.62918,80.65575,339.48,0.39,0.44,2026-09-05,0737,N21,nominal,2.0NRT,297.58,7.88,D
7.75945,81.19453,338.75,0.55,0.42,2026-09-05,0737,N21,nominal,2.0NRT,304.42,10.88,D
7.8576,81.43509,339.81,0.53,0.42,2026-09-05,0737,N21,nominal,2.0NRT,302.63,11.9,D
7.85721,81.43674,340.02,0.53,0.42,2026-09-05,0737,N21,nominal,2.0NRT,302.57,7.88,D
7.75302,80.72077,333.29,0.39,0.44,2026-09-05,0737,N21,nominal,2.0NRT,300.55,3.7,D
7.66872,80.19806,340.08,0.42,0.45,2026-09-05,0737,N21,nominal,2.0NRT,296.98,3.35,D
7.78929,80.66798,331.91,0.39,0.44,2026-09-05,0737,N21,nominal,2.0NRT,298.89,1.73,D
7.93027,81.40559,345.23,0.53,0.42,2026-09-05,0737,N21,nominal,2.0NRT,299.9,10.04,D
7.93559,81.39014,338.79,0.53,0.42,2026-09-05,0737,N21,nominal,2.0NRT,302.86,18.22,D
7.93482,81.3854,339.82,0.53,0.42,2026-09-05,0737,N21,nominal,2.0NRT,302.59,18.22,D
7.93787,81.38004,338.14,0.53,0.42,2026-09-05,0737,N21,nominal,2.0NRT,302.73,6.46,D
7.94169,81.37943,335.18,0.53,0.42,2026-09-05,0737,N21,nominal,2.0NRT,299.73,6.46,D
7.94627,81.38355,335.76,0.53,0.42,2026-09-05,0737,N21,nominal,2.0NRT,300.52,5.04,D
7.9455,81.37881,348.99,0.53,0.42,2026-09-05,0737,N21,nominal,2.0NRT,300.33,9.43,D
7.94932,81.3782,339.55,0.53,0.42,2026-09-05,0737,N21,nominal,2.0NRT,301.3,9.43,D
7.94699,81.31493,340.02,0.54,0.42,2026-09-05,0737,N21,nominal,2.0NRT,305.11,13.42,D
7.94071,81.18967,339.42,0.54,0.42,2026-09-05,0737,N21,nominal,2.0NRT,301.59,7.56,D
7.96371,81.28021,337.41,0.54,0.42,2026-09-05,0737,N21,nominal,2.0NRT,301.92,12.37,D
7.79131,80.17845,342.19,0.42,0.45,2026-09-05,0737,N21,nominal,2.0NRT,297.69,4.53,D
7.79544,80.17777,331.9,0.42,0.45,2026-09-05,0737,N21,nominal,2.0NRT,297.2,4.53,D
8.01859,81.42266,344.26,0.53,0.42,2026-09-05,0737,N21,nominal,2.0NRT,302.43,8.5,D
8.04671,81.42775,336.73,0.53,0.42,2026-09-05,0737,N21,nominal,2.0NRT,303.12,5.95,D
7.91461,80.61813,341.32,0.39,0.44,2026-09-05,0737,N21,nominal,2.0NRT,300.04,8.43,D
7.89461,80.31826,332.67,0.41,0.45,2026-09-05,0737,N21,nominal,2.0NRT,297.53,9,D
7.89418,80.31764,339.76,0.41,0.45,2026-09-05,0737,N21,nominal,2.0NRT,297.94,5.35,D
7.85701,80.05032,330.48,0.43,0.46,2026-09-05,0737,N21,nominal,2.0NRT,296.21,15.84,D
7.85636,80.0465,347.38,0.43,0.46,2026-09-05,0737,N21,nominal,2.0NRT,299.53,37.54,D
7.98671,80.79081,347.02,0.38,0.43,2026-09-05,0737,N21,nominal,2.0NRT,297.87,9.95,D
8.08739,81.36948,333.97,0.53,0.42,2026-09-05,0737,N21,nominal,2.0NRT,298.45,22.49,D
7.9603,80.60966,343.38,0.39,0.44,2026-09-05,0737,N21,nominal,2.0NRT,300.1,4,D
7.90802,80.30027,331.69,0.41,0.45,2026-09-05,0737,N21,nominal,2.0NRT,298.86,6.39,D
7.9424,80.42964,336.74,0.4,0.44,2026-09-05,0737,N21,nominal,2.0NRT,296.88,5.46,D
8.10218,81.10001,334.7,0.55,0.43,2026-09-05,0737,N21,nominal,2.0NRT,300.97,5.27,D
8.03861,80.61135,330.45,0.39,0.44,2026-09-05,0737,N21,nominal,2.0NRT,297.51,4.84,D
8.05173,80.66666,335.82,0.39,0.44,2026-09-05,0737,N21,nominal,2.0NRT,299.87,4.08,D
7.96233,80.07906,330.31,0.42,0.46,2026-09-05,0737,N21,nominal,2.0NRT,298.05,3.98,D
7.95669,80.02126,331.42,0.43,0.46,2026-09-05,0737,N21,nominal,2.0NRT,297.18,3.26,D
7.9628,80.032,341.13,0.43,0.46,2026-09-05,0737,N21,nominal,2.0NRT,295.51,5.71,D
7.95537,79.93833,336.55,0.43,0.46,2026-09-05,0737,N21,nominal,2.0NRT,297.25,3.18,D
7.97723,80.04148,334.23,0.43,0.46,2026-09-05,0737,N21,nominal,2.0NRT,296.78,4.37,D
8.12346,80.81154,367,0.57,0.43,2026-09-05,0737,N21,high,2.0NRT,303.71,32.44,D
8.20811,81.32212,334.14,0.53,0.42,2026-09-05,0737,N21,nominal,2.0NRT,302.68,8.67,D
8.20732,81.31739,341.2,0.53,0.42,2026-09-05,0737,N21,nominal,2.0NRT,303.71,8.67,D
8.12731,80.6135,332.39,0.39,0.44,2026-09-05,0737,N21,nominal,2.0NRT,297.2,3.66,D
8.20279,81.02484,330.71,0.55,0.43,2026-09-05,0737,N21,low,2.0NRT,300.79,4.3,D
8.1255,80.55262,340.07,0.39,0.44,2026-09-05,0737,N21,nominal,2.0NRT,300.05,8.18,D
8.12492,80.54909,353.29,0.39,0.44,2026-09-05,0737,N21,nominal,2.0NRT,298.49,8.18,D
8.12893,80.54842,346.63,0.39,0.44,2026-09-05,0737,N21,nominal,2.0NRT,300.82,8.5,D
8.04815,80.00616,335.02,0.43,0.46,2026-09-05,0737,N21,nominal,2.0NRT,296.88,7.4,D
8.18213,80.6822,338.55,0.39,0.44,2026-09-05,0737,N21,nominal,2.0NRT,299.2,4.04,D
8.17761,80.5827,341.08,0.39,0.44,2026-09-05,0737,N21,nominal,2.0NRT,298.28,7.58,D
8.28638,80.99302,344.51,0.55,0.43,2026-09-05,0737,N21,nominal,2.0NRT,301.74,12.4,D
8.26432,80.63666,335.7,0.39,0.44,2026-09-05,0737,N21,nominal,2.0NRT,301.06,5.11,D
8.2833,80.51466,339.89,0.39,0.44,2026-09-05,0737,N21,nominal,2.0NRT,298.47,8.39,D
8.25539,80.32426,333.93,0.41,0.45,2026-09-05,0737,N21,nominal,2.0NRT,298.68,3.19,D
8.25945,80.32359,345.26,0.41,0.45,2026-09-05,0737,N21,nominal,2.0NRT,300.31,6.93,D
8.2525,80.25742,331.97,0.41,0.45,2026-09-05,0737,N21,low,2.0NRT,302.73,3.74,D
8.38692,81.01472,333.98,0.55,0.43,2026-09-05,0737,N21,nominal,2.0NRT,297.81,5.14,D
8.3987,81.03794,337.46,0.55,0.42,2026-09-05,0737,N21,nominal,2.0NRT,301.73,6.59,D
8.44075,81.1011,335.52,0.54,0.42,2026-09-05,0737,N21,nominal,2.0NRT,302.37,8.05,D
8.44381,81.09562,340.51,0.54,0.42,2026-09-05,0737,N21,nominal,2.0NRT,302.91,10.44,D
8.37986,80.62785,331.83,0.39,0.44,2026-09-05,0737,N21,nominal,2.0NRT,300.36,2.61,D
8.37836,80.62711,331.03,0.39,0.44,2026-09-05,0737,N21,nominal,2.0NRT,300.48,5.46,D
8.40295,80.43198,339.07,0.4,0.44,2026-09-05,0737,N21,nominal,2.0NRT,296.54,4.55,D
8.40236,80.42842,335.3,0.4,0.44,2026-09-05,0737,N21,nominal,2.0NRT,296.38,4.55,D
8.4883,80.8731,332.8,0.56,0.43,2026-09-05,0737,N21,nominal,2.0NRT,297.94,6.54,D
8.42401,80.38447,336.58,0.4,0.44,2026-09-05,0737,N21,nominal,2.0NRT,296.12,4.34,D
8.42342,80.3809,336.8,0.4,0.44,2026-09-05,0737,N21,nominal,2.0NRT,296.24,4.34,D
8.47817,80.66403,340.91,0.38,0.43,2026-09-05,0737,N21,nominal,2.0NRT,300.17,4.31,D
8.49506,80.74255,337.97,0.57,0.43,2026-09-05,0737,N21,nominal,2.0NRT,299.43,7.6,D
8.51638,80.74951,330.49,0.57,0.43,2026-09-05,0737,N21,low,2.0NRT,302.5,7.31,D
8.51198,80.60393,340.56,0.39,0.44,2026-09-05,0737,N21,nominal,2.0NRT,299.96,9.11,D
8.44334,80.19783,340.25,0.41,0.45,2026-09-05,0737,N21,nominal,2.0NRT,297.98,7.97,D
8.6564,81.06465,335.54,0.54,0.42,2026-09-05,0737,N21,nominal,2.0NRT,300.37,12.42,D
8.59021,80.60898,337.45,0.38,0.44,2026-09-05,0737,N21,nominal,2.0NRT,299.65,5.34,D
8.62472,80.7961,332.17,0.56,0.43,2026-09-05,0737,N21,nominal,2.0NRT,301.58,10.52,D
8.63026,80.8055,331.4,0.56,0.43,2026-09-05,0737,N21,low,2.0NRT,301.82,13.65,D
8.63017,80.80332,330.97,0.56,0.43,2026-09-05,0737,N21,low,2.0NRT,302.03,11.21,D
8.63492,80.80767,338.69,0.56,0.43,2026-09-05,0737,N21,nominal,2.0NRT,300.74,7.12,D
8.65199,80.86128,331.5,0.56,0.43,2026-09-05,0737,N21,nominal,2.0NRT,298.06,4.36,D
8.64695,80.8314,335.05,0.56,0.43,2026-09-05,0737,N21,nominal,2.0NRT,299.62,8.81,D
8.5738,80.39909,331.1,0.4,0.44,2026-09-05,0737,N21,nominal,2.0NRT,300.58,2.98,D
8.69386,81.01614,338.59,0.54,0.42,2026-09-05,0737,N21,nominal,2.0NRT,302.04,12.99,D
8.68055,80.91254,333.32,0.55,0.43,2026-09-05,0737,N21,nominal,2.0NRT,299.52,11.9,D
8.68196,80.89706,334.01,0.55,0.43,2026-09-05,0737,N21,nominal,2.0NRT,297.17,8.93,D
8.67286,80.84249,336.4,0.56,0.43,2026-09-05,0737,N21,nominal,2.0NRT,298.93,9.91,D
8.67236,80.71859,333.78,0.57,0.43,2026-09-05,0737,N21,nominal,2.0NRT,298.05,3.77,D
8.69212,80.8136,331.93,0.56,0.43,2026-09-05,0737,N21,nominal,2.0NRT,300.57,4.55,D
8.69129,80.8086,334.11,0.56,0.43,2026-09-05,0737,N21,nominal,2.0NRT,300.92,4.55,D
8.70343,80.85784,335.87,0.56,0.43,2026-09-05,0737,N21,nominal,2.0NRT,300.87,10.5,D
8.63003,80.38985,346,0.4,0.44,2026-09-05,0737,N21,nominal,2.0NRT,300.73,9.6,D
8.7325,80.71602,335.58,0.57,0.43,2026-09-05,0737,N21,nominal,2.0NRT,297.79,9.94,D
8.72705,80.56362,337.53,0.39,0.44,2026-09-05,0737,N21,nominal,2.0NRT,300.67,4.42,D
8.80412,80.99981,344.37,0.54,0.42,2026-09-05,0737,N21,nominal,2.0NRT,302.68,10.88,D
8.80878,81.00401,333.38,0.54,0.42,2026-09-05,0737,N21,nominal,2.0NRT,299.01,7.87,D
8.81183,80.99852,336.95,0.54,0.42,2026-09-05,0737,N21,nominal,2.0NRT,301.31,18.44,D
8.81388,80.96309,331.23,0.55,0.42,2026-09-05,0737,N21,nominal,2.0NRT,299.49,5.44,D
8.74959,80.52776,355.1,0.39,0.44,2026-09-05,0737,N21,nominal,2.0NRT,302.93,82.75,D
8.75356,80.52709,354.44,0.39,0.44,2026-09-05,0737,N21,nominal,2.0NRT,302.1,15.19,D
8.88239,80.88835,333.34,0.55,0.43,2026-09-05,0737,N21,nominal,2.0NRT,298.67,4.24,D
8.89071,80.86668,335.6,0.55,0.43,2026-09-05,0737,N21,nominal,2.0NRT,300.51,7.63,D
8.89377,80.86111,336.35,0.55,0.43,2026-09-05,0737,N21,nominal,2.0NRT,301.44,6.5,D
8.77072,80.10439,333.71,0.41,0.45,2026-09-05,0737,N21,nominal,2.0NRT,299.01,3.88,D
8.85195,80.53835,330.59,0.39,0.44,2026-09-05,0737,N21,nominal,2.0NRT,297.98,2.46,D
8.91644,80.87761,334.99,0.55,0.43,2026-09-05,0737,N21,nominal,2.0NRT,296.23,3.9,D
8.92807,80.87569,334.67,0.55,0.43,2026-09-05,0737,N21,nominal,2.0NRT,297.96,7.13,D
8.94453,80.78122,344.01,0.56,0.43,2026-09-05,0737,N21,nominal,2.0NRT,301.74,9.23,D
8.94371,80.77622,332.19,0.56,0.43,2026-09-05,0737,N21,nominal,2.0NRT,301.62,5.56,D
8.99111,80.8628,339.07,0.55,0.43,2026-09-05,0737,N21,nominal,2.0NRT,295.81,31.11,D
9.01345,80.58607,336.83,0.57,0.43,2026-09-05,0737,N21,nominal,2.0NRT,297.05,5.19,D
8.62455,77.91331,335.09,0.58,0.52,2026-09-05,0737,N21,nominal,2.0NRT,296.57,6.53,D
8.62842,77.79488,343.54,0.59,0.53,2026-09-05,0737,N21,nominal,2.0NRT,300.2,9.66,D
9.0763,80.40665,345.22,0.39,0.44,2026-09-05,0737,N21,nominal,2.0NRT,300.6,10.5,D
8.74992,77.84068,335.67,0.58,0.52,2026-09-05,0737,N21,nominal,2.0NRT,298.97,15.53,D
8.84348,78.11538,332.2,0.55,0.51,2026-09-05,0737,N21,nominal,2.0NRT,298.73,3.27,D
8.74177,77.40366,340.22,0.62,0.54,2026-09-05,0737,N21,nominal,2.0NRT,301.53,10.53,D
8.84688,77.52462,344.05,0.61,0.53,2026-09-05,0737,N21,nominal,2.0NRT,303.55,11.27,D
8.87289,77.61432,343.61,0.6,0.53,2026-09-05,0737,N21,nominal,2.0NRT,301.85,7.78,D
9.37131,80.31544,343.55,0.39,0.44,2026-09-05,0737,N21,nominal,2.0NRT,299.78,9.02,D
9.39784,80.42539,342,0.38,0.43,2026-09-05,0737,N21,nominal,2.0NRT,299.87,4.57,D
9.41584,80.46038,345.39,0.57,0.43,2026-09-05,0737,N21,nominal,2.0NRT,300.28,12.91,D
9.41498,80.45523,333.44,0.57,0.43,2026-09-05,0737,N21,nominal,2.0NRT,300.47,12.91,D
9.41481,80.42964,349.38,0.38,0.43,2026-09-05,0737,N21,nominal,2.0NRT,301,19.06,D
9.43119,80.4056,335.33,0.38,0.44,2026-09-05,0737,N21,nominal,2.0NRT,299.79,2.81,D
9.42989,80.40474,334.33,0.38,0.44,2026-09-05,0737,N21,nominal,2.0NRT,299.84,2.23,D
9.43621,80.41788,339.65,0.38,0.43,2026-09-05,0737,N21,nominal,2.0NRT,299.4,4.28,D
9.44193,80.42754,331.66,0.38,0.43,2026-09-05,0737,N21,nominal,2.0NRT,298.91,2.16,D
9.47066,80.501,336.6,0.57,0.43,2026-09-05,0737,N21,nominal,2.0NRT,299.41,6.14,D
9.3084,78.79866,339.66,0.49,0.49,2026-09-05,0737,N21,nominal,2.0NRT,297.82,3.98,D
9.39154,78.88762,338.73,0.48,0.48,2026-09-05,0737,N21,nominal,2.0NRT,299.34,4.61,D
9.39592,78.88686,336.72,0.48,0.48,2026-09-05,0737,N21,nominal,2.0NRT,298.79,4.61,D
9.39205,78.88804,340.54,0.48,0.48,2026-09-05,0737,N21,nominal,2.0NRT,298.99,4.69,D
9.39643,78.8873,333.15,0.48,0.48,2026-09-05,0737,N21,nominal,2.0NRT,298.66,4.69,D
9.33327,77.42467,339.48,0.61,0.53,2026-09-05,0737,N21,nominal,2.0NRT,296.24,4.67,D
10.09586,77.89691,340.86,0.55,0.51,2026-09-05,0737,N21,nominal,2.0NRT,299.51,9.09,D
10.09445,77.89512,342.08,0.55,0.51,2026-09-05,0737,N21,nominal,2.0NRT,301.1,13.48,D
10.43229,79.63264,342.49,0.41,0.45,2026-09-05,0737,N21,nominal,2.0NRT,298.67,4.35,D
10.40149,79.27921,331.57,0.44,0.46,2026-09-05,0737,N21,nominal,2.0NRT,297.24,7.13,D
10.27044,77.25731,330.63,0.6,0.53,2026-09-05,0737,N21,nominal,2.0NRT,297.08,7.7,D
10.71123,79.4289,341.69,0.42,0.45,2026-09-05,0737,N21,nominal,2.0NRT,300.29,6.18,D
10.43859,77.31449,339.76,0.59,0.53,2026-09-05,0737,N21,nominal,2.0NRT,301.16,12.02,D
10.87756,79.31715,332.91,0.43,0.46,2026-09-05,0737,N21,nominal,2.0NRT,298.71,4.55,D
10.68266,77.4065,338.57,0.58,0.52,2026-09-05,0737,N21,nominal,2.0NRT,303.34,11.41,D
10.98393,78.21921,337.97,0.5,0.49,2026-09-05,0737,N21,nominal,2.0NRT,300.17,7,D
11.00214,77.12466,339.89,0.6,0.53,2026-09-05,0737,N21,nominal,2.0NRT,303.19,13.48,D
11.48418,77.27011,333.99,0.57,0.52,2026-09-05,0739,N21,nominal,2.0NRT,300.69,3.57,D
12.15397,78.16905,336.62,0.48,0.48,2026-09-05,0739,N21,nominal,2.0NRT,302.19,4.39,D
12.8087,79.956,331.25,0.55,0.43,2026-09-05,0739,N21,nominal,2.0NRT,300.28,3.42,D
13.40306,77.79495,331.54,0.49,0.48,2026-09-05,0739,N21,low,2.0NRT,303.21,4.98,D
12.98483,74.85038,331.47,0.39,0.59,2026-09-05,0739,N21,nominal,2.0NRT,293.42,3.31,D
13.83938,78.43033,333.73,0.44,0.46,2026-09-05,0739,N21,low,2.0NRT,304.36,6.4,D
13.99219,78.44974,339.86,0.43,0.46,2026-09-05,0739,N21,nominal,2.0NRT,301.76,5.69,D
13.98039,77.90034,333.52,0.47,0.48,2026-09-05,0739,N21,nominal,2.0NRT,297.82,4.5,D
14.29248,79.05112,339.86,0.39,0.44,2026-09-05,0739,N21,nominal,2.0NRT,299.56,5.16,D
14.29697,79.05332,351.13,0.39,0.44,2026-09-05,0739,N21,nominal,2.0NRT,300.03,10.83,D
14.29637,79.04987,339.91,0.39,0.44,2026-09-05,0739,N21,nominal,2.0NRT,299.87,5.16,D
14.52478,79.06197,339.03,0.39,0.44,2026-09-05,0739,N21,nominal,2.0NRT,304.58,3.45,D
14.53701,79.08536,341.22,0.39,0.44,2026-09-05,0739,N21,nominal,2.0NRT,301.77,7.22,D
14.62758,79.59048,337.53,0.54,0.42,2026-09-05,0739,N21,nominal,2.0NRT,302.9,3.52,D
14.66505,79.76515,338.05,0.53,0.42,2026-09-05,0739,N21,nominal,2.0NRT,303.38,8.22,D
14.66492,79.76666,337.9,0.53,0.42,2026-09-05,0739,N21,nominal,2.0NRT,303.79,5.81,D
14.42101,78.31239,339.84,0.43,0.46,2026-09-05,0739,N21,nominal,2.0NRT,305.8,7.07,D
14.57085,79.05241,331.71,0.39,0.44,2026-09-05,0739,N21,low,2.0NRT,303.67,2.7,D
14.38531,77.7276,340.52,0.47,0.48,2026-09-05,0739,N21,nominal,2.0NRT,302.25,6.8,D
14.74564,79.71235,336.25,0.53,0.42,2026-09-05,0739,N21,nominal,2.0NRT,305.58,10.25,D
14.7626,79.65701,337.34,0.53,0.42,2026-09-05,0739,N21,nominal,2.0NRT,305.71,8.58,D
14.74425,78.99921,339.52,0.39,0.44,2026-09-05,0739,N21,nominal,2.0NRT,302.1,6.21,D
14.74364,78.99567,342.35,0.39,0.44,2026-09-05,0739,N21,nominal,2.0NRT,302.29,5.59,D
14.88983,79.23417,337.37,0.56,0.43,2026-09-05,0739,N21,nominal,2.0NRT,302.61,5.26,D
14.89373,79.23341,344.92,0.56,0.43,2026-09-05,0739,N21,nominal,2.0NRT,306.78,11.33,D
14.8944,79.23558,337.63,0.56,0.43,2026-09-05,0739,N21,nominal,2.0NRT,304.76,13.38,D
15.18071,79.9314,331.23,0.51,0.41,2026-09-05,0739,N21,nominal,2.0NRT,298.08,8.37,D
15.16326,78.87621,344.53,0.39,0.44,2026-09-05,0739,N21,nominal,2.0NRT,306.18,8.69,D
15.16157,78.87546,343.2,0.39,0.44,2026-09-05,0739,N21,nominal,2.0NRT,304.9,6.56,D
15.08391,77.32272,339.45,0.49,0.49,2026-09-05,0739,N21,nominal,2.0NRT,301.4,11.74,D
15.08309,77.31823,342.25,0.49,0.49,2026-09-05,0739,N21,nominal,2.0NRT,300.72,6.51,D
15.05385,77.10737,337.91,0.51,0.49,2026-09-05,0739,N21,nominal,2.0NRT,301.86,8.26,D
15.05152,77.10382,339.01,0.51,0.49,2026-09-05,0739,N21,nominal,2.0NRT,300.38,6.89,D
15.14559,77.5779,336.17,0.47,0.48,2026-09-05,0739,N21,nominal,2.0NRT,301.03,5.52,D
15.18146,76.66666,332.37,0.54,0.51,2026-09-05,0739,N21,nominal,2.0NRT,300.59,8.52,D
15.97591,78.40904,341.13,0.4,0.44,2026-09-05,0739,N21,nominal,2.0NRT,300.09,2.35,D
16.46725,79.59427,331.45,0.51,0.41,2026-09-05,0739,N21,low,2.0NRT,303.99,4.62,D
17.04735,81.88509,333.51,0.4,0.37,2026-09-05,0739,N21,nominal,2.0NRT,297.78,3.4,D
16.518,78.36384,339.6,0.4,0.44,2026-09-05,0739,N21,nominal,2.0NRT,297.35,6.01,D
16.87762,79.99414,331.98,0.48,0.4,2026-09-05,0739,N21,low,2.0NRT,301.59,4.26,D
16.18167,75.15438,346.32,0.33,0.55,2026-09-05,0739,N21,nominal,2.0NRT,297.58,3.88,D
17.60797,83.20338,331.3,0.38,0.36,2026-09-05,0739,N21,nominal,2.0NRT,300.58,4.54,D
17.61126,83.20282,330.46,0.38,0.36,2026-09-05,0739,N21,low,2.0NRT,300.55,3.1,D
19.09286,82.17107,333.96,0.39,0.36,2026-09-05,0739,N21,nominal,2.0NRT,298.66,4.83,D
20.76047,85.29589,334.78,0.43,0.38,2026-09-05,0741,N21,nominal,2.0NRT,301.5,9.92,D
20.79373,85.25279,337.35,0.43,0.38,2026-09-05,0741,N21,nominal,2.0NRT,302.21,11.33,D
20.95243,86.05051,337.76,0.47,0.4,2026-09-05,0741,N21,nominal,2.0NRT,300.36,12.48,D
20.95183,86.04603,337.08,0.47,0.4,2026-09-05,0741,N21,nominal,2.0NRT,299.89,11.3,D
20.97349,86.00412,330.64,0.47,0.39,2026-09-05,0741,N21,nominal,2.0NRT,298.91,7.97,D
20.86294,84.99312,332.71,0.42,0.38,2026-09-05,0741,N21,nominal,2.0NRT,300.19,9.04,D
20.86238,84.98907,332.44,0.42,0.38,2026-09-05,0741,N21,nominal,2.0NRT,298.19,4.32,D
20.96299,85.19049,336.16,0.43,0.38,2026-09-05,0741,N21,nominal,2.0NRT,302.37,5.69,D
20.96243,85.18635,344.47,0.43,0.38,2026-09-05,0741,N21,nominal,2.0NRT,301.74,5.69,D
20.96423,85.17345,331.03,0.43,0.38,2026-09-05,0741,N21,nominal,2.0NRT,300.29,4.3,D
20.96368,85.16933,337.04,0.43,0.38,2026-09-05,0741,N21,nominal,2.0NRT,301.56,4.3,D
20.96827,85.17702,336.07,0.43,0.38,2026-09-05,0741,N21,nominal,2.0NRT,301.48,3.89,D
20.96771,85.17292,340.7,0.43,0.38,2026-09-05,0741,N21,nominal,2.0NRT,302.02,4.69,D
20.96715,85.16881,330.83,0.43,0.38,2026-09-05,0741,N21,low,2.0NRT,301.6,4.69,D
20.97174,85.17648,330.59,0.43,0.38,2026-09-05,0741,N21,nominal,2.0NRT,300.16,3.89,D
20.9684,85.15186,338.21,0.43,0.38,2026-09-05,0741,N21,nominal,2.0NRT,302.5,7.87,D
20.97813,85.17133,330.81,0.43,0.38,2026-09-05,0741,N21,nominal,2.0NRT,300.09,6.07,D
20.9564,85.01198,331.15,0.43,0.38,2026-09-05,0741,N21,low,2.0NRT,302.24,5.42,D
21.67903,84.03973,334.77,0.4,0.37,2026-09-05,0741,N21,nominal,2.0NRT,301.91,6.22,D
21.73983,83.84127,330.66,0.4,0.37,2026-09-05,0741,N21,low,2.0NRT,301.02,3.69,D
21.74318,83.84072,338.54,0.4,0.37,2026-09-05,0741,N21,nominal,2.0NRT,301.18,3.69,D
21.74626,83.84503,332.02,0.4,0.37,2026-09-05,0741,N21,nominal,2.0NRT,300.45,4.66,D
21.74571,83.8412,337.03,0.4,0.37,2026-09-05,0741,N21,nominal,2.0NRT,300.69,5.14,D
21.7496,83.84448,332.62,0.4,0.37,2026-09-05,0741,N21,nominal,2.0NRT,299.58,4.66,D
21.74906,83.84065,334.1,0.4,0.37,2026-09-05,0741,N21,nominal,2.0NRT,298.25,5.14,D
21.75295,83.84393,332.49,0.4,0.37,2026-09-05,0741,N21,nominal,2.0NRT,299.16,4.44,D
21.80075,83.89083,331.1,0.4,0.37,2026-09-05,0741,N21,nominal,2.0NRT,299.07,4.61,D
22.37712,87.28085,344.15,0.56,0.43,2026-09-05,0741,N21,nominal,2.0NRT,301.14,10.49,D
21.91979,83.35107,333.15,0.39,0.36,2026-09-05,0741,N21,nominal,2.0NRT,295.87,4.81,D
22.01548,83.75323,332.23,0.4,0.37,2026-09-05,0741,N21,nominal,2.0NRT,298.5,4,D
22.20641,84.86032,333.67,0.43,0.38,2026-09-05,0741,N21,nominal,2.0NRT,293.64,2.9,D
21.98429,83.2333,330.89,0.39,0.36,2026-09-05,0741,N21,nominal,2.0NRT,297.5,5.54,D
23.55816,87.24094,340.7,0.39,0.44,2026-09-05,0741,N21,nominal,2.0NRT,288.98,9.32,D
23.66361,87.15351,332.47,0.38,0.43,2026-09-05,0741,N21,nominal,2.0NRT,294.03,6.54,D
23.67541,86.40211,331.36,0.52,0.42,2026-09-05,0741,N21,nominal,2.0NRT,299.31,7.66,D
23.67857,86.39642,332.5,0.52,0.42,2026-09-05,0741,N21,nominal,2.0NRT,298.92,7.66,D
23.68237,86.39584,333.83,0.52,0.42,2026-09-05,0741,N21,nominal,2.0NRT,298.26,8.94,D
23.68554,86.39025,330.44,0.52,0.42,2026-09-05,0741,N21,nominal,2.0NRT,297.05,5.08,D
23.67755,86.08622,331.24,0.5,0.41,2026-09-05,0741,N21,nominal,2.0NRT,298.56,6.59,D
23.73679,86.4326,340.33,0.53,0.42,2026-09-05,0741,N21,nominal,2.0NRT,296.6,9.67,D
23.75651,86.40362,330.47,0.52,0.42,2026-09-05,0741,N21,nominal,2.0NRT,296.28,6.33,D
23.76031,86.40304,334.22,0.52,0.42,2026-09-05,0741,N21,nominal,2.0NRT,296.61,6.5,D
23.76412,86.40247,339.26,0.52,0.42,2026-09-05,0741,N21,nominal,2.0NRT,296.81,6.5,D
23.77806,86.38996,330.56,0.52,0.42,2026-09-05,0741,N21,nominal,2.0NRT,296.61,7.18,D
23.77862,86.21019,337.05,0.51,0.41,2026-09-05,0741,N21,nominal,2.0NRT,296.7,8.62,D
23.78238,86.20961,331.12,0.51,0.41,2026-09-05,0741,N21,nominal,2.0NRT,295.78,4.32,D
24.16025,82.56627,335.71,0.39,0.36,2026-09-05,0741,N21,nominal,2.0NRT,297.05,3.52,D
27.19736,68.5406,332.3,0.5,0.66,2026-09-05,0744,N21,nominal,2.0NRT,296.21,2.85,D
28.1555,67.75942,335.46,0.53,0.67,2026-09-05,0744,N21,nominal,2.0NRT,300.56,6.14,D
28.15547,67.75486,330.84,0.53,0.67,2026-09-05,0744,N21,nominal,2.0NRT,300.05,7.7,D
28.16279,67.75819,337.48,0.53,0.67,2026-09-05,0744,N21,nominal,2.0NRT,300.7,10.82,D
29.78598,72.77218,340.26,0.49,0.49,2026-09-05,0744,N21,nominal,2.0NRT,297.7,7.58,D
30.81151,72.55773,331.32,0.48,0.48,2026-09-05,0744,N21,nominal,2.0NRT,298.8,6.37,D
30.81249,72.55888,334.23,0.48,0.48,2026-09-05,0744,N21,nominal,2.0NRT,298.28,6.85,D
30.31288,70.03531,347.5,0.35,0.56,2026-09-05,0744,N21,nominal,2.0NRT,301.74,4.29,D
31.37815,74.56349,332.02,0.55,0.43,2026-09-05,0744,N21,nominal,2.0NRT,296.82,3.97,D
31.66948,72.3751,333.46,0.47,0.48,2026-09-05,0744,N21,nominal,2.0NRT,296.86,3.55,D
33.41675,79.18602,344.83,0.38,0.36,2026-09-05,0744,N21,nominal,2.0NRT,307.7,11.67,D
39.25327,76.785,336.31,0.39,0.36,2026-09-05,0746,N21,nominal,2.0NRT,301.26,5.03,D
39.0933,75.48203,335.73,0.4,0.37,2026-09-05,0746,N21,low,2.0NRT,309.05,2.62,D
38.04879,67.26474,367,0.32,0.55,2026-09-05,0746,N21,high,2.0NRT,319.79,14.47,D
37.11897,62.35989,367,0.62,0.71,2026-09-05,0746,N21,high,2.0NRT,315.32,19.31,D
37.13807,60.43305,349.6,0.77,0.78,2026-09-05,0746,N21,nominal,2.0NRT,309.2,39.88,D
37.13546,60.42502,352.19,0.77,0.78,2026-09-05,0746,N21,nominal,2.0NRT,310.15,43.97,D
37.49338,60.59367,339.15,0.74,0.76,2026-09-05,0748,N21,nominal,2.0NRT,309.41,7.64,D
37.49408,60.59451,343.63,0.74,0.76,2026-09-05,0748,N21,nominal,2.0NRT,309.06,8.23,D
39.63766,66.86103,347.42,0.62,0.54,2026-09-05,0748,N21,nominal,2.0NRT,310.59,9.1,D
39.64235,66.85902,332.5,0.62,0.54,2026-09-05,0748,N21,low,2.0NRT,307,9.1,D
38.14825,61.23069,354.32,0.66,0.73,2026-09-05,0748,N21,nominal,2.0NRT,318.17,11.25,D
38.14577,61.2284,345.85,0.66,0.73,2026-09-05,0748,N21,nominal,2.0NRT,316.25,9.41,D
39.90063,63.06089,343.84,0.47,0.64,2026-09-05,0748,N21,nominal,2.0NRT,314.47,3.32,D
24.50526,56.60632,343.57,0.38,0.36,2026-09-05,0924,N21,low,2.0NRT,314.42,19.3,D
24.50903,54.0201,334.72,0.42,0.38,2026-09-05,0924,N21,nominal,2.0NRT,303.06,2.45,D
24.60901,54.15168,335.03,0.41,0.37,2026-09-05,0924,N21,nominal,2.0NRT,303.3,2.27,D
25.30754,56.37251,340.37,0.38,0.36,2026-09-05,0924,N21,nominal,2.0NRT,309.91,7.12,D
27.15851,56.09969,339,0.39,0.36,2026-09-05,0924,N21,low,2.0NRT,310.74,11.44,D
27.1618,56.09907,336.53,0.39,0.36,2026-09-05,0924,N21,low,2.0NRT,309.44,10.75,D
27.16837,56.09784,340.14,0.39,0.36,2026-09-05,0924,N21,low,2.0NRT,311.15,12.72,D
27.16862,56.05428,348.22,0.39,0.36,2026-09-05,0924,N21,nominal,2.0NRT,313,13.18,D
27.42185,56.50122,343.45,0.39,0.36,2026-09-05,0924,N21,nominal,2.0NRT,312.27,2.54,D
37.03424,62.41896,346.01,0.6,0.53,2026-09-05,0928,N21,low,2.0NRT,318.29,13.17,D
37.34183,60.68801,353.64,0.48,0.48,2026-09-05,0928,N21,nominal,2.0NRT,320.46,20.75,D
37.45081,59.91465,344.5,0.44,0.46,2026-09-05,0928,N21,nominal,2.0NRT,318.29,4.58,D
37.45505,59.91404,345.97,0.44,0.46,2026-09-05,0928,N21,nominal,2.0NRT,317.37,5.16,D
36.99466,54.59235,339.14,0.4,0.37,2026-09-05,0928,N21,nominal,2.0NRT,309.07,3.5,D
38.00642,65.51746,367,0.45,0.63,2026-09-05,0928,N21,high,2.0NRT,308.93,7.19,D
37.00863,54.3703,339.93,0.4,0.37,2026-09-05,0928,N21,low,2.0NRT,311.25,5,D
37.06741,54.6456,337.25,0.4,0.37,2026-09-05,0928,N21,low,2.0NRT,311.96,3.18,D
37.22116,55.34686,335.48,0.42,0.38,2026-09-05,0928,N21,low,2.0NRT,307.65,1.72,D
38.58537,57.23897,344.07,0.5,0.41,2026-09-05,0928,N21,low,2.0NRT,315.61,3.96,D
39.79388,66.98239,332.47,0.56,0.69,2026-09-05,0928,N21,nominal,2.0NRT,301.67,4.31,D
39.90159,63.06245,355.03,0.34,0.56,2026-09-05,0928,N21,nominal,2.0NRT,318.38,4.17,D
21.30235,57.79974,341.34,0.39,0.36,2026-09-05,0922,N21,low,2.0NRT,311.62,0.53,D
21.31115,57.74525,341.1,0.39,0.36,2026-09-05,0922,N21,low,2.0NRT,313.27,2.04,D
21.30566,57.70838,338.77,0.39,0.36,2026-09-05,0922,N21,low,2.0NRT,311.42,0.56,D
21.31445,57.74469,340.22,0.39,0.36,2026-09-05,0922,N21,low,2.0NRT,312.52,2.04,D
21.32104,57.72088,345.26,0.39,0.36,2026-09-05,0922,N21,nominal,2.0NRT,313.49,2.18,D
21.33476,57.72232,341.71,0.39,0.36,2026-09-05,0922,N21,low,2.0NRT,314.49,2.47,D
14.67196,100.80266,297.1,0.39,0.44,2026-09-05,1832,N21,nominal,2.0NRT,266.37,0.59,N
15.12755,94.78048,323.16,0.49,0.65,2026-09-05,1832,N21,nominal,2.0NRT,285.57,6,N
15.12482,94.77975,328.1,0.49,0.65,2026-09-05,1832,N21,nominal,2.0NRT,285.55,5.59,N
13.53665,99.98222,303.91,0.42,0.45,2026-09-05,1832,N21,nominal,2.0NRT,281.02,0.76,N
9.07839,101.30865,309.12,0.47,0.39,2026-09-05,1832,N21,nominal,2.0NRT,293.58,3.8,N
8.1481,100.22781,307.52,0.52,0.41,2026-09-05,1832,N21,nominal,2.0NRT,293.31,1.01,N
8.0984,99.98559,309.8,0.53,0.42,2026-09-05,1834,N21,nominal,2.0NRT,293.04,2.64,N
27.38026,95.33467,301.69,0.61,0.71,2026-09-05,1828,N21,nominal,2.0NRT,275.98,4.51,N
22.35589,96.70292,302.46,0.45,0.63,2026-09-05,1830,N21,nominal,2.0NRT,286.06,1.36,N
22.35504,96.70245,304.58,0.45,0.63,2026-09-05,1830,N21,nominal,2.0NRT,286.31,1.22,N
21.59217,96.22788,306.32,0.47,0.64,2026-09-05,1830,N21,nominal,2.0NRT,286.91,1.58,N
17.08116,79.32281,308.76,0.41,0.37,2026-09-05,2012,N21,nominal,2.0NRT,276.7,1.28,N
17.08061,79.32659,310.3,0.41,0.37,2026-09-05,2012,N21,nominal,2.0NRT,275.83,1.28,N
32.09121,74.14559,308.15,0.38,0.58,2026-09-05,2008,N21,nominal,2.0NRT,290.77,1.38,N
17.14211,77.18413,309.55,0.49,0.41,2026-09-05,2012,N21,nominal,2.0NRT,292.69,3.88,N
27.45998,95.47742,302.81,0.46,0.63,2026-09-05,2008,N21,nominal,2.0NRT,285.46,0.34,N
17.13967,77.17435,310.04,0.49,0.41,2026-09-05,2012,N21,nominal,2.0NRT,293.07,4.25,N
29.47612,76.85525,303.57,0.48,0.48,2026-09-05,2008,N21,nominal,2.0NRT,287.24,0.57,N
17.06219,76.97944,307.89,0.51,0.41,2026-09-05,2012,N21,nominal,2.0NRT,292.18,1.92,N
29.72195,72.06939,318.61,0.48,0.64,2026-09-05,2008,N21,nominal,2.0NRT,289.21,3.19,N
15.65958,73.99016,306.89,0.49,0.49,2026-09-05,2012,N21,nominal,2.0NRT,291.5,1.05,N
27.49386,86.55471,296.24,0.44,0.38,2026-09-05,2008,N21,nominal,2.0NRT,283.05,0.75,N
15.33241,76.28778,304.18,0.53,0.42,2026-09-05,2012,N21,nominal,2.0NRT,291.44,1.25,N
15.33358,76.28581,307.91,0.53,0.42,2026-09-05,2012,N21,nominal,2.0NRT,291.42,1.29,N
23.69411,87.12382,314.47,0.52,0.41,2026-09-05,2010,N21,nominal,2.0NRT,289.23,4.7,N
15.2251,76.76094,308.24,0.49,0.41,2026-09-05,2012,N21,nominal,2.0NRT,292.19,1.37,N
23.69594,87.0929,308.84,0.52,0.41,2026-09-05,2010,N21,nominal,2.0NRT,287.72,2.14,N
15.22446,76.76551,307.97,0.49,0.41,2026-09-05,2012,N21,nominal,2.0NRT,292.36,1.37,N
23.68659,87.12218,311.02,0.52,0.41,2026-09-05,2010,N21,nominal,2.0NRT,288.57,5.3,N
15.17379,77.10085,306.8,0.48,0.4,2026-09-05,2012,N21,nominal,2.0NRT,292.81,1.56,N
23.66499,87.15402,303.51,0.52,0.42,2026-09-05,2010,N21,nominal,2.0NRT,274.19,1.2,N
15.02234,78.01205,308.61,0.43,0.38,2026-09-05,2012,N21,nominal,2.0NRT,294.74,1.24,N
23.66405,87.15904,305.22,0.52,0.42,2026-09-05,2010,N21,nominal,2.0NRT,271.82,1.2,N
15.02176,78.01606,318.16,0.43,0.38,2026-09-05,2012,N21,nominal,2.0NRT,296.52,1.73,N
23.80522,86.3315,305.43,0.47,0.4,2026-09-05,2010,N21,nominal,2.0NRT,269.68,2.3,N
15.18623,76.65672,307.98,0.5,0.41,2026-09-05,2012,N21,nominal,2.0NRT,293.31,2.33,N
23.80162,86.33073,312.04,0.47,0.4,2026-09-05,2010,N21,nominal,2.0NRT,270.26,2.3,N
15.18124,76.66544,330.93,0.5,0.41,2026-09-05,2012,N21,nominal,2.0NRT,293.11,5.22,N
23.77989,86.38808,304.38,0.48,0.4,2026-09-05,2010,N21,nominal,2.0NRT,273.5,1.46,N
15.18312,76.65155,307.36,0.5,0.41,2026-09-05,2012,N21,nominal,2.0NRT,292.72,1.62,N
23.77627,86.38731,300.34,0.48,0.4,2026-09-05,2010,N21,nominal,2.0NRT,272.44,1.46,N
15.17999,76.67468,310.65,0.5,0.41,2026-09-05,2012,N21,nominal,2.0NRT,292.94,2.82,N
23.77898,86.38986,309.4,0.48,0.4,2026-09-05,2010,N21,nominal,2.0NRT,274.82,2.73,N
15.17876,76.65566,309.99,0.5,0.41,2026-09-05,2012,N21,nominal,2.0NRT,292.85,1.62,N
23.77909,86.34697,302.54,0.48,0.4,2026-09-05,2010,N21,nominal,2.0NRT,271.37,1.53,N
15.17626,76.67416,313.32,0.5,0.41,2026-09-05,2012,N21,nominal,2.0NRT,292.76,2.82,N
23.77583,86.36533,301.3,0.48,0.4,2026-09-05,2010,N21,nominal,2.0NRT,274.57,1.55,N
15.17563,76.67879,309.68,0.5,0.41,2026-09-05,2012,N21,nominal,2.0NRT,292.9,2.87,N
23.76927,86.40222,300.53,0.48,0.4,2026-09-05,2010,N21,nominal,2.0NRT,273.14,1.09,N
15.17375,76.6927,315.48,0.5,0.41,2026-09-05,2012,N21,nominal,2.0NRT,292.3,2.55,N
23.77222,86.36455,308.15,0.48,0.4,2026-09-05,2010,N21,nominal,2.0NRT,274.3,2.31,N
15.17502,76.65514,324.56,0.5,0.41,2026-09-05,2012,N21,nominal,2.0NRT,293.97,4.05,N
23.76565,86.40144,301.05,0.48,0.4,2026-09-05,2010,N21,nominal,2.0NRT,273.73,2.1,N
15.17873,76.67195,308.45,0.5,0.41,2026-09-05,2012,N21,nominal,2.0NRT,292.18,1.45,N
23.76483,86.40603,309.74,0.48,0.4,2026-09-05,2010,N21,nominal,2.0NRT,276,1.75,N
15.17808,76.67657,316.25,0.5,0.41,2026-09-05,2012,N21,nominal,2.0NRT,293.07,1.45,N
23.76203,86.40067,313.64,0.48,0.4,2026-09-05,2010,N21,nominal,2.0NRT,275.82,2.1,N
15.17761,76.65297,309.37,0.5,0.41,2026-09-05,2012,N21,nominal,2.0NRT,292.93,2.12,N
23.76121,86.40527,312.45,0.48,0.4,2026-09-05,2010,N21,nominal,2.0NRT,277.56,1.75,N
15.17696,76.65759,313.08,0.5,0.41,2026-09-05,2012,N21,nominal,2.0NRT,293.37,2.12,N
23.75841,86.3999,304.9,0.48,0.4,2026-09-05,2010,N21,nominal,2.0NRT,277.02,2.01,N
15.17434,76.67606,305.63,0.5,0.41,2026-09-05,2012,N21,nominal,2.0NRT,291.88,1.45,N
23.75759,86.4045,310.67,0.48,0.4,2026-09-05,2010,N21,nominal,2.0NRT,279.56,2.42,N
15.17237,76.68996,308.78,0.5,0.41,2026-09-05,2012,N21,nominal,2.0NRT,291.93,1.26,N
23.78103,86.2099,326.33,0.47,0.4,2026-09-05,2010,N21,nominal,2.0NRT,284.23,4.33,N
15.17172,76.69458,305.11,0.5,0.41,2026-09-05,2012,N21,nominal,2.0NRT,291.7,1.26,N
23.73728,86.43386,331.03,0.48,0.4,2026-09-05,2010,N21,nominal,2.0NRT,286.7,6.3,N
15.17387,76.65245,314.05,0.5,0.41,2026-09-05,2012,N21,nominal,2.0NRT,291.55,2.61,N
23.77744,86.20918,311.4,0.47,0.4,2026-09-05,2010,N21,nominal,2.0NRT,284.65,3.25,N
15.17192,76.66631,305.74,0.5,0.41,2026-09-05,2012,N21,nominal,2.0NRT,292.11,1.81,N
23.77267,86.19411,301.46,0.47,0.4,2026-09-05,2010,N21,nominal,2.0NRT,277.59,1.01,N
15.16989,76.37828,304.37,0.52,0.41,2026-09-05,2012,N21,nominal,2.0NRT,290.96,1.64,N
23.77187,86.19864,303.1,0.47,0.4,2026-09-05,2010,N21,nominal,2.0NRT,277.17,0.92,N
15.16922,76.38309,304.51,0.52,0.41,2026-09-05,2012,N21,nominal,2.0NRT,291.05,1.93,N
23.71215,86.44777,312.63,0.48,0.4,2026-09-05,2010,N21,nominal,2.0NRT,289.7,2.39,N
15.16609,76.37775,303.82,0.52,0.41,2026-09-05,2012,N21,nominal,2.0NRT,290.84,1.2,N
23.71131,86.4524,319.92,0.48,0.4,2026-09-05,2010,N21,nominal,2.0NRT,290.31,3.36,N
14.60506,78.52165,312.98,0.41,0.37,2026-09-05,2012,N21,nominal,2.0NRT,296.64,1.12,N
23.71271,86.42383,309.43,0.48,0.4,2026-09-05,2010,N21,nominal,2.0NRT,291.78,3.71,N
14.14932,77.59215,330.34,0.44,0.38,2026-09-05,2012,N21,nominal,2.0NRT,294.88,4.01,N
23.70852,86.447,315.9,0.48,0.4,2026-09-05,2010,N21,nominal,2.0NRT,289.96,2.39,N
13.70996,79.61896,311.56,0.39,0.36,2026-09-05,2012,N21,nominal,2.0NRT,295.77,1.22,N
23.561,87.22893,310.94,0.53,0.42,2026-09-05,2010,N21,nominal,2.0NRT,291.43,2.63,N
13.37448,78.87302,304.49,0.4,0.37,2026-09-05,2012,N21,nominal,2.0NRT,292.03,0.63,N
23.56006,87.23399,310.14,0.53,0.42,2026-09-05,2010,N21,nominal,2.0NRT,291.54,2.63,N
12.95159,79.9017,308.28,0.38,0.36,2026-09-05,2014,N21,nominal,2.0NRT,292.92,0.77,N
23.55911,87.23907,315.09,0.53,0.42,2026-09-05,2010,N21,nominal,2.0NRT,291.65,5.76,N
13.4158,75.98129,309.57,0.52,0.41,2026-09-05,2014,N21,nominal,2.0NRT,291.52,1.67,N
23.56101,87.08167,312.78,0.52,0.41,2026-09-05,2010,N21,nominal,2.0NRT,292.49,4.73,N
13.01668,77.74179,303.01,0.43,0.38,2026-09-05,2014,N21,nominal,2.0NRT,290.02,0.5,N
23.68428,86.39372,330.86,0.48,0.4,2026-09-05,2010,N21,nominal,2.0NRT,294.16,3.98,N
23.68512,86.38915,307.59,0.48,0.4,2026-09-05,2010,N21,nominal,2.0NRT,291.83,3.98,N
12.62565,79.78779,314.52,0.38,0.36,2026-09-05,2014,N21,nominal,2.0NRT,290.27,2,N
23.67981,86.39758,312.26,0.48,0.4,2026-09-05,2010,N21,nominal,2.0NRT,293.12,4.02,N
12.80543,77.43291,306.42,0.44,0.38,2026-09-05,2014,N21,nominal,2.0NRT,290.17,0.66,N
23.67533,86.40147,321.76,0.48,0.4,2026-09-05,2010,N21,nominal,2.0NRT,294.59,3.81,N
11.94986,76.94534,307.4,0.45,0.39,2026-09-05,2014,N21,nominal,2.0NRT,289.7,1.03,N
23.67702,86.39223,309.54,0.48,0.4,2026-09-05,2010,N21,nominal,2.0NRT,291.7,2.6,N
8.38256,80.80727,307.45,0.41,0.37,2026-09-05,2014,N21,nominal,2.0NRT,290.44,1.41,N
23.67618,86.39684,314.98,0.48,0.4,2026-09-05,2010,N21,nominal,2.0NRT,293.67,3.81,N
8.70224,78.05685,307.38,0.39,0.36,2026-09-05,2014,N21,nominal,2.0NRT,285.29,1.29,N
23.75704,85.85133,309.4,0.45,0.39,2026-09-05,2010,N21,nominal,2.0NRT,289.26,1.52,N
8.67761,77.63989,315.85,0.4,0.37,2026-09-05,2014,N21,nominal,2.0NRT,287.39,2.61,N
23.75628,85.85568,308.78,0.45,0.39,2026-09-05,2010,N21,nominal,2.0NRT,290.23,2.67,N
8.11788,80.81081,304.52,0.41,0.37,2026-09-05,2014,N21,nominal,2.0NRT,277.79,1.64,N
23.75274,85.85497,307.17,0.45,0.39,2026-09-05,2010,N21,nominal,2.0NRT,289.72,1.31,N
8.12039,80.55531,299.18,0.4,0.37,2026-09-05,2014,N21,nominal,2.0NRT,265.38,0.54,N
23.69961,86.07338,323.47,0.46,0.39,2026-09-05,2010,N21,nominal,2.0NRT,285.72,4.46,N
7.69903,80.44368,305.56,0.4,0.37,2026-09-05,2014,N21,nominal,2.0NRT,288.37,1.1,N
23.78718,85.55292,309.71,0.44,0.38,2026-09-05,2010,N21,nominal,2.0NRT,276.13,1.22,N
7.69845,80.4473,307.03,0.4,0.37,2026-09-05,2014,N21,nominal,2.0NRT,288,1.1,N
23.77997,85.57357,300.83,0.44,0.38,2026-09-05,2010,N21,nominal,2.0NRT,280.76,1.04,N
6.30928,80.96051,303.95,0.43,0.38,2026-09-05,2014,N21,nominal,2.0NRT,271.22,1.34,N
23.68136,86.0927,329.91,0.46,0.39,2026-09-05,2010,N21,nominal,2.0NRT,291.39,8.96,N
23.68057,86.09719,326.49,0.46,0.39,2026-09-05,2010,N21,nominal,2.0NRT,291.32,6.99,N
23.67502,86.08669,313.97,0.46,0.39,2026-09-05,2010,N21,nominal,2.0NRT,291.53,2.56,N
23.74508,85.50452,300.71,0.44,0.38,2026-09-05,2010,N21,nominal,2.0NRT,282.52,0.54,N
24.20427,82.71069,306.37,0.38,0.36,2026-09-05,2010,N21,nominal,2.0NRT,283.66,2.18,N
23.55145,86.54217,304.01,0.49,0.4,2026-09-05,2010,N21,nominal,2.0NRT,285.36,1.05,N
24.14729,82.65858,302.08,0.38,0.36,2026-09-05,2010,N21,nominal,2.0NRT,287.02,0.78,N
24.13681,82.726,310.82,0.38,0.36,2026-09-05,2010,N21,nominal,2.0NRT,289.68,1.21,N
23.69731,85.35693,301.44,0.43,0.38,2026-09-05,2010,N21,nominal,2.0NRT,284.32,0.98,N
23.69513,85.36953,317.14,0.43,0.38,2026-09-05,2010,N21,nominal,2.0NRT,288.69,2.54,N
23.82782,84.57143,309.52,0.41,0.37,2026-09-05,2010,N21,nominal,2.0NRT,289.38,2.2,N
23.69505,85.28721,305.53,0.43,0.38,2026-09-05,2010,N21,nominal,2.0NRT,289.69,1.94,N
23.73929,85.01005,312.86,0.42,0.38,2026-09-05,2010,N21,nominal,2.0NRT,289.07,2.29,N
23.73718,85.02235,302.78,0.42,0.38,2026-09-05,2010,N21,nominal,2.0NRT,286.36,0.7,N
23.71806,85.00999,307.03,0.42,0.38,2026-09-05,2010,N21,nominal,2.0NRT,287.2,0.49,N
23.6678,84.99622,304.81,0.42,0.38,2026-09-05,2010,N21,nominal,2.0NRT,290.35,0.75,N
23.66368,84.99961,304.65,0.42,0.38,2026-09-05,2010,N21,nominal,2.0NRT,290.89,0.9,N
25.39008,68.57923,311.22,0.72,0.76,2026-09-05,2010,N21,nominal,2.0NRT,292.34,1.85,N
25.39075,68.58009,312.25,0.72,0.75,2026-09-05,2010,N21,nominal,2.0NRT,292.53,2.81,N
22.87283,88.21246,305.18,0.41,0.45,2026-09-05,2010,N21,nominal,2.0NRT,289.89,2.67,N
22.87173,86.06425,309.81,0.47,0.4,2026-09-05,2010,N21,nominal,2.0NRT,292.42,1.5,N
22.79769,86.20249,307.99,0.48,0.4,2026-09-05,2010,N21,nominal,2.0NRT,293.22,2.29,N
22.81455,86.08678,319.93,0.48,0.4,2026-09-05,2010,N21,nominal,2.0NRT,292.35,3.02,N
22.79125,86.19631,308.75,0.48,0.4,2026-09-05,2010,N21,nominal,2.0NRT,293.4,2.41,N
22.7896,86.20553,310.74,0.48,0.4,2026-09-05,2010,N21,nominal,2.0NRT,293.44,3.02,N
22.78679,86.20014,308.97,0.48,0.4,2026-09-05,2010,N21,nominal,2.0NRT,293.68,1.65,N
22.78233,86.20396,306.54,0.48,0.4,2026-09-05,2010,N21,nominal,2.0NRT,293.29,1.65,N
22.37877,87.28007,327.63,0.56,0.43,2026-09-05,2010,N21,nominal,2.0NRT,293.8,3.77,N
22.3749,87.27922,314.23,0.56,0.43,2026-09-05,2010,N21,nominal,2.0NRT,293.32,3.77,N
22.36707,87.29963,314.18,0.56,0.43,2026-09-05,2010,N21,nominal,2.0NRT,293.19,2.93,N
22.3632,87.29877,315.58,0.56,0.43,2026-09-05,2010,N21,nominal,2.0NRT,293.03,2.93,N
22.35643,87.29174,309.11,0.56,0.43,2026-09-05,2010,N21,nominal,2.0NRT,292.3,1.61,N
22.59097,85.90384,307.25,0.47,0.4,2026-09-05,2010,N21,nominal,2.0NRT,292.47,1.84,N
22.57382,85.89554,342.22,0.47,0.4,2026-09-05,2010,N21,nominal,2.0NRT,294.39,7.45,N
22.57463,85.89106,309.35,0.47,0.4,2026-09-05,2010,N21,nominal,2.0NRT,292.93,2.21,N
22.36787,87.01679,307.73,0.54,0.42,2026-09-05,2010,N21,nominal,2.0NRT,292.8,1.5,N
22.36405,87.01598,307.67,0.54,0.42,2026-09-05,2010,N21,nominal,2.0NRT,293.27,1.64,N
22.36023,87.01515,306.85,0.54,0.42,2026-09-05,2010,N21,nominal,2.0NRT,293.05,1.64,N
22.24511,87.3878,316.97,0.57,0.43,2026-09-05,2010,N21,nominal,2.0NRT,292.8,5.6,N
22.0547,88.12509,313.7,0.42,0.45,2026-09-05,2010,N21,nominal,2.0NRT,292.83,3.41,N
22.05061,88.12418,308.05,0.42,0.45,2026-09-05,2010,N21,nominal,2.0NRT,292.31,2.71,N
22.21017,84.8771,305.71,0.43,0.38,2026-09-05,2010,N21,nominal,2.0NRT,291.75,1.91,N
22.20956,84.85995,329.75,0.43,0.38,2026-09-05,2010,N21,nominal,2.0NRT,291.42,5.04,N
22.20885,84.86406,322.75,0.43,0.38,2026-09-05,2010,N21,nominal,2.0NRT,291.11,5.04,N
22.21312,84.83941,306.67,0.43,0.38,2026-09-05,2010,N21,nominal,2.0NRT,291.11,1.68,N
22.20814,84.86816,305.04,0.43,0.38,2026-09-05,2010,N21,nominal,2.0NRT,290.68,2.03,N
22.20611,84.85925,317.65,0.43,0.38,2026-09-05,2010,N21,nominal,2.0NRT,289.35,2.82,N
22.05307,85.4641,309.95,0.46,0.39,2026-09-05,2010,N21,nominal,2.0NRT,291.15,1.36,N
21.98956,85.32646,305.55,0.45,0.39,2026-09-05,2010,N21,nominal,2.0NRT,290.81,1.09,N
21.93132,85.22147,310.59,0.45,0.39,2026-09-05,2010,N21,nominal,2.0NRT,291.02,1.77,N
21.92353,85.22436,317.76,0.45,0.39,2026-09-05,2010,N21,nominal,2.0NRT,290.94,2.65,N
21.85717,83.96687,309.54,0.41,0.37,2026-09-05,2010,N21,nominal,2.0NRT,291.72,3.14,N
21.92794,83.34996,295.74,0.39,0.36,2026-09-05,2010,N21,nominal,2.0NRT,283.72,0.86,N
21.81763,83.99536,305.71,0.41,0.37,2026-09-05,2010,N21,nominal,2.0NRT,291.41,3.04,N
21.9213,83.34872,300.73,0.39,0.36,2026-09-05,2010,N21,nominal,2.0NRT,285.13,0.91,N
21.80179,83.8933,302.5,0.4,0.37,2026-09-05,2010,N21,nominal,2.0NRT,289.19,1.38,N
21.77047,84.01955,310.59,0.41,0.37,2026-09-05,2010,N21,nominal,2.0NRT,292.24,2.59,N
21.76709,84.0189,322.11,0.41,0.37,2026-09-05,2010,N21,nominal,2.0NRT,293.11,2.59,N
21.76371,84.01826,312.38,0.41,0.37,2026-09-05,2010,N21,nominal,2.0NRT,292.64,4.55,N
21.75567,84.02476,307.75,0.41,0.37,2026-09-05,2010,N21,nominal,2.0NRT,292.57,2.65,N
21.07742,85.0393,310.86,0.45,0.39,2026-09-05,2010,N21,nominal,2.0NRT,291.45,3.03,N
20.95448,85.01337,301.26,0.45,0.39,2026-09-05,2010,N21,nominal,2.0NRT,279.03,1.77,N
20.88697,84.98214,310.44,0.45,0.39,2026-09-05,2010,N21,nominal,2.0NRT,282.62,2.3,N
20.80549,85.25647,303.08,0.46,0.39,2026-09-05,2010,N21,nominal,2.0NRT,286.5,1.68,N
20.79319,85.25151,303.43,0.46,0.39,2026-09-05,2010,N21,nominal,2.0NRT,284.29,1.11,N
20.78809,85.25961,304.18,0.46,0.39,2026-09-05,2010,N21,nominal,2.0NRT,285.85,1.75,N
20.78375,85.26329,308.54,0.46,0.39,2026-09-05,2010,N21,nominal,2.0NRT,288.87,3.11,N
21.33678,78.96844,304.58,0.45,0.39,2026-09-05,2010,N21,nominal,2.0NRT,286.98,1,N
20.69557,78.63858,312.01,0.46,0.39,2026-09-05,2010,N21,nominal,2.0NRT,289.79,1.69,N
21.1044,72.64349,308.08,0.35,0.57,2026-09-05,2010,N21,nominal,2.0NRT,287.78,2.29,N
21.10406,72.64688,311.77,0.35,0.57,2026-09-05,2010,N21,nominal,2.0NRT,290.06,3.22,N
21.09986,72.63612,301.42,0.35,0.57,2026-09-05,2010,N21,nominal,2.0NRT,286.78,0.87,N
18.72084,79.53776,312.1,0.41,0.37,2026-09-05,2012,N21,nominal,2.0NRT,292.04,2.03,N
17.69201,83.24284,315.25,0.42,0.37,2026-09-05,2012,N21,nominal,2.0NRT,293.91,2.79,N
17.62253,83.19462,310.5,0.41,0.37,2026-09-05,2012,N21,nominal,2.0NRT,294.19,1.23,N
17.6104,83.20434,330.16,0.41,0.37,2026-09-05,2012,N21,nominal,2.0NRT,295.47,3.91,N
17.60699,83.20371,310.74,0.41,0.37,2026-09-05,2012,N21,nominal,2.0NRT,294.66,1.1,N
17.60359,83.20309,311.08,0.41,0.37,2026-09-05,2012,N21,nominal,2.0NRT,294.39,1.1,N
17.4632,80.65212,310.59,0.39,0.36,2026-09-05,2012,N21,nominal,2.0NRT,289.62,1.14,N
36.94705,54.88877,302.77,0.38,0.44,2026-09-05,2148,N21,nominal,2.0NRT,287.24,1.31,N
36.94305,54.88818,304.7,0.38,0.44,2026-09-05,2148,N21,nominal,2.0NRT,290.71,1.31,N
36.35195,59.44577,301.64,0.39,0.36,2026-09-05,2148,N21,nominal,2.0NRT,284.92,0.37,N
33.80205,72.09871,301.51,0.42,0.61,2026-09-05,2148,N21,nominal,2.0NRT,288.03,1,N
36.27081,59.65042,303.05,0.39,0.36,2026-09-05,2148,N21,nominal,2.0NRT,288.42,0.57,N
36.23839,59.73188,304.61,0.39,0.36,2026-09-05,2148,N21,nominal,2.0NRT,286.18,1.11,N
36.34231,58.67747,308.45,0.41,0.37,2026-09-05,2148,N21,nominal,2.0NRT,290.02,2.29,N
36.33683,58.66701,301.8,0.41,0.37,2026-09-05,2148,N21,nominal,2.0NRT,289.98,0.85,N
33.29659,71.18657,304.36,0.38,0.59,2026-09-05,2148,N21,nominal,2.0NRT,287.69,0.68,N
35.35423,60.21687,307.57,0.38,0.36,2026-09-05,2148,N21,nominal,2.0NRT,286.83,1.19,N
35.36896,59.3034,296.61,0.39,0.36,2026-09-05,2148,N21,nominal,2.0NRT,284.47,0.59,N
35.36834,59.30765,297.12,0.39,0.36,2026-09-05,2148,N21,nominal,2.0NRT,284.91,0.58,N
35.31443,59.48871,299.1,0.39,0.36,2026-09-05,2148,N21,nominal,2.0NRT,287.49,0.87,N
33.7519,59.1456,309.01,0.39,0.36,2026-09-05,2148,N21,nominal,2.0NRT,284.07,1.63,N
33.62892,59.17167,297.83,0.39,0.36,2026-09-05,2148,N21,nominal,2.0NRT,286.49,0.7,N
32.923,60.23081,304.65,0.39,0.36,2026-09-05,2148,N21,nominal,2.0NRT,288.9,1.37,N
33.04094,56.84695,315.58,0.43,0.38,2026-09-05,2148,N21,nominal,2.0NRT,296.95,2.59,N
32.33311,54.0861,302.83,0.56,0.43,2026-09-05,2150,N21,nominal,2.0NRT,292.16,1.57,N
31.93932,54.04504,307.03,0.56,0.43,2026-09-05,2150,N21,nominal,2.0NRT,295.46,2.05,N
31.70397,55.44767,309.94,0.48,0.4,2026-09-05,2150,N21,nominal,2.0NRT,298.7,1.92,N
31.43287,56.49112,305.92,0.43,0.38,2026-09-05,2150,N21,nominal,2.0NRT,291.03,0.77,N
31.62084,54.72507,305.58,0.51,0.41,2026-09-05,2150,N21,nominal,2.0NRT,294.47,1.49,N
28.42337,69.70081,309.17,0.41,0.61,2026-09-05,2150,N21,nominal,2.0NRT,294.32,1.66,N
39.73182,75.01884,295.75,0.42,0.61,2026-09-05,2146,N21,nominal,2.0NRT,278.97,0.75,N
30.7561,56.65575,311.28,0.42,0.38,2026-09-05,2150,N21,nominal,2.0NRT,294.82,1.57,N
30.75549,56.66013,317.52,0.42,0.38,2026-09-05,2150,N21,nominal,2.0NRT,293.91,1.57,N
30.66582,56.62149,311.41,0.42,0.38,2026-09-05,2150,N21,nominal,2.0NRT,291.09,1.52,N
30.66616,56.62277,312.8,0.42,0.38,2026-09-05,2150,N21,nominal,2.0NRT,291.17,1.17,N
30.36629,57.11367,309.14,0.41,0.37,2026-09-05,2150,N21,nominal,2.0NRT,291.42,0.56,N
39.63865,66.85931,304.54,0.5,0.41,2026-09-05,2146,N21,nominal,2.0NRT,290.62,1.25,N
39.17798,68.61184,295.18,0.41,0.45,2026-09-05,2146,N21,nominal,2.0NRT,280.07,0.82,N
39.20014,66.83559,301.78,0.51,0.41,2026-09-05,2146,N21,nominal,2.0NRT,291.26,1.04,N
39.18325,65.31421,307.91,0.45,0.39,2026-09-05,2146,N21,nominal,2.0NRT,289.67,1.2,N
38.39571,69.11184,305.54,0.45,0.47,2026-09-05,2146,N21,nominal,2.0NRT,291.76,1.31,N
38.32585,68.9856,305.47,0.45,0.47,2026-09-05,2146,N21,nominal,2.0NRT,292.17,1.5,N
39.23944,63.5017,299.98,0.4,0.37,2026-09-05,2146,N21,nominal,2.0NRT,288.52,0.42,N
39.30459,62.97665,304.88,0.39,0.36,2026-09-05,2146,N21,nominal,2.0NRT,289.63,0.58,N
39.27675,63.08403,306.58,0.39,0.36,2026-09-05,2146,N21,nominal,2.0NRT,289.24,0.93,N
39.24824,63.21261,321.03,0.39,0.37,2026-09-05,2146,N21,nominal,2.0NRT,290.39,2.66,N
39.24847,63.17023,306.87,0.39,0.36,2026-09-05,2146,N21,nominal,2.0NRT,288.61,0.92,N
39.1868,63.37045,299.38,0.4,0.37,2026-09-05,2146,N21,nominal,2.0NRT,288.5,0.52,N
39.19483,63.28265,302.48,0.4,0.37,2026-09-05,2146,N21,nominal,2.0NRT,288.65,0.54,N
39.18404,63.34593,303.81,0.4,0.37,2026-09-05,2146,N21,nominal,2.0NRT,288.7,0.61,N
39.13708,63.61892,301.46,0.4,0.37,2026-09-05,2146,N21,nominal,2.0NRT,289.09,0.32,N
39.17996,63.34953,301.32,0.4,0.37,2026-09-05,2146,N21,nominal,2.0NRT,288.61,1.3,N
39.15974,63.46748,304.99,0.4,0.37,2026-09-05,2146,N21,nominal,2.0NRT,288.16,0.87,N
39.15643,63.46653,298.44,0.4,0.37,2026-09-05,2146,N21,nominal,2.0NRT,288.03,0.87,N
39.18645,63.27082,303.88,0.4,0.37,2026-09-05,2146,N21,nominal,2.0NRT,287.95,0.78,N
39.19387,63.20678,301.95,0.39,0.37,2026-09-05,2146,N21,nominal,2.0NRT,288.44,0.51,N
30.36962,56.12629,313.34,0.43,0.38,2026-09-05,2150,N21,nominal,2.0NRT,293.24,0.94,N
38.68554,65.98599,310.81,0.48,0.4,2026-09-05,2146,N21,nominal,2.0NRT,288.79,1.76,N
39.17245,63.27161,307.68,0.4,0.37,2026-09-05,2146,N21,nominal,2.0NRT,288.51,1.84,N
38.68006,65.95566,302.78,0.48,0.4,2026-09-05,2146,N21,nominal,2.0NRT,289.99,1.27,N
39.1776,63.22108,307.68,0.4,0.37,2026-09-05,2146,N21,nominal,2.0NRT,289.52,0.69,N
39.16815,63.25622,316.88,0.4,0.37,2026-09-05,2146,N21,nominal,2.0NRT,290.85,2.66,N
30.32165,55.97481,311.71,0.44,0.38,2026-09-05,2150,N21,nominal,2.0NRT,292.42,0.99,N
39.16738,63.26072,305.18,0.4,0.37,2026-09-05,2146,N21,nominal,2.0NRT,289.09,1.05,N
30.3212,55.97226,302.82,0.44,0.38,2026-09-05,2150,N21,nominal,2.0NRT,291.32,0.69,N
39.16408,63.2598,310.25,0.4,0.37,2026-09-05,2146,N21,nominal,2.0NRT,289.59,1.05,N
39.15404,63.3185,316.68,0.4,0.37,2026-09-05,2146,N21,nominal,2.0NRT,290.52,1.61,N
39.12579,63.46259,301.35,0.4,0.37,2026-09-05,2146,N21,nominal,2.0NRT,288.94,0.61,N
39.12952,63.42077,314.97,0.4,0.37,2026-09-05,2146,N21,nominal,2.0NRT,288.61,1.2,N
39.12585,63.30821,309.46,0.4,0.37,2026-09-05,2146,N21,nominal,2.0NRT,290.02,0.9,N
39.10635,63.40239,299.98,0.4,0.37,2026-09-05,2146,N21,nominal,2.0NRT,288.17,0.7,N
39.11462,63.33348,323.8,0.4,0.37,2026-09-05,2146,N21,nominal,2.0NRT,290.6,2.67,N
39.09352,63.43681,304.11,0.4,0.37,2026-09-05,2146,N21,nominal,2.0NRT,289.13,0.6,N
39.07948,63.51872,300.59,0.4,0.37,2026-09-05,2146,N21,nominal,2.0NRT,288.21,0.75,N
39.07574,63.39846,300.17,0.4,0.37,2026-09-05,2146,N21,nominal,2.0NRT,289.21,0.71,N
39.01547,63.7069,300.31,0.4,0.37,2026-09-05,2146,N21,nominal,2.0NRT,289.39,0.51,N
38.94016,64.13416,298.09,0.41,0.37,2026-09-05,2146,N21,nominal,2.0NRT,287.68,0.46,N
38.9872,63.58815,306.86,0.4,0.37,2026-09-05,2146,N21,nominal,2.0NRT,289.3,1.26,N
38.9621,63.69157,311.77,0.4,0.37,2026-09-05,2146,N21,nominal,2.0NRT,288.97,1.13,N
38.97104,63.59109,304.81,0.4,0.37,2026-09-05,2146,N21,nominal,2.0NRT,289.77,0.89,N
38.97482,63.46777,312.86,0.4,0.37,2026-09-05,2146,N21,nominal,2.0NRT,291.22,1.8,N
38.91608,63.80692,301.52,0.41,0.37,2026-09-05,2146,N21,nominal,2.0NRT,288.12,0.88,N
38.90846,63.79017,297.1,0.41,0.37,2026-09-05,2146,N21,nominal,2.0NRT,286.28,0.46,N
38.87663,63.7713,303.33,0.41,0.37,2026-09-05,2146,N21,nominal,2.0NRT,287.02,0.57,N
38.87177,63.79898,298.47,0.41,0.37,2026-09-05,2146,N21,nominal,2.0NRT,287.02,0.61,N
38.66594,64.77797,299.93,0.44,0.38,2026-09-05,2146,N21,nominal,2.0NRT,289.1,0.48,N
38.83676,63.818,307.61,0.41,0.37,2026-09-05,2146,N21,nominal,2.0NRT,289.33,1.03,N
38.83423,63.8124,309.91,0.41,0.37,2026-09-05,2146,N21,nominal,2.0NRT,290.46,1.03,N
38.35211,66.31654,307.53,0.5,0.41,2026-09-05,2146,N21,nominal,2.0NRT,288.87,0.57,N
38.45381,65.80518,302.02,0.48,0.4,2026-09-05,2146,N21,nominal,2.0NRT,290.32,0.92,N
38.35085,66.31432,306.76,0.5,0.41,2026-09-05,2146,N21,nominal,2.0NRT,289.81,1.04,N
38.48009,65.62862,316.11,0.47,0.4,2026-09-05,2146,N21,nominal,2.0NRT,292.22,1.46,N
30.21585,55.98293,304.45,0.44,0.38,2026-09-05,2150,N21,nominal,2.0NRT,292.42,0.96,N
38.77294,63.81609,303.71,0.41,0.37,2026-09-05,2146,N21,nominal,2.0NRT,287.27,0.77,N
38.04957,67.26218,327.16,0.56,0.43,2026-09-05,2146,N21,nominal,2.0NRT,289.66,5.12,N
29.47768,60.80516,299.9,0.41,0.37,2026-09-05,2150,N21,nominal,2.0NRT,288.86,1.09,N
29.47629,60.80646,307.15,0.41,0.37,2026-09-05,2150,N21,nominal,2.0NRT,289.89,1.24,N
38.05308,67.26343,325.29,0.56,0.43,2026-09-05,2146,N21,nominal,2.0NRT,288.53,1.86,N
38.04924,67.26219,307.44,0.56,0.43,2026-09-05,2146,N21,nominal,2.0NRT,288.54,1.86,N
38.65174,63.97922,305.29,0.41,0.37,2026-09-05,2146,N21,nominal,2.0NRT,287.55,1.17,N
38.49387,64.10859,297.96,0.42,0.38,2026-09-05,2146,N21,nominal,2.0NRT,287.03,0.5,N
38.05635,65.49607,298.1,0.47,0.4,2026-09-05,2146,N21,nominal,2.0NRT,286.28,0.51,N
38.13035,64.67403,308.76,0.44,0.38,2026-09-05,2146,N21,nominal,2.0NRT,288.81,1.34,N
38.11955,64.71223,301.03,0.44,0.38,2026-09-05,2146,N21,nominal,2.0NRT,288.3,0.79,N
38.05398,64.88424,319.75,0.45,0.39,2026-09-05,2146,N21,nominal,2.0NRT,289.81,1.95,N
38.0512,64.89919,300.33,0.45,0.39,2026-09-05,2146,N21,nominal,2.0NRT,288.96,0.91,N
38.05027,64.90418,302.86,0.45,0.39,2026-09-05,2146,N21,nominal,2.0NRT,288.43,0.91,N
37.9686,65.04389,300.35,0.45,0.39,2026-09-05,2148,N21,nominal,2.0NRT,288.4,0.68,N
37.88739,65.08627,307.54,0.46,0.39,2026-09-05,2148,N21,nominal,2.0NRT,288.74,1.25,N
29.94264,56.98847,302.29,0.41,0.37,2026-09-05,2150,N21,nominal,2.0NRT,289.51,0.57,N
37.82928,65.17632,299.98,0.46,0.39,2026-09-05,2148,N21,nominal,2.0NRT,289.15,0.6,N
37.82322,65.16905,307.11,0.46,0.39,2026-09-05,2148,N21,nominal,2.0NRT,289.44,0.75,N
37.66249,65.28602,307.07,0.47,0.39,2026-09-05,2148,N21,nominal,2.0NRT,289.44,0.84,N
37.9618,62.66527,305.25,0.39,0.36,2026-09-05,2148,N21,nominal,2.0NRT,290.75,0.94,N
38.14546,61.23227,335.03,0.38,0.36,2026-09-05,2148,N21,nominal,2.0NRT,295.5,4.89,N
37.98832,61.88148,318.68,0.39,0.36,2026-09-05,2148,N21,nominal,2.0NRT,289.39,2.03,N
37.98434,61.88498,321.08,0.39,0.36,2026-09-05,2148,N21,nominal,2.0NRT,289.59,2.68,N
29.9266,56.7315,317.65,0.41,0.37,2026-09-05,2150,N21,nominal,2.0NRT,292.41,1.57,N
37.79599,62.55179,327.06,0.39,0.36,2026-09-05,2148,N21,nominal,2.0NRT,291.67,2.67,N
37.7883,62.53597,313.9,0.39,0.36,2026-09-05,2148,N21,nominal,2.0NRT,289.21,1.62,N
30.08213,55.39609,315.96,0.46,0.39,2026-09-05,2150,N21,nominal,2.0NRT,292.07,2.94,N
37.78756,62.54036,312.78,0.39,0.36,2026-09-05,2148,N21,nominal,2.0NRT,288.38,1.31,N
30.08153,55.40084,312.16,0.46,0.39,2026-09-05,2150,N21,nominal,2.0NRT,290.88,2.34,N
37.78318,62.52544,307.46,0.39,0.36,2026-09-05,2148,N21,nominal,2.0NRT,288.35,0.97,N
29.99093,55.85057,328.06,0.44,0.38,2026-09-05,2150,N21,nominal,2.0NRT,292.72,6,N
37.8269,61.99091,300.31,0.39,0.36,2026-09-05,2148,N21,nominal,2.0NRT,287.3,0.46,N
37.77805,62.10159,302.76,0.39,0.36,2026-09-05,2148,N21,nominal,2.0NRT,288.53,1.17,N
37.8445,61.60483,304.57,0.38,0.36,2026-09-05,2148,N21,nominal,2.0NRT,288.65,0.93,N
37.77626,62.02871,306.04,0.39,0.36,2026-09-05,2148,N21,nominal,2.0NRT,287.91,0.83,N
37.74611,62.12952,300.54,0.39,0.36,2026-09-05,2148,N21,nominal,2.0NRT,286.18,0.95,N
37.74282,62.12867,306.98,0.39,0.36,2026-09-05,2148,N21,nominal,2.0NRT,288.64,0.95,N
37.74151,62.07398,311.48,0.39,0.36,2026-09-05,2148,N21,nominal,2.0NRT,288.07,1.12,N
37.72811,62.09314,317.08,0.39,0.36,2026-09-05,2148,N21,nominal,2.0NRT,288.38,1.47,N
37.72739,62.09748,301.64,0.39,0.36,2026-09-05,2148,N21,nominal,2.0NRT,287.19,1.39,N
38.25672,58.38956,302.69,0.43,0.38,2026-09-05,2148,N21,nominal,2.0NRT,292.02,1.5,N
37.74982,61.85495,308.77,0.39,0.36,2026-09-05,2148,N21,nominal,2.0NRT,287.42,1.34,N
37.74537,61.8403,299.62,0.39,0.36,2026-09-05,2148,N21,nominal,2.0NRT,289.27,0.65,N
37.74466,61.84462,301.33,0.39,0.36,2026-09-05,2148,N21,nominal,2.0NRT,288.12,0.65,N
37.7934,61.4977,308.44,0.38,0.36,2026-09-05,2148,N21,nominal,2.0NRT,288.24,1.45,N
37.67018,62.23672,325.96,0.39,0.36,2026-09-05,2148,N21,nominal,2.0NRT,290.08,2.74,N
37.65936,62.24073,318.49,0.39,0.36,2026-09-05,2148,N21,nominal,2.0NRT,289.83,2.18,N
37.65535,62.24422,307.94,0.39,0.36,2026-09-05,2148,N21,nominal,2.0NRT,287.72,0.77,N
38.6784,54.31537,322.85,0.43,0.46,2026-09-05,2148,N21,nominal,2.0NRT,291.05,2.57,N
37.63808,62.20337,312.63,0.39,0.36,2026-09-05,2148,N21,nominal,2.0NRT,287.77,1.93,N
29.99527,55.19825,309.48,0.47,0.4,2026-09-05,2150,N21,nominal,2.0NRT,291.61,1.68,N
37.70393,61.77789,298.38,0.39,0.36,2026-09-05,2148,N21,nominal,2.0NRT,288.32,0.46,N
37.62606,62.21385,319.28,0.39,0.36,2026-09-05,2148,N21,nominal,2.0NRT,290.58,2.38,N
38.64753,54.28061,336.84,0.43,0.46,2026-09-05,2148,N21,nominal,2.0NRT,293.39,2.97,N
37.62665,62.16865,318.77,0.39,0.36,2026-09-05,2148,N21,nominal,2.0NRT,289.61,0.9,N
37.62109,62.14001,327.69,0.39,0.36,2026-09-05,2148,N21,nominal,2.0NRT,291.78,2.93,N
37.62323,62.12698,310.1,0.39,0.36,2026-09-05,2148,N21,nominal,2.0NRT,290.28,1.01,N
38.26231,57.65695,313.83,0.45,0.39,2026-09-05,2148,N21,nominal,2.0NRT,295.83,1.75,N
38.22128,57.98619,302.56,0.44,0.38,2026-09-05,2148,N21,nominal,2.0NRT,288,0.8,N
37.65605,61.90517,317.87,0.39,0.36,2026-09-05,2148,N21,nominal,2.0NRT,289.08,1.26,N
37.65535,61.90949,297.06,0.39,0.36,2026-09-05,2148,N21,nominal,2.0NRT,286.9,1.01,N
37.6178,62.13916,319.06,0.39,0.36,2026-09-05,2148,N21,nominal,2.0NRT,290.84,2.93,N
38.21713,57.99049,307.64,0.44,0.38,2026-09-05,2148,N21,nominal,2.0NRT,288.39,0.91,N
38.19565,58.10352,299.26,0.44,0.38,2026-09-05,2148,N21,nominal,2.0NRT,286.92,0.38,N
38.19143,58.05179,310.84,0.44,0.38,2026-09-05,2148,N21,nominal,2.0NRT,291.12,2.22,N
38.19154,57.96489,300.68,0.44,0.38,2026-09-05,2148,N21,nominal,2.0NRT,289.04,0.51,N
38.1785,57.98281,298.1,0.44,0.38,2026-09-05,2148,N21,nominal,2.0NRT,288.08,0.7,N
37.63037,61.72496,307.52,0.39,0.36,2026-09-05,2148,N21,nominal,2.0NRT,287.27,0.74,N
37.61488,61.60891,299.06,0.38,0.36,2026-09-05,2148,N21,nominal,2.0NRT,287.78,0.42,N
37.60833,61.60725,337.62,0.38,0.36,2026-09-05,2148,N21,nominal,2.0NRT,295.51,6.74,N
37.80522,60.32869,307.13,0.39,0.36,2026-09-05,2148,N21,nominal,2.0NRT,287.89,0.77,N
37.61382,61.57291,310.3,0.38,0.36,2026-09-05,2148,N21,nominal,2.0NRT,288.39,1.03,N
37.61313,61.57722,318.59,0.38,0.36,2026-09-05,2148,N21,nominal,2.0NRT,292.81,2.02,N
37.55544,61.93512,303.22,0.39,0.36,2026-09-05,2148,N21,nominal,2.0NRT,288.16,1.19,N
37.56991,61.80387,301.42,0.39,0.36,2026-09-05,2148,N21,nominal,2.0NRT,287.95,1.2,N
38.06379,58.31583,300.1,0.43,0.38,2026-09-05,2148,N21,nominal,2.0NRT,287.91,0.9,N
37.59554,61.55935,317.28,0.38,0.36,2026-09-05,2148,N21,nominal,2.0NRT,289.53,2.08,N
37.5938,61.52755,323.59,0.38,0.36,2026-09-05,2148,N21,nominal,2.0NRT,289.94,1.89,N
37.5883,61.562,327.96,0.38,0.36,2026-09-05,2148,N21,nominal,2.0NRT,290.39,2.95,N
37.59311,61.53186,305.8,0.38,0.36,2026-09-05,2148,N21,nominal,2.0NRT,287.41,1.89,N
37.59052,61.52673,306.84,0.38,0.36,2026-09-05,2148,N21,nominal,2.0NRT,285.66,1.19,N
37.58503,61.56118,304.55,0.38,0.36,2026-09-05,2148,N21,nominal,2.0NRT,289.25,0.81,N
37.58176,61.56036,301.09,0.38,0.36,2026-09-05,2148,N21,nominal,2.0NRT,289.16,0.81,N
38.009,58.54653,299.81,0.42,0.38,2026-09-05,2148,N21,nominal,2.0NRT,289.81,0.74,N
37.5022,61.98904,310.34,0.39,0.36,2026-09-05,2148,N21,nominal,2.0NRT,288.34,1.37,N
37.73476,60.41277,299.25,0.39,0.36,2026-09-05,2148,N21,nominal,2.0NRT,286.9,0.78,N
37.73082,60.41634,299.03,0.39,0.36,2026-09-05,2148,N21,nominal,2.0NRT,287.34,0.55,N
37.48193,62.00785,300.38,0.39,0.36,2026-09-05,2148,N21,nominal,2.0NRT,287.31,0.57,N
37.48358,61.97671,313.5,0.39,0.36,2026-09-05,2148,N21,nominal,2.0NRT,288.76,1.15,N
37.42536,62.31016,304.55,0.39,0.36,2026-09-05,2148,N21,nominal,2.0NRT,285.27,0.69,N
37.49807,61.84541,325.92,0.39,0.36,2026-09-05,2148,N21,nominal,2.0NRT,291.94,2.62,N
37.49737,61.84973,324.67,0.39,0.36,2026-09-05,2148,N21,nominal,2.0NRT,291.33,2.62,N
37.42206,62.30929,317.06,0.39,0.36,2026-09-05,2148,N21,nominal,2.0NRT,287.73,1.52,N
37.72415,60.36973,304.45,0.39,0.36,2026-09-05,2148,N21,nominal,2.0NRT,288.1,0.64,N
37.4469,62.07553,296.63,0.39,0.36,2026-09-05,2148,N21,nominal,2.0NRT,286.43,0.54,N
37.40487,62.30934,298.38,0.39,0.36,2026-09-05,2148,N21,nominal,2.0NRT,287.39,0.48,N
37.94061,58.5638,315.4,0.42,0.38,2026-09-05,2148,N21,nominal,2.0NRT,291.81,1.75,N
37.67274,60.34866,296.73,0.39,0.36,2026-09-05,2148,N21,nominal,2.0NRT,286.35,0.42,N
37.62141,60.44179,306.68,0.39,0.36,2026-09-05,2148,N21,nominal,2.0NRT,287.46,1.01,N
37.63372,60.33681,300.5,0.39,0.36,2026-09-05,2148,N21,nominal,2.0NRT,286.9,0.67,N
37.63308,60.34116,315.02,0.39,0.36,2026-09-05,2148,N21,nominal,2.0NRT,289.28,1.95,N
37.6187,60.39175,309.49,0.39,0.36,2026-09-05,2148,N21,nominal,2.0NRT,289.33,1.13,N
37.51028,61.0143,326.75,0.38,0.36,2026-09-05,2148,N21,nominal,2.0NRT,291.18,2.2,N
37.50172,61.02559,326.98,0.38,0.36,2026-09-05,2148,N21,nominal,2.0NRT,290.17,3.1,N
37.40413,61.34484,317.9,0.38,0.36,2026-09-05,2148,N21,nominal,2.0NRT,288.21,1.83,N
37.82782,58.38218,313.82,0.42,0.38,2026-09-05,2148,N21,nominal,2.0NRT,290.75,1.19,N
37.48616,60.45683,309.43,0.39,0.36,2026-09-05,2148,N21,nominal,2.0NRT,285.76,0.78,N
37.34617,61.36373,310.68,0.38,0.36,2026-09-05,2148,N21,nominal,2.0NRT,287.78,1.81,N
37.36777,61.05287,298.52,0.38,0.36,2026-09-05,2148,N21,nominal,2.0NRT,286.63,0.45,N
37.43938,60.40553,296.5,0.39,0.36,2026-09-05,2148,N21,nominal,2.0NRT,285.22,0.61,N
37.327,61.09632,319.17,0.38,0.36,2026-09-05,2148,N21,nominal,2.0NRT,289.31,2.07,N
37.11845,62.36135,328.6,0.39,0.36,2026-09-05,2148,N21,nominal,2.0NRT,292.7,4.44,N
37.11771,62.36571,298.5,0.39,0.36,2026-09-05,2148,N21,nominal,2.0NRT,288.01,1.4,N
37.11441,62.36485,311.28,0.39,0.36,2026-09-05,2148,N21,nominal,2.0NRT,289.99,1.4,N
37.35514,60.46735,308.74,0.39,0.36,2026-09-05,2148,N21,nominal,2.0NRT,288.95,0.87,N
37.03382,62.41796,316.01,0.39,0.36,2026-09-05,2148,N21,nominal,2.0NRT,289.89,2.2,N
37.03051,62.4171,322.55,0.39,0.36,2026-09-05,2148,N21,nominal,2.0NRT,290.41,2.2,N
37.22591,60.88801,295.98,0.38,0.36,2026-09-05,2148,N21,nominal,2.0NRT,285.72,0.33,N
37.17874,60.86332,302.16,0.38,0.36,2026-09-05,2148,N21,nominal,2.0NRT,285.36,1.15,N
37.18721,59.99345,302.36,0.39,0.36,2026-09-05,2148,N21,nominal,2.0NRT,289.13,0.59,N
37.45459,57.68614,311.36,0.44,0.39,2026-09-05,2148,N21,nominal,2.0NRT,290.38,1.93,N
37.34024,58.04573,299.37,0.43,0.38,2026-09-05,2148,N21,nominal,2.0NRT,286.1,1.52,N
36.47724,61.62468,303.88,0.39,0.36,2026-09-05,2148,N21,nominal,2.0NRT,288.08,2.18,N
36.55725,60.82085,326.87,0.38,0.36,2026-09-05,2148,N21,nominal,2.0NRT,287.67,2.75,N
36.54349,60.82197,328.74,0.38,0.36,2026-09-05,2148,N21,nominal,2.0NRT,291.6,5.04,N
36.5409,60.79494,318.57,0.38,0.36,2026-09-05,2148,N21,nominal,2.0NRT,288.46,0.93,N
36.53432,60.81538,320.54,0.38,0.36,2026-09-05,2148,N21,nominal,2.0NRT,286.94,0.99,N
36.53104,60.81459,300.2,0.38,0.36,2026-09-05,2148,N21,nominal,2.0NRT,286.29,0.99,N
36.43998,61.21949,316.74,0.38,0.36,2026-09-05,2148,N21,nominal,2.0NRT,289.61,1.8,N
36.48911,60.80019,312.68,0.38,0.36,2026-09-05,2148,N21,nominal,2.0NRT,289.08,0.94,N
36.4641,60.84864,321.54,0.38,0.36,2026-09-05,2148,N21,nominal,2.0NRT,291.04,2.72,N
36.46343,60.85289,303.97,0.38,0.36,2026-09-05,2148,N21,nominal,2.0NRT,289.77,0.86,N
36.98988,56.23392,298.34,0.5,0.41,2026-09-05,2148,N21,nominal,2.0NRT,286.94,1.27,N
36.9926,56.232,307.69,0.5,0.41,2026-09-05,2148,N21,nominal,2.0NRT,288.43,1.31,N
36.47792,59.74653,300.66,0.39,0.36,2026-09-05,2148,N21,nominal,2.0NRT,286.21,0.51,N
36.49656,59.33431,309.28,0.4,0.37,2026-09-05,2148,N21,nominal,2.0NRT,286.43,1.34,N
35.88998,63.01699,298.93,0.41,0.37,2026-09-05,2148,N21,nominal,2.0NRT,286.63,0.43,N
28.64879,59.04914,309.84,0.39,0.36,2026-09-05,2150,N21,nominal,2.0NRT,295.73,1.49,N
29.1523,55.36843,305.02,0.45,0.39,2026-09-05,2150,N21,nominal,2.0NRT,292.47,0.84,N
29.13688,55.37532,307.2,0.45,0.39,2026-09-05,2150,N21,nominal,2.0NRT,296.17,2.87,N
29.17024,54.61615,310.02,0.49,0.4,2026-09-05,2150,N21,nominal,2.0NRT,295.83,1.33,N
27.22954,60.48898,311.4,0.42,0.37,2026-09-05,2150,N21,nominal,2.0NRT,300.84,1.14,N
25.38878,68.58372,320.61,0.41,0.61,2026-09-05,2150,N21,nominal,2.0NRT,294.03,2.04,N
27.16137,56.10109,322.83,0.41,0.37,2026-09-05,2150,N21,nominal,2.0NRT,294.39,8.2,N
25.80143,60.67768,309.61,0.44,0.38,2026-09-05,2150,N21,nominal,2.0NRT,297.27,1.06,N
25.96735,56.06688,315.17,0.4,0.37,2026-09-05,2150,N21,nominal,2.0NRT,302.09,4.62,N
25.6001,54.42505,320.73,0.46,0.39,2026-09-05,2150,N21,nominal,2.0NRT,303.07,1.4,N
24.99058,55.62638,320.94,0.41,0.37,2026-09-05,2153,N21,nominal,2.0NRT,300.91,3.04,N
25.06152,55.12081,315.63,0.43,0.38,2026-09-05,2153,N21,nominal,2.0NRT,301.32,1.33,N
24.50729,56.60927,313.36,0.39,0.36,2026-09-05,2153,N21,nominal,2.0NRT,300.36,1.18,N
24.50455,56.60487,323.11,0.39,0.36,2026-09-05,2153,N21,nominal,2.0NRT,300.8,3.02,N
24.50398,56.60868,315.87,0.39,0.36,2026-09-05,2153,N21,nominal,2.0NRT,300.1,1.18,N
24.47294,56.6344,318.11,0.39,0.36,2026-09-05,2153,N21,nominal,2.0NRT,299.7,1.22,N
24.46565,56.63771,315.57,0.39,0.36,2026-09-05,2153,N21,nominal,2.0NRT,299.64,0.97,N
24.46406,56.62571,311.1,0.39,0.36,2026-09-05,2153,N21,nominal,2.0NRT,299.69,0.54,N
24.45449,56.55369,318.94,0.39,0.36,2026-09-05,2153,N21,nominal,2.0NRT,300.5,1.28,N
24.51118,54.01869,339.91,0.46,0.39,2026-09-05,2153,N21,nominal,2.0NRT,303.49,5.69,N
23.55393,58.20028,305.81,0.39,0.36,2026-09-05,2153,N21,nominal,2.0NRT,291.5,1.97,N
23.48289,58.28033,320.18,0.39,0.36,2026-09-05,2153,N21,nominal,2.0NRT,300.05,4.25,N
23.36604,56.28392,317.71,0.39,0.36,2026-09-05,2153,N21,nominal,2.0NRT,299.33,2.19,N
22.65487,59.4159,311.9,0.42,0.38,2026-09-05,2153,N21,nominal,2.0NRT,300.64,1.17,N
23.19273,55.45648,319.97,0.4,0.37,2026-09-05,2153,N21,nominal,2.0NRT,300.5,2.23,N
23.18936,55.45591,332.47,0.4,0.37,2026-09-05,2153,N21,nominal,2.0NRT,302.33,4.22,N
23.27594,54.22997,311.37,0.44,0.39,2026-09-05,2153,N21,nominal,2.0NRT,300.07,6.13,N
22.87449,55.61513,315.27,0.4,0.37,2026-09-05,2153,N21,nominal,2.0NRT,291.89,2.5,N
22.40404,56.98891,328.92,0.38,0.36,2026-09-05,2153,N21,nominal,2.0NRT,298.16,2.27,N
22.34676,56.43486,330.31,0.39,0.36,2026-09-05,2153,N21,nominal,2.0NRT,299.3,1.97,N
22.32837,56.4888,331.07,0.39,0.36,2026-09-05,2153,N21,nominal,2.0NRT,298.62,3.05,N
22.52397,54.05021,310.87,0.44,0.39,2026-09-05,2153,N21,nominal,2.0NRT,300.22,1.23,N
21.93806,57.07274,333.96,0.38,0.36,2026-09-05,2153,N21,nominal,2.0NRT,297.15,5.2,N
22.08285,55.97649,310.8,0.39,0.36,2026-09-05,2153,N21,nominal,2.0NRT,299.45,4.18,N
22.01082,56.42984,344.76,0.39,0.36,2026-09-05,2153,N21,nominal,2.0NRT,297.73,5.64,N
21.89178,56.84502,312.19,0.38,0.36,2026-09-05,2153,N21,nominal,2.0NRT,297.11,0.97,N
21.83558,56.68031,314.38,0.38,0.36,2026-09-05,2153,N21,nominal,2.0NRT,297.21,1.13,N
21.83229,56.67972,309.24,0.38,0.36,2026-09-05,2153,N21,nominal,2.0NRT,297.04,1.13,N
21.46107,57.2454,311.12,0.39,0.36,2026-09-05,2153,N21,nominal,2.0NRT,296.19,0.81,N
21.33303,57.72319,319.2,0.39,0.36,2026-09-05,2153,N21,nominal,2.0NRT,295.98,1.49,N
21.31976,57.72074,317.6,0.39,0.36,2026-09-05,2153,N21,nominal,2.0NRT,295.77,1.62,N
21.31281,57.74256,324.43,0.39,0.36,2026-09-05,2153,N21,nominal,2.0NRT,295.45,2.39,N
21.31221,57.74631,329.3,0.39,0.36,2026-09-05,2153,N21,nominal,2.0NRT,295.98,2.39,N
21.3037,57.79874,319.51,0.39,0.36,2026-09-05,2153,N21,nominal,2.0NRT,295.85,1.66,N
21.305,57.70648,323.48,0.39,0.36,2026-09-05,2153,N21,nominal,2.0NRT,295.7,1.58,N
21.29537,57.68163,314.52,0.39,0.36,2026-09-05,2153,N21,nominal,2.0NRT,295.52,0.98,N
21.33288,56.6974,336.12,0.38,0.36,2026-09-05,2153,N21,nominal,2.0NRT,300.81,7.95,N
21.3323,56.70108,309.62,0.38,0.36,2026-09-05,2153,N21,nominal,2.0NRT,296.78,7.95,N
20.55859,56.42025,309.91,0.38,0.36,2026-09-05,2153,N21,nominal,2.0NRT,295.99,0.73,N
20.37513,55.93434,308.53,0.39,0.36,2026-09-05,2153,N21,nominal,2.0NRT,296.57,0.65,N
20.38945,55.66137,328.9,0.39,0.36,2026-09-05,2153,N21,nominal,2.0NRT,297.42,4.08,N
20.38505,55.64547,318.49,0.39,0.36,2026-09-05,2153,N21,nominal,2.0NRT,296.79,1.26,N
20.3845,55.64917,308.98,0.39,0.36,2026-09-05,2153,N21,nominal,2.0NRT,296.16,1.26,N
20.21177,55.71131,326.42,0.39,0.36,2026-09-05,2153,N21,nominal,2.0NRT,296.41,2.47,N
19.34698,56.46064,305.6,0.38,0.36,2026-09-05,2153,N21,nominal,2.0NRT,295.13,0.63,N
19.26919,56.17562,308.74,0.38,0.36,2026-09-05,2153,N21,nominal,2.0NRT,294.99,0.63,N
18.5577,55.86913,309.44,0.38,0.36,2026-09-05,2153,N21,nominal,2.0NRT,295.42,0.74,N
18.32125,55.10475,322.01,0.39,0.36,2026-09-05,2153,N21,nominal,2.0NRT,296.69,1.74,N
18.03332,54.6439,308.64,0.4,0.37,2026-09-05,2153,N21,nominal,2.0NRT,297.69,1.16,N
18.01408,54.57214,342.69,0.4,0.37,2026-09-05,2153,N21,nominal,2.0NRT,302.56,11.25,N
38.67941,54.31339,305.7,0.77,0.77,2026-09-05,2329,N21,nominal,2.0NRT,285.78,1.92,N
38.65207,54.27894,296.92,0.77,0.77,2026-09-05,2329,N21,nominal,2.0NRT,284.88,1.61,N
38.64937,54.28706,302.95,0.77,0.77,2026-09-05,2329,N21,nominal,2.0NRT,285.3,1.61,N
38.64497,54.28175,322,0.77,0.77,2026-09-05,2329,N21,nominal,2.0NRT,286.48,4.6,N
26.57776,101.66521,340.32,0.34,0.56,2026-09-06,0544,N21,nominal,2.0NRT,295.62,4.21,D
27.87482,96.91916,325.16,0.62,0.71,2026-09-06,0544,N21,nominal,2.0NRT,288.27,9.28,D
14.10067,100.33099,328.96,0.77,0.77,2026-09-06,0540,N21,nominal,2.0NRT,286.3,10.04,D
14.22676,100.41496,329.67,0.75,0.77,2026-09-06,0540,N21,nominal,2.0NRT,285.11,4.04,D
14.50785,100.5515,334.08,0.73,0.76,2026-09-06,0540,N21,nominal,2.0NRT,286.77,12.23,D
14.50282,100.55569,328.12,0.72,0.76,2026-09-06,0540,N21,nominal,2.0NRT,286.69,6.33,D
14.65038,100.67854,344.83,0.71,0.75,2026-09-06,0540,N21,nominal,2.0NRT,287.12,12.61,D
14.6516,100.67538,329.29,0.71,0.75,2026-09-06,0540,N21,nominal,2.0NRT,286.85,13.45,D
15.146,100.20923,330.33,0.74,0.76,2026-09-06,0540,N21,nominal,2.0NRT,285.64,5.66,D
15.15005,100.03127,333.1,0.76,0.77,2026-09-06,0540,N21,nominal,2.0NRT,286.3,12.76,D
15.14838,100.029,335.75,0.76,0.77,2026-09-06,0540,N21,nominal,2.0NRT,286.2,9.64,D
15.20299,100.04566,349.23,0.76,0.77,2026-09-06,0540,N21,nominal,2.0NRT,286.02,14.28,D
35.46502,101.95705,329.67,0.42,0.46,2026-09-06,0546,N21,nominal,2.0NRT,294.79,2.11,D
6.13999,81.04825,333.88,0.41,0.61,2026-09-06,0718,N21,nominal,2.0NRT,295.22,6.32,D
26.75753,91.44517,339.79,0.39,0.44,2026-09-06,0724,N21,nominal,2.0NRT,292.25,5.19,D
6.20039,81.16876,335.24,0.4,0.6,2026-09-06,0718,N21,nominal,2.0NRT,296.39,3.8,D
27.37982,95.33495,331,0.34,0.56,2026-09-06,0724,N21,nominal,2.0NRT,289.17,3.08,D
6.20132,81.16903,333.27,0.4,0.6,2026-09-06,0718,N21,nominal,2.0NRT,296.47,3.69,D
27.98455,96.97561,328.55,0.44,0.63,2026-09-06,0724,N21,nominal,2.0NRT,290.76,6.63,D
27.98621,96.97636,336.58,0.44,0.63,2026-09-06,0724,N21,nominal,2.0NRT,291.79,6.46,D
6.2606,80.85835,351.16,0.42,0.61,2026-09-06,0718,N21,nominal,2.0NRT,293.8,5.93,D
29.13242,89.25173,329.32,0.48,0.4,2026-09-06,0724,N21,low,2.0NRT,303.32,5.2,D
6.34997,81.34798,335.99,0.39,0.59,2026-09-06,0718,N21,nominal,2.0NRT,287.72,4.88,D
37.30443,79.85003,336.9,0.43,0.38,2026-09-06,0729,N21,nominal,2.0NRT,294.91,4.43,D
6.26617,80.85738,339.29,0.42,0.61,2026-09-06,0718,N21,nominal,2.0NRT,296.69,5.93,D
37.3087,79.85382,330.98,0.43,0.38,2026-09-06,0729,N21,nominal,2.0NRT,294.47,5.25,D
6.26479,80.856,351.46,0.42,0.61,2026-09-06,0718,N21,nominal,2.0NRT,296.69,13.31,D
6.3413,81.12635,346.24,0.4,0.6,2026-09-06,0718,N21,nominal,2.0NRT,297.66,7.03,D
37.30785,79.84907,347.71,0.43,0.38,2026-09-06,0729,N21,nominal,2.0NRT,295.15,5.25,D
6.34067,81.12275,338.15,0.4,0.6,2026-09-06,0718,N21,nominal,2.0NRT,297.11,7.03,D
6.3811,81.03073,367,0.41,0.61,2026-09-06,0718,N21,high,2.0NRT,295.37,22.19,D
38.05305,67.26252,367,0.57,0.69,2026-09-06,0729,N21,high,2.0NRT,316.06,23.39,D
6.38048,81.02711,347.96,0.41,0.61,2026-09-06,0718,N21,nominal,2.0NRT,294.27,22.19,D
38.05077,67.26341,367,0.57,0.69,2026-09-06,0729,N21,high,2.0NRT,316.99,20.29,D
38.05547,65.50736,340.57,0.7,0.75,2026-09-06,0729,N21,nominal,2.0NRT,307.12,9.26,D
6.38111,81.0295,367,0.41,0.61,2026-09-06,0718,N21,high,2.0NRT,296.6,41.73,D
6.42158,81.25405,332.79,0.39,0.6,2026-09-06,0718,N21,nominal,2.0NRT,293.38,2.57,D
38.0571,65.50331,350.99,0.7,0.75,2026-09-06,0729,N21,nominal,2.0NRT,307.96,13.34,D
6.37201,80.78787,331.81,0.43,0.62,2026-09-06,0718,N21,nominal,2.0NRT,294.16,4.16,D
6.45108,81.04076,367,0.41,0.61,2026-09-06,0718,N21,high,2.0NRT,294.56,12.17,D
6.51894,80.90942,332.71,0.42,0.61,2026-09-06,0718,N21,nominal,2.0NRT,294.65,4.16,D
39.38235,67.13002,331.53,0.53,0.67,2026-09-06,0729,N21,nominal,2.0NRT,300.56,4.17,D
6.60755,80.89721,341.27,0.42,0.61,2026-09-06,0718,N21,nominal,2.0NRT,297.69,6.91,D
6.71646,81.32162,333.26,0.39,0.59,2026-09-06,0718,N21,nominal,2.0NRT,297.49,4.97,D
6.71105,81.29081,330.7,0.39,0.59,2026-09-06,0718,N21,nominal,2.0NRT,297.83,3.72,D
6.78527,81.52767,331.77,0.37,0.58,2026-09-06,0718,N21,nominal,2.0NRT,299.12,2.76,D
6.75515,81.35358,331.3,0.38,0.59,2026-09-06,0718,N21,nominal,2.0NRT,297.04,2.37,D
6.73372,81.19785,347.71,0.39,0.6,2026-09-06,0718,N21,nominal,2.0NRT,294.3,5.66,D
6.77872,81.42638,340.23,0.38,0.59,2026-09-06,0718,N21,nominal,2.0NRT,297.23,3.23,D
6.81132,81.5843,334.12,0.37,0.58,2026-09-06,0718,N21,nominal,2.0NRT,298.21,4.7,D
6.80699,81.5274,347.78,0.37,0.58,2026-09-06,0718,N21,nominal,2.0NRT,298.34,5.73,D
6.81131,81.58534,344.7,0.37,0.58,2026-09-06,0718,N21,nominal,2.0NRT,299.2,3.01,D
6.80248,81.47531,330.66,0.38,0.58,2026-09-06,0718,N21,nominal,2.0NRT,297.58,2.26,D
6.81905,81.4146,331.4,0.38,0.59,2026-09-06,0718,N21,nominal,2.0NRT,296.89,3.09,D
6.83906,81.46586,367,0.38,0.58,2026-09-06,0718,N21,high,2.0NRT,300.21,11.57,D
6.88099,81.67355,367,0.36,0.58,2026-09-06,0718,N21,high,2.0NRT,301,19.05,D
6.88043,81.67033,367,0.36,0.58,2026-09-06,0718,N21,high,2.0NRT,300.39,19.05,D
6.9616,81.82992,336.04,0.35,0.57,2026-09-06,0718,N21,nominal,2.0NRT,299.08,3.39,D
6.89532,81.41201,334.11,0.38,0.59,2026-09-06,0718,N21,nominal,2.0NRT,293.92,3,D
6.91203,81.47757,331.16,0.37,0.58,2026-09-06,0718,N21,nominal,2.0NRT,296.14,3.7,D
6.91146,81.47424,334.19,0.37,0.58,2026-09-06,0718,N21,nominal,2.0NRT,296.17,4.23,D
6.89384,81.41226,333.36,0.38,0.59,2026-09-06,0718,N21,nominal,2.0NRT,293.64,2.39,D
6.91043,81.4743,337.73,0.37,0.58,2026-09-06,0718,N21,nominal,2.0NRT,295.74,4.41,D
6.96602,81.57301,330.79,0.37,0.58,2026-09-06,0718,N21,nominal,2.0NRT,297.47,2.55,D
6.96544,81.56973,331.37,0.37,0.58,2026-09-06,0718,N21,nominal,2.0NRT,296.44,2.55,D
6.98108,81.59716,330.52,0.37,0.58,2026-09-06,0718,N21,nominal,2.0NRT,297.51,3.16,D
6.94837,81.41089,341.84,0.38,0.59,2026-09-06,0718,N21,nominal,2.0NRT,291.99,4,D
6.98463,81.58661,344.35,0.37,0.58,2026-09-06,0718,N21,nominal,2.0NRT,297.34,7.12,D
7.13712,81.77805,332.86,0.35,0.57,2026-09-06,0718,N21,nominal,2.0NRT,297.81,3.41,D
7.13942,81.07836,346.53,0.4,0.6,2026-09-06,0718,N21,nominal,2.0NRT,293.58,9.71,D
7.27871,81.71591,330.25,0.35,0.57,2026-09-06,0720,N21,nominal,2.0NRT,296.21,1.65,D
7.28894,81.74327,332.78,0.35,0.57,2026-09-06,0720,N21,nominal,2.0NRT,297.54,2.1,D
7.30356,81.79538,330.05,0.35,0.57,2026-09-06,0720,N21,nominal,2.0NRT,296.17,2.26,D
7.30871,81.79452,339.75,0.35,0.57,2026-09-06,0720,N21,nominal,2.0NRT,295.93,3.65,D
7.30816,81.79142,336,0.35,0.57,2026-09-06,0720,N21,nominal,2.0NRT,296.18,3.77,D
7.3258,81.80125,343.89,0.35,0.57,2026-09-06,0720,N21,nominal,2.0NRT,297.44,3.43,D
7.33437,81.72919,336.18,0.35,0.57,2026-09-06,0720,N21,nominal,2.0NRT,296.55,3.16,D
7.38701,81.78769,353.81,0.35,0.57,2026-09-06,0720,N21,nominal,2.0NRT,295.58,6.41,D
7.38412,81.78901,336.91,0.35,0.57,2026-09-06,0720,N21,nominal,2.0NRT,295.45,7.62,D
7.3979,81.65795,334.09,0.36,0.57,2026-09-06,0720,N21,nominal,2.0NRT,293.96,2.42,D
7.4122,81.67829,330.12,0.35,0.57,2026-09-06,0720,N21,nominal,2.0NRT,293.89,3.08,D
7.42608,81.66621,367,0.36,0.57,2026-09-06,0720,N21,high,2.0NRT,296.09,13.61,D
7.50104,81.74751,332.1,0.35,0.57,2026-09-06,0720,N21,nominal,2.0NRT,294.21,4.6,D
7.33059,79.98771,333.04,0.47,0.64,2026-09-06,0720,N21,nominal,2.0NRT,291.71,5.64,D
7.70656,81.5966,346.17,0.36,0.57,2026-09-06,0720,N21,nominal,2.0NRT,295.7,5.03,D
7.62587,80.83673,345.04,0.4,0.6,2026-09-06,0720,N21,nominal,2.0NRT,295.8,7.39,D
7.71267,80.71763,336.98,0.41,0.61,2026-09-06,0720,N21,nominal,2.0NRT,292.19,2.52,D
7.87399,80.89081,334.55,0.4,0.6,2026-09-06,0720,N21,nominal,2.0NRT,293.74,3.75,D
7.77094,80.0999,332.59,0.45,0.63,2026-09-06,0720,N21,nominal,2.0NRT,292.06,7.01,D
8.01386,81.25735,330.66,0.37,0.58,2026-09-06,0720,N21,nominal,2.0NRT,295.78,4.11,D
7.84237,80.23505,332.42,0.44,0.62,2026-09-06,0720,N21,nominal,2.0NRT,291.97,4.36,D
7.93987,80.68458,340.47,0.41,0.6,2026-09-06,0720,N21,nominal,2.0NRT,291.25,7.64,D
8.1549,81.41106,330.14,0.36,0.57,2026-09-06,0720,N21,nominal,2.0NRT,292.83,3.03,D
8.03601,80.61691,335.39,0.41,0.61,2026-09-06,0720,N21,nominal,2.0NRT,289.62,4.62,D
7.9611,80.1642,330.71,0.44,0.63,2026-09-06,0720,N21,nominal,2.0NRT,291.21,9.82,D
7.99323,80.27926,344.62,0.43,0.62,2026-09-06,0720,N21,nominal,2.0NRT,293.04,8.5,D
8.04178,80.64662,330.47,0.41,0.6,2026-09-06,0720,N21,nominal,2.0NRT,291.49,3.01,D
8.03638,80.61749,342.81,0.41,0.61,2026-09-06,0720,N21,nominal,2.0NRT,289.61,3.13,D
7.95078,80.12637,332.7,0.44,0.63,2026-09-06,0720,N21,nominal,2.0NRT,292.95,3.13,D
7.96385,80.16504,353.18,0.44,0.62,2026-09-06,0720,N21,nominal,2.0NRT,292.08,9.14,D
7.99679,80.27979,341.19,0.43,0.62,2026-09-06,0720,N21,nominal,2.0NRT,289.58,4.63,D
7.99665,80.21604,354.86,0.44,0.62,2026-09-06,0720,N21,nominal,2.0NRT,290.78,14.2,D
8.02004,80.31163,330.28,0.43,0.62,2026-09-06,0720,N21,nominal,2.0NRT,289.97,5.14,D
7.96503,80.01275,330.19,0.45,0.63,2026-09-06,0720,N21,nominal,2.0NRT,290.92,6.79,D
8.0389,80.3515,349.41,0.43,0.62,2026-09-06,0720,N21,nominal,2.0NRT,290.15,9.39,D
8.09861,80.55402,343.5,0.41,0.61,2026-09-06,0720,N21,nominal,2.0NRT,292.18,10.32,D
8.06931,80.23161,335.04,0.44,0.62,2026-09-06,0720,N21,nominal,2.0NRT,288.07,5.34,D
8.07245,80.22962,335.56,0.44,0.62,2026-09-06,0720,N21,nominal,2.0NRT,288.64,4.66,D
8.17463,80.5954,367,0.41,0.61,2026-09-06,0720,N21,high,2.0NRT,292.29,18.08,D
8.21838,80.77317,331,0.4,0.6,2026-09-06,0720,N21,nominal,2.0NRT,289.9,5.06,D
8.22987,80.77476,340.29,0.4,0.6,2026-09-06,0720,N21,nominal,2.0NRT,292.22,7.29,D
8.28515,80.98885,332.07,0.38,0.59,2026-09-06,0720,N21,nominal,2.0NRT,292.89,5.99,D
8.22733,80.605,331.76,0.41,0.6,2026-09-06,0720,N21,nominal,2.0NRT,294.58,9.38,D
8.24302,80.53432,330.47,0.41,0.61,2026-09-06,0720,N21,nominal,2.0NRT,289.93,3,D
8.30296,80.80885,367,0.39,0.6,2026-09-06,0720,N21,high,2.0NRT,294.13,11.53,D
8.30048,80.79481,334.35,0.39,0.6,2026-09-06,0720,N21,nominal,2.0NRT,293.53,8.18,D
8.30469,80.80684,367,0.39,0.6,2026-09-06,0720,N21,high,2.0NRT,295.08,15.36,D
8.30274,80.79626,343.23,0.39,0.6,2026-09-06,0720,N21,nominal,2.0NRT,293.16,10.11,D
8.25499,80.25665,343.4,0.43,0.62,2026-09-06,0720,N21,nominal,2.0NRT,293.89,10.8,D
8.2606,80.25567,349.96,0.43,0.62,2026-09-06,0720,N21,nominal,2.0NRT,292.22,10.8,D
8.36094,80.77875,343.56,0.39,0.6,2026-09-06,0720,N21,nominal,2.0NRT,293.89,4.98,D
8.36823,80.78828,330.98,0.39,0.6,2026-09-06,0720,N21,nominal,2.0NRT,292.03,3.54,D
8.32054,80.30001,342.88,0.43,0.62,2026-09-06,0720,N21,nominal,2.0NRT,291.87,6.07,D
8.40215,80.72793,331.46,0.4,0.6,2026-09-06,0720,N21,nominal,2.0NRT,295.02,8.26,D
8.31937,80.3007,338.03,0.43,0.62,2026-09-06,0720,N21,nominal,2.0NRT,291.51,7.38,D
8.39976,80.67367,338.29,0.4,0.6,2026-09-06,0720,N21,nominal,2.0NRT,293.79,4.77,D
8.4052,80.67271,367,0.4,0.6,2026-09-06,0720,N21,high,2.0NRT,293.99,20.19,D
8.40454,80.66913,338.29,0.4,0.6,2026-09-06,0720,N21,nominal,2.0NRT,293.34,11.31,D
8.31421,80.17928,330.06,0.43,0.62,2026-09-06,0720,N21,nominal,2.0NRT,291.8,5,D
8.42046,80.63319,334.48,0.4,0.6,2026-09-06,0720,N21,nominal,2.0NRT,292.02,5.29,D
8.42983,80.65374,330.33,0.4,0.6,2026-09-06,0720,N21,nominal,2.0NRT,293.35,4.75,D
8.40109,80.43324,337.34,0.42,0.61,2026-09-06,0720,N21,nominal,2.0NRT,292.84,7.74,D
8.48377,80.7354,342.97,0.4,0.6,2026-09-06,0720,N21,nominal,2.0NRT,293.84,8.85,D
8.47246,80.60928,367,0.4,0.6,2026-09-06,0720,N21,high,2.0NRT,290.5,13.47,D
8.50005,80.7328,332.18,0.4,0.6,2026-09-06,0720,N21,nominal,2.0NRT,292.95,5.63,D
8.49623,80.73165,333.61,0.4,0.6,2026-09-06,0720,N21,nominal,2.0NRT,293.23,6.87,D
8.52117,80.80617,335.46,0.39,0.59,2026-09-06,0720,N21,nominal,2.0NRT,291.48,3.71,D
8.44197,80.31695,367,0.42,0.61,2026-09-06,0720,N21,high,2.0NRT,293.21,14.84,D
8.51684,80.59992,349.7,0.4,0.6,2026-09-06,0720,N21,nominal,2.0NRT,285.91,7.3,D
8.56027,80.74605,338.78,0.39,0.6,2026-09-06,0720,N21,nominal,2.0NRT,292.03,7.99,D
8.58128,80.83142,350.04,0.39,0.59,2026-09-06,0720,N21,nominal,2.0NRT,291.14,7.14,D
8.60402,80.83466,350.04,0.39,0.59,2026-09-06,0720,N21,nominal,2.0NRT,293.27,10.79,D
8.50555,80.22356,367,0.43,0.62,2026-09-06,0720,N21,high,2.0NRT,292.89,12.4,D
8.50486,80.21972,367,0.43,0.62,2026-09-06,0720,N21,high,2.0NRT,292.63,12.4,D
8.50377,80.22226,367,0.43,0.62,2026-09-06,0720,N21,high,2.0NRT,292.79,13.15,D
8.58104,80.63495,331.2,0.4,0.6,2026-09-06,0720,N21,nominal,2.0NRT,285.51,4.77,D
8.50305,80.21844,334.87,0.43,0.62,2026-09-06,0720,N21,nominal,2.0NRT,292,13.15,D
8.51852,80.23936,336.6,0.43,0.62,2026-09-06,0720,N21,nominal,2.0NRT,291.83,4.18,D
8.61992,80.69353,335.94,0.4,0.6,2026-09-06,0720,N21,nominal,2.0NRT,283.25,3.98,D
8.59793,80.51321,334.42,0.41,0.6,2026-09-06,0720,N21,nominal,2.0NRT,292.58,5.95,D
8.64632,80.62362,335.58,0.4,0.6,2026-09-06,0720,N21,nominal,2.0NRT,290.09,5.54,D
8.6582,80.50248,367,0.41,0.6,2026-09-06,0720,N21,high,2.0NRT,291.04,12.67,D
8.65885,80.50611,330.59,0.41,0.6,2026-09-06,0720,N21,nominal,2.0NRT,288.47,8.34,D
8.6569,80.49527,345,0.41,0.6,2026-09-06,0720,N21,nominal,2.0NRT,290.39,8.82,D
8.71491,80.53058,352.79,0.4,0.6,2026-09-06,0720,N21,nominal,2.0NRT,292.75,10.12,D
8.74966,80.53562,344.77,0.4,0.6,2026-09-06,0720,N21,nominal,2.0NRT,292.98,7.6,D
8.749,80.532,343,0.4,0.6,2026-09-06,0720,N21,nominal,2.0NRT,293.02,14.43,D
8.75512,80.53464,332.54,0.4,0.6,2026-09-06,0720,N21,nominal,2.0NRT,293.1,7.6,D
8.77759,80.53429,331.58,0.4,0.6,2026-09-06,0720,N21,nominal,2.0NRT,292.23,6.3,D
8.79782,80.55302,348.62,0.4,0.6,2026-09-06,0720,N21,nominal,2.0NRT,292.38,4.9,D
8.80965,80.57843,331.78,0.4,0.6,2026-09-06,0720,N21,nominal,2.0NRT,294.34,6.62,D
8.7461,80.20624,339.04,0.43,0.62,2026-09-06,0720,N21,nominal,2.0NRT,291.76,9.98,D
8.74539,80.20245,333.89,0.43,0.62,2026-09-06,0720,N21,nominal,2.0NRT,290.37,6.95,D
8.81484,80.48472,330.84,0.41,0.6,2026-09-06,0720,N21,nominal,2.0NRT,292.52,5.35,D
8.87522,80.72227,337.42,0.39,0.59,2026-09-06,0720,N21,nominal,2.0NRT,290.26,4.28,D
8.92696,80.8857,340.01,0.38,0.59,2026-09-06,0720,N21,nominal,2.0NRT,287.4,7.56,D
8.93288,80.76529,333.95,0.39,0.59,2026-09-06,0720,N21,nominal,2.0NRT,288.73,3.04,D
8.91877,80.43142,346.19,0.41,0.6,2026-09-06,0720,N21,nominal,2.0NRT,291.36,7.5,D
9.00035,80.66301,340.28,0.39,0.59,2026-09-06,0720,N21,nominal,2.0NRT,279.16,6.38,D
9.07009,80.51222,332.68,0.4,0.6,2026-09-06,0720,N21,nominal,2.0NRT,290.14,3.66,D
9.2094,80.80424,352.76,0.38,0.59,2026-09-06,0720,N21,nominal,2.0NRT,292.71,7.03,D
9.23457,80.66959,348.94,0.39,0.59,2026-09-06,0720,N21,nominal,2.0NRT,292.19,8.1,D
9.38468,80.51876,345.42,0.39,0.6,2026-09-06,0720,N21,nominal,2.0NRT,291,5.7,D
9.3743,80.46233,339.61,0.4,0.6,2026-09-06,0720,N21,nominal,2.0NRT,290.52,4.13,D
9.35343,80.28749,331.28,0.41,0.61,2026-09-06,0720,N21,nominal,2.0NRT,288.26,2.47,D
9.4027,80.46444,341.1,0.4,0.6,2026-09-06,0720,N21,nominal,2.0NRT,291.79,8.93,D
9.40206,80.4609,346.37,0.4,0.6,2026-09-06,0720,N21,nominal,2.0NRT,292.14,8.5,D
9.40877,80.467,367,0.4,0.6,2026-09-06,0720,N21,high,2.0NRT,292.53,10.66,D
9.398,80.37682,338.47,0.4,0.6,2026-09-06,0720,N21,nominal,2.0NRT,289.34,2.85,D
9.39895,80.3748,336.16,0.4,0.6,2026-09-06,0720,N21,nominal,2.0NRT,289.92,3.96,D
9.42008,80.36726,330.35,0.4,0.6,2026-09-06,0720,N21,nominal,2.0NRT,290.76,2.24,D
9.46915,80.47984,349.73,0.4,0.6,2026-09-06,0720,N21,nominal,2.0NRT,289.89,19.34,D
9.4698,80.48336,355.61,0.4,0.6,2026-09-06,0720,N21,low,2.0NRT,287.85,19.34,D
9.47606,80.45673,340.28,0.4,0.6,2026-09-06,0720,N21,nominal,2.0NRT,289.8,4.51,D
9.06089,77.65742,330.2,0.63,0.72,2026-09-06,0720,N21,nominal,2.0NRT,289.16,6.47,D
9.76366,80.16456,338.37,0.41,0.61,2026-09-06,0720,N21,nominal,2.0NRT,289.64,6.59,D
9.76915,80.16356,355.69,0.41,0.61,2026-09-06,0720,N21,low,2.0NRT,289.47,6.59,D
9.77767,78.38486,346.77,0.54,0.68,2026-09-06,0720,N21,nominal,2.0NRT,285.86,11.04,D
10.35633,79.15871,337.42,0.47,0.64,2026-09-06,0720,N21,nominal,2.0NRT,286.42,6.29,D
10.3562,79.15823,339.14,0.47,0.64,2026-09-06,0720,N21,nominal,2.0NRT,286.24,5.56,D
14.00905,100.34172,338.05,0.51,0.66,2026-09-06,0720,N21,nominal,2.0NRT,289.65,6.77,D
14.01035,100.34074,336.87,0.51,0.66,2026-09-06,0720,N21,nominal,2.0NRT,289.71,6.13,D
14.08584,100.35583,332.81,0.51,0.66,2026-09-06,0720,N21,nominal,2.0NRT,289.06,8.54,D
14.09192,100.35513,353.57,0.51,0.66,2026-09-06,0720,N21,nominal,2.0NRT,289.4,12.32,D
14.0914,100.3504,332.05,0.51,0.66,2026-09-06,0720,N21,nominal,2.0NRT,288.33,12.32,D
14.08676,100.35256,354.39,0.51,0.66,2026-09-06,0720,N21,nominal,2.0NRT,289.3,32.29,D
14.16739,100.3575,332.65,0.52,0.67,2026-09-06,0720,N21,nominal,2.0NRT,286.69,4.86,D
10.93033,78.4953,331.85,0.51,0.66,2026-09-06,0720,N21,nominal,2.0NRT,289.5,3.63,D
14.25992,100.12157,335,0.5,0.66,2026-09-06,0720,N21,nominal,2.0NRT,286.42,2.87,D
10.94046,78.16074,342.28,0.54,0.68,2026-09-06,0720,N21,nominal,2.0NRT,285.74,3.88,D
14.33579,100.36381,331.77,0.52,0.67,2026-09-06,0720,N21,nominal,2.0NRT,288.76,7.64,D
14.34784,100.3517,342.11,0.52,0.67,2026-09-06,0720,N21,nominal,2.0NRT,288.19,6.13,D
10.89275,77.62709,335.17,0.58,0.7,2026-09-06,0720,N21,nominal,2.0NRT,290.69,7.34,D
14.38379,100.22794,339.69,0.51,0.66,2026-09-06,0720,N21,nominal,2.0NRT,289.57,11.15,D
14.47959,100.30475,335.7,0.52,0.67,2026-09-06,0720,N21,nominal,2.0NRT,288.48,2.79,D
14.44524,99.55265,330.53,0.46,0.63,2026-09-06,0720,N21,nominal,2.0NRT,290.41,2.4,D
14.63451,100.35612,353.39,0.52,0.67,2026-09-06,0720,N21,nominal,2.0NRT,288.41,16.74,D
14.63542,100.36041,331.18,0.52,0.67,2026-09-06,0720,N21,nominal,2.0NRT,288.57,10.33,D
14.63492,100.35558,352.03,0.52,0.67,2026-09-06,0720,N21,nominal,2.0NRT,288.06,11.74,D
14.66093,100.36723,354.78,0.52,0.67,2026-09-06,0720,N21,nominal,2.0NRT,288.78,12.33,D
14.71818,100.38027,341.21,0.53,0.67,2026-09-06,0720,N21,nominal,2.0NRT,288.8,6.49,D
14.78702,100.56374,340.44,0.54,0.68,2026-09-06,0720,N21,nominal,2.0NRT,288.78,8.72,D
14.82137,100.29687,335.64,0.52,0.67,2026-09-06,0720,N21,nominal,2.0NRT,288.76,6.92,D
14.82168,100.29399,331.01,0.52,0.67,2026-09-06,0720,N21,nominal,2.0NRT,288.71,7.51,D
14.9474,100.42724,335.85,0.53,0.67,2026-09-06,0720,N21,nominal,2.0NRT,285.23,6.26,D
11.62928,76.9966,333.19,0.63,0.72,2026-09-06,0720,N21,nominal,2.0NRT,288.3,10.29,D
15.84356,99.65942,341.63,0.49,0.65,2026-09-06,0720,N21,nominal,2.0NRT,287.7,6.49,D
15.84118,99.65892,345.9,0.49,0.65,2026-09-06,0720,N21,nominal,2.0NRT,288.18,9.06,D
15.90678,99.82771,329.67,0.5,0.66,2026-09-06,0720,N21,nominal,2.0NRT,287.58,3.77,D
16.08566,100.23604,332.6,0.53,0.67,2026-09-06,0720,N21,nominal,2.0NRT,287.29,5.34,D
16.07628,99.96664,336.07,0.51,0.66,2026-09-06,0720,N21,nominal,2.0NRT,288.06,10.46,D
16.07776,99.9683,344.36,0.51,0.66,2026-09-06,0720,N21,nominal,2.0NRT,287.65,7.88,D
16.11853,99.82531,331.72,0.5,0.66,2026-09-06,0720,N21,nominal,2.0NRT,287.62,3.41,D
16.54486,99.55492,329.46,0.49,0.65,2026-09-06,0720,N21,nominal,2.0NRT,288.83,2.88,D
16.67652,100.23965,331.34,0.54,0.68,2026-09-06,0720,N21,nominal,2.0NRT,279.78,6.78,D
16.5745,79.53558,337.48,0.34,0.56,2026-09-06,0722,N21,nominal,2.0NRT,295.02,3.57,D
19.89053,99.25383,326.57,0.51,0.66,2026-09-06,0722,N21,nominal,2.0NRT,290.9,3.75,D
17.85695,82.5862,340.58,0.41,0.45,2026-09-06,0722,N21,nominal,2.0NRT,299.03,13.78,D
20.24194,100.01614,341.73,0.58,0.7,2026-09-06,0722,N21,nominal,2.0NRT,289.1,8.72,D
18.34005,83.61451,341.79,0.52,0.42,2026-09-06,0722,N21,nominal,2.0NRT,299.78,6.89,D
25.02586,96.36914,335.06,0.38,0.59,2026-09-06,0724,N21,nominal,2.0NRT,291.21,2.58,D
25.24637,96.33969,353.77,0.38,0.59,2026-09-06,0724,N21,nominal,2.0NRT,291.46,7.76,D
5.52216,95.82217,331.27,0.39,0.44,2026-09-06,0718,N21,nominal,2.0NRT,292.09,2.32,D
9.01685,77.36189,330.32,0.64,0.72,2026-09-06,0900,N21,nominal,2.0NRT,290,2.82,D
14.60401,76.94505,337.41,0.71,0.75,2026-09-06,0902,N21,nominal,2.0NRT,292.54,11.72,D
18.01203,54.57338,344.24,0.6,0.53,2026-09-06,0905,N21,nominal,2.0NRT,308.71,16.58,D
18.3205,55.10505,351.1,0.54,0.51,2026-09-06,0905,N21,nominal,2.0NRT,310.99,5.94,D
27.16048,56.10092,342.92,0.5,0.41,2026-09-06,0905,N21,nominal,2.0NRT,308.69,10.81,D
21.10568,72.64432,346.09,0.44,0.62,2026-09-06,0905,N21,nominal,2.0NRT,288.81,7.04,D
21.10248,72.64528,336.07,0.44,0.62,2026-09-06,0905,N21,nominal,2.0NRT,287.71,4.62,D
20.22497,55.7402,346.04,0.46,0.47,2026-09-06,0905,N21,nominal,2.0NRT,313.81,1.06,D
20.38923,55.66284,345.2,0.46,0.47,2026-09-06,0905,N21,nominal,2.0NRT,315.12,2.96,D
22.49434,70.02252,334.17,0.61,0.53,2026-09-06,0905,N21,nominal,2.0NRT,295.48,4.24,D
20.55878,56.4187,337.37,0.41,0.45,2026-09-06,0905,N21,low,2.0NRT,310.37,1.33,D
23.17906,68.86296,341.75,0.52,0.5,2026-09-06,0905,N21,nominal,2.0NRT,298.62,7.71,D
23.1795,68.86138,345.87,0.52,0.5,2026-09-06,0905,N21,nominal,2.0NRT,298.93,9.5,D
22.94703,57.50959,333.62,0.49,0.4,2026-09-06,0905,N21,low,2.0NRT,307.61,3.4,D
24.57346,67.88837,330.74,0.47,0.48,2026-09-06,0905,N21,nominal,2.0NRT,297.97,4.12,D
22.87902,55.9249,339.46,0.4,0.44,2026-09-06,0905,N21,low,2.0NRT,311.61,1.29,D
22.87468,55.61645,339.42,0.42,0.45,2026-09-06,0905,N21,low,2.0NRT,310.91,1.25,D
23.18961,55.45598,345.03,0.42,0.45,2026-09-06,0905,N21,nominal,2.0NRT,310.77,5.44,D
24.50454,56.60576,345.73,0.52,0.41,2026-09-06,0905,N21,nominal,2.0NRT,311.3,17.76,D
24.50814,54.01962,333.3,0.49,0.48,2026-09-06,0907,N21,nominal,2.0NRT,301.98,3.44,D
28.2503,67.75222,339.61,0.51,0.5,2026-09-06,0907,N21,nominal,2.0NRT,304.48,3.98,D
35.84071,62.99509,348.79,0.52,0.42,2026-09-06,0907,N21,low,2.0NRT,323.65,27.34,D
37.36337,61.27385,346.12,0.46,0.39,2026-09-06,0907,N21,nominal,2.0NRT,317.11,24.49,D
37.61829,62.13881,341.06,0.5,0.41,2026-09-06,0907,N21,nominal,2.0NRT,313.55,2.72,D
37.61962,62.13772,342.54,0.5,0.41,2026-09-06,0907,N21,nominal,2.0NRT,314.55,4.76,D
38.05702,65.50195,342.38,0.49,0.49,2026-09-06,0907,N21,nominal,2.0NRT,314.9,4.43,D
38.08701,65.55837,337.51,0.5,0.49,2026-09-06,0907,N21,low,2.0NRT,310.04,5.45,D
36.9876,54.63877,342.23,0.43,0.38,2026-09-06,0907,N21,nominal,2.0NRT,302.63,7,D
36.99101,54.63781,353.07,0.43,0.38,2026-09-06,0907,N21,nominal,2.0NRT,304.59,7,D
37.51169,57.5103,335.81,0.38,0.36,2026-09-06,0907,N21,low,2.0NRT,310.17,2.61,D
37.14184,55.04665,336.07,0.42,0.37,2026-09-06,0907,N21,nominal,2.0NRT,299.91,4.69,D
37.1444,55.04115,346.68,0.42,0.37,2026-09-06,0907,N21,nominal,2.0NRT,300.41,5.75,D
38.0999,58.09413,342.85,0.39,0.36,2026-09-06,0907,N21,nominal,2.0NRT,312.71,3.26,D
38.10382,58.09774,341.85,0.39,0.36,2026-09-06,0907,N21,nominal,2.0NRT,311.75,2.42,D
38.13217,56.51474,333.29,0.39,0.36,2026-09-06,0907,N21,low,2.0NRT,308.19,1.72,D
39.03022,56.44052,336.16,0.39,0.36,2026-09-06,0909,N21,nominal,2.0NRT,307.58,2.9,D
39.03349,56.43967,338.51,0.39,0.36,2026-09-06,0909,N21,nominal,2.0NRT,308.01,2.71,D
38.68011,54.31721,344.19,0.42,0.38,2026-09-06,0909,N21,nominal,2.0NRT,313.55,4.15,D
29.74802,98.71553,299.39,0.33,0.55,2026-09-06,1947,N21,nominal,2.0NRT,281.7,0.64,N
29.74798,98.71642,300.47,0.33,0.55,2026-09-06,1947,N21,nominal,2.0NRT,281.71,0.81,N
11.92694,78.42115,310.15,0.46,0.47,2026-09-06,1953,N21,nominal,2.0NRT,279.06,1.68,N
10.90637,77.41584,305.31,0.52,0.5,2026-09-06,1953,N21,nominal,2.0NRT,288.22,1.64,N
10.90553,77.41677,303.06,0.52,0.5,2026-09-06,1953,N21,nominal,2.0NRT,288.18,0.89,N
27.53809,99.55526,296.15,0.42,0.61,2026-09-06,1949,N21,nominal,2.0NRT,285.06,0.67,N
10.61561,77.42004,305.64,0.51,0.5,2026-09-06,1953,N21,nominal,2.0NRT,289.97,1.34,N
27.37821,95.33459,305.64,0.47,0.47,2026-09-06,1949,N21,nominal,2.0NRT,288.04,2.09,N
10.39689,77.61567,334,0.49,0.49,2026-09-06,1955,N21,nominal,2.0NRT,287.66,6.43,N
27.32282,95.27635,306.54,0.46,0.47,2026-09-06,1949,N21,nominal,2.0NRT,289.34,2.59,N
8.08453,80.78139,298.88,0.45,0.39,2026-09-06,1955,N21,nominal,2.0NRT,282.58,0.45,N
27.31623,95.26494,305.56,0.46,0.47,2026-09-06,1949,N21,nominal,2.0NRT,288.89,1.88,N
7.80051,79.83681,305.69,0.5,0.41,2026-09-06,1955,N21,nominal,2.0NRT,291.91,2.27,N
7.69619,80.44563,310.04,0.46,0.39,2026-09-06,1955,N21,nominal,2.0NRT,291.96,1.06,N
27.3179,95.26727,307.94,0.46,0.47,2026-09-06,1949,N21,nominal,2.0NRT,289.22,1.68,N
7.07427,80.85882,323.29,0.44,0.38,2026-09-06,1955,N21,nominal,2.0NRT,288.54,1.86,N
7.07072,80.85854,323.07,0.44,0.38,2026-09-06,1955,N21,nominal,2.0NRT,289.2,1.85,N
29.47326,76.85646,324.33,0.47,0.64,2026-09-06,1949,N21,nominal,2.0NRT,290.26,4.33,N
7.07128,80.85484,306.39,0.44,0.38,2026-09-06,1955,N21,nominal,2.0NRT,285.99,1.03,N
7.06719,80.85822,309.08,0.44,0.38,2026-09-06,1955,N21,nominal,2.0NRT,287.63,1.85,N
29.47356,76.85158,302.93,0.47,0.64,2026-09-06,1949,N21,nominal,2.0NRT,289.78,3.15,N
6.86306,81.40453,339.12,0.42,0.37,2026-09-06,1955,N21,nominal,2.0NRT,296.45,14.16,N
6.81242,81.52978,314.8,0.41,0.37,2026-09-06,1955,N21,nominal,2.0NRT,293.94,1.82,N
29.47515,76.85677,331.04,0.47,0.64,2026-09-06,1949,N21,nominal,2.0NRT,290.31,5.28,N
6.76235,81.51471,348.06,0.41,0.37,2026-09-06,1955,N21,nominal,2.0NRT,296.07,7.8,N
29.47548,76.85191,304.26,0.47,0.64,2026-09-06,1949,N21,nominal,2.0NRT,290.19,3.72,N
6.75894,81.51421,325.96,0.41,0.37,2026-09-06,1955,N21,nominal,2.0NRT,294.45,7.8,N
25.53565,100.57882,298.17,0.53,0.67,2026-09-06,1949,N21,nominal,2.0NRT,284.98,1.98,N
28.77802,76.94595,304.33,0.46,0.63,2026-09-06,1949,N21,nominal,2.0NRT,289.64,1.37,N
28.34819,77.22955,305.35,0.44,0.62,2026-09-06,1949,N21,nominal,2.0NRT,280.96,1.15,N
25.81025,88.88363,308.18,0.39,0.36,2026-09-06,1949,N21,nominal,2.0NRT,290.52,2.12,N
24.20427,82.70858,297.39,0.54,0.42,2026-09-06,1949,N21,nominal,2.0NRT,270.96,1.13,N
23.61466,86.79137,308.98,0.39,0.36,2026-09-06,1949,N21,nominal,2.0NRT,286.72,1.61,N
24.15831,82.56628,305.94,0.55,0.43,2026-09-06,1949,N21,nominal,2.0NRT,282.34,1.9,N
23.48274,87.36269,312.05,0.38,0.36,2026-09-06,1949,N21,nominal,2.0NRT,292.75,3.34,N
20.74997,98.33984,297.36,0.49,0.65,2026-09-06,1951,N21,nominal,2.0NRT,284.45,0.8,N
22.8019,86.09149,318.96,0.39,0.36,2026-09-06,1951,N21,nominal,2.0NRT,289.46,2.05,N
22.79858,86.09092,305.09,0.39,0.36,2026-09-06,1951,N21,nominal,2.0NRT,289.32,2.05,N
23.16751,82.33961,309.71,0.55,0.43,2026-09-06,1951,N21,nominal,2.0NRT,290.04,2.29,N
23.16684,82.34496,304.82,0.55,0.43,2026-09-06,1951,N21,nominal,2.0NRT,289.89,1.37,N
23.16361,82.33897,317.03,0.55,0.43,2026-09-06,1951,N21,nominal,2.0NRT,290.2,2.29,N
22.3781,87.27927,319.56,0.38,0.36,2026-09-06,1951,N21,nominal,2.0NRT,288.59,3.42,N
22.36474,87.29965,320.44,0.38,0.36,2026-09-06,1951,N21,nominal,2.0NRT,289.36,3.58,N
22.05496,85.4639,312.12,0.4,0.37,2026-09-06,1951,N21,nominal,2.0NRT,291.38,1.76,N
22.33105,82.60877,308.47,0.52,0.42,2026-09-06,1951,N21,nominal,2.0NRT,287.6,3.44,N
22.35738,82.30347,319.05,0.54,0.42,2026-09-06,1951,N21,nominal,2.0NRT,289.87,4.29,N
22.32152,82.592,311.4,0.52,0.42,2026-09-06,1951,N21,nominal,2.0NRT,289.16,1.93,N
22.3234,82.54583,306.81,0.53,0.42,2026-09-06,1951,N21,nominal,2.0NRT,291.22,2.56,N
22.32086,82.56615,311.06,0.53,0.42,2026-09-06,1951,N21,nominal,2.0NRT,290.47,2.92,N
22.31768,82.56052,313.71,0.53,0.42,2026-09-06,1951,N21,nominal,2.0NRT,289.79,2.92,N
22.31702,82.5345,307.37,0.53,0.42,2026-09-06,1951,N21,nominal,2.0NRT,290.57,3.28,N
22.35644,82.30141,314.88,0.54,0.42,2026-09-06,1951,N21,nominal,2.0NRT,289.64,2.76,N
22.32212,82.56421,305.79,0.52,0.42,2026-09-06,1951,N21,nominal,2.0NRT,290.22,2.06,N
22.3183,82.56366,319.08,0.52,0.42,2026-09-06,1951,N21,nominal,2.0NRT,290.38,2.06,N
22.31763,82.56873,306.95,0.52,0.42,2026-09-06,1951,N21,nominal,2.0NRT,290.47,2.06,N
22.3178,82.53771,306.32,0.53,0.42,2026-09-06,1951,N21,nominal,2.0NRT,290.36,3.07,N
21.93201,85.21877,303.37,0.4,0.37,2026-09-06,1951,N21,nominal,2.0NRT,289.91,0.87,N
21.92807,85.22208,307.39,0.4,0.37,2026-09-06,1951,N21,nominal,2.0NRT,291.47,1.84,N
21.9247,85.22151,317.23,0.4,0.37,2026-09-06,1951,N21,nominal,2.0NRT,292.18,1.53,N
21.92413,85.2254,305.64,0.4,0.37,2026-09-06,1951,N21,nominal,2.0NRT,290.96,1.53,N
21.83061,84.92894,306.5,0.41,0.37,2026-09-06,1951,N21,nominal,2.0NRT,291.41,1.79,N
21.98265,83.23364,310.95,0.48,0.4,2026-09-06,1951,N21,nominal,2.0NRT,290.97,3.63,N
22.00321,82.67044,315.66,0.51,0.41,2026-09-06,1951,N21,nominal,2.0NRT,291.68,3.33,N
21.82072,83.99737,307.74,0.44,0.39,2026-09-06,1951,N21,nominal,2.0NRT,290.2,2.84,N
21.8028,83.89114,316.61,0.45,0.39,2026-09-06,1951,N21,nominal,2.0NRT,291.41,5.2,N
21.7702,84.02148,307.86,0.44,0.39,2026-09-06,1951,N21,nominal,2.0NRT,291.52,2.41,N
21.76668,84.02093,315.08,0.44,0.39,2026-09-06,1951,N21,nominal,2.0NRT,291.84,2.41,N
21.76316,84.02039,316.08,0.44,0.39,2026-09-06,1951,N21,nominal,2.0NRT,292.6,5.04,N
21.75552,84.02353,308.12,0.44,0.39,2026-09-06,1951,N21,nominal,2.0NRT,292.38,3.79,N
21.76145,83.84943,332.73,0.45,0.39,2026-09-06,1951,N21,nominal,2.0NRT,292.77,7.56,N
21.75848,83.84456,312.83,0.45,0.39,2026-09-06,1951,N21,nominal,2.0NRT,291.95,3.45,N
21.75493,83.84402,325.2,0.45,0.39,2026-09-06,1951,N21,nominal,2.0NRT,292.45,3.45,N
21.75846,83.81814,305.94,0.45,0.39,2026-09-06,1951,N21,nominal,2.0NRT,291.27,2.72,N
21.75138,83.84347,307.62,0.45,0.39,2026-09-06,1951,N21,nominal,2.0NRT,291.53,6.22,N
21.74782,83.84293,333.05,0.45,0.39,2026-09-06,1951,N21,nominal,2.0NRT,293.38,6.22,N
21.74427,83.8424,321.89,0.45,0.39,2026-09-06,1951,N21,nominal,2.0NRT,292.42,3.14,N
21.74072,83.84187,313.14,0.45,0.39,2026-09-06,1951,N21,nominal,2.0NRT,292.44,3.14,N
21.73716,83.84133,306.03,0.45,0.39,2026-09-06,1951,N21,nominal,2.0NRT,291.7,3.15,N
21.69684,84.0316,305.16,0.44,0.38,2026-09-06,1951,N21,nominal,2.0NRT,291.21,2.18,N
21.68093,84.03916,306.01,0.44,0.38,2026-09-06,1951,N21,nominal,2.0NRT,291.78,2.02,N
21.67741,84.03861,319.51,0.44,0.38,2026-09-06,1951,N21,nominal,2.0NRT,292.17,2.02,N
21.67329,84.04231,307.47,0.44,0.38,2026-09-06,1951,N21,nominal,2.0NRT,291.54,1.34,N
20.99956,86.02483,310.64,0.39,0.36,2026-09-06,1951,N21,nominal,2.0NRT,292.53,3.29,N
20.99737,86.01688,306.61,0.39,0.36,2026-09-06,1951,N21,nominal,2.0NRT,292.06,3.47,N
20.97534,86.00551,313.77,0.39,0.36,2026-09-06,1951,N21,nominal,2.0NRT,291.69,3.57,N
20.96533,86.0493,315.3,0.39,0.36,2026-09-06,1951,N21,nominal,2.0NRT,291.54,4.42,N
20.96761,86.01177,312.83,0.39,0.36,2026-09-06,1951,N21,nominal,2.0NRT,293.39,4.63,N
20.96414,86.01098,328.03,0.39,0.36,2026-09-06,1951,N21,nominal,2.0NRT,292.65,2.79,N
20.9647,86.00729,307.27,0.39,0.36,2026-09-06,1951,N21,nominal,2.0NRT,292.5,2.79,N
20.96139,86.00672,329.84,0.39,0.36,2026-09-06,1951,N21,nominal,2.0NRT,292.1,2.79,N
20.93917,86.06352,322.48,0.39,0.36,2026-09-06,1951,N21,nominal,2.0NRT,286.25,2.13,N
21.48497,81.76863,308.04,0.57,0.43,2026-09-06,1951,N21,nominal,2.0NRT,290.88,1.78,N
20.96684,85.15375,308.85,0.4,0.37,2026-09-06,1951,N21,nominal,2.0NRT,288.92,3.53,N
21.37604,81.67924,313.69,0.57,0.43,2026-09-06,1951,N21,nominal,2.0NRT,290.89,5.37,N
21.37648,81.64273,309.02,0.38,0.43,2026-09-06,1951,N21,nominal,2.0NRT,289.84,2.47,N
20.88726,84.98001,317.45,0.4,0.37,2026-09-06,1951,N21,nominal,2.0NRT,292.25,2.84,N
20.88332,84.98332,306.85,0.4,0.37,2026-09-06,1951,N21,nominal,2.0NRT,292.24,2.47,N
20.86867,84.98887,306.01,0.4,0.37,2026-09-06,1951,N21,nominal,2.0NRT,291.79,1.47,N
20.86811,84.9927,307.79,0.4,0.37,2026-09-06,1951,N21,nominal,2.0NRT,292.29,1.47,N
20.8653,84.9883,323.32,0.4,0.37,2026-09-06,1951,N21,nominal,2.0NRT,292.15,1.65,N
20.86473,84.99213,307.16,0.4,0.37,2026-09-06,1951,N21,nominal,2.0NRT,292.27,1.65,N
20.86192,84.98773,312.63,0.4,0.37,2026-09-06,1951,N21,nominal,2.0NRT,289.97,1.65,N
20.79797,85.25918,318.29,0.4,0.37,2026-09-06,1951,N21,nominal,2.0NRT,290.52,3.75,N
20.79518,85.25484,322.61,0.4,0.37,2026-09-06,1951,N21,nominal,2.0NRT,290.58,3.94,N
20.78736,85.2613,309.22,0.4,0.37,2026-09-06,1951,N21,nominal,2.0NRT,289.98,4.23,N
20.7868,85.26508,315.21,0.4,0.37,2026-09-06,1951,N21,nominal,2.0NRT,291.95,3.82,N
20.78345,85.26453,322.86,0.4,0.37,2026-09-06,1951,N21,nominal,2.0NRT,291.6,4.24,N
20.76168,85.29589,314,0.4,0.37,2026-09-06,1951,N21,nominal,2.0NRT,292.13,3.23,N
20.76113,85.29971,310.07,0.4,0.37,2026-09-06,1951,N21,nominal,2.0NRT,290.1,2.21,N
20.75834,85.29536,307.05,0.4,0.37,2026-09-06,1951,N21,nominal,2.0NRT,291.92,3.3,N
21.18746,81.39248,307.85,0.39,0.44,2026-09-06,1951,N21,nominal,2.0NRT,290.36,1.97,N
21.18388,81.38812,307.27,0.4,0.44,2026-09-06,1951,N21,nominal,2.0NRT,289.69,1.97,N
21.17984,81.38757,334.69,0.4,0.44,2026-09-06,1951,N21,nominal,2.0NRT,290.64,5.58,N
21.33674,78.96648,312.94,0.56,0.52,2026-09-06,1951,N21,nominal,2.0NRT,287.88,2.19,N
21.33617,78.97189,303.5,0.56,0.52,2026-09-06,1951,N21,nominal,2.0NRT,287.65,2.19,N
21.33481,78.9703,317.42,0.56,0.52,2026-09-06,1951,N21,nominal,2.0NRT,288.35,2.73,N
21.24511,79.22173,300.76,0.54,0.51,2026-09-06,1951,N21,nominal,2.0NRT,284.94,1.43,N
20.7025,78.62045,304.89,0.58,0.52,2026-09-06,1951,N21,nominal,2.0NRT,290.46,1.43,N
20.69586,78.63654,306.64,0.58,0.52,2026-09-06,1951,N21,nominal,2.0NRT,289.87,1.82,N
19.92065,79.11182,308.37,0.53,0.5,2026-09-06,1951,N21,nominal,2.0NRT,291.33,1.39,N
19.10446,82.16328,322.2,0.51,0.41,2026-09-06,1951,N21,nominal,2.0NRT,290.44,1.96,N
19.10381,82.16806,310.01,0.51,0.41,2026-09-06,1951,N21,nominal,2.0NRT,291.73,1.96,N
19.0963,82.16698,318.95,0.51,0.41,2026-09-06,1951,N21,nominal,2.0NRT,290.87,2.64,N
19.93681,73.71275,302.18,0.6,0.71,2026-09-06,1951,N21,nominal,2.0NRT,285.75,1.17,N
19.9364,73.71198,304.75,0.6,0.71,2026-09-06,1951,N21,nominal,2.0NRT,286.13,1.49,N
18.71861,79.50751,320.2,0.48,0.48,2026-09-06,1951,N21,nominal,2.0NRT,292.32,2.19,N
17.69401,83.2431,307.37,0.44,0.38,2026-09-06,1951,N21,nominal,2.0NRT,292.97,3.07,N
17.95671,80.79757,308.92,0.39,0.44,2026-09-06,1951,N21,nominal,2.0NRT,286.23,1.28,N
17.60583,83.20129,309.33,0.44,0.38,2026-09-06,1951,N21,nominal,2.0NRT,288.42,3.22,N
18.70239,72.87109,299.8,0.66,0.73,2026-09-06,1951,N21,nominal,2.0NRT,287.35,2.22,N
15.18383,76.66652,300.28,0.33,0.56,2026-09-06,1953,N21,nominal,2.0NRT,258.15,0.76,N
15.02131,78.01621,302.1,0.54,0.51,2026-09-06,1953,N21,nominal,2.0NRT,279.67,1.34,N
15.02251,78.01427,306.85,0.54,0.51,2026-09-06,1953,N21,nominal,2.0NRT,280.86,1.86,N
15.17636,76.65552,297.68,0.33,0.56,2026-09-06,1953,N21,nominal,2.0NRT,256.27,0.89,N
15.16735,76.37926,295.86,0.35,0.57,2026-09-06,1953,N21,nominal,2.0NRT,269,0.78,N
33.04191,56.84811,313.75,0.49,0.49,2026-09-06,2129,N21,nominal,2.0NRT,297.22,2.29,N
29.47525,76.85799,324.48,0.54,0.68,2026-09-06,2129,N21,nominal,2.0NRT,289.53,3.96,N
32.3364,54.08753,304.14,0.35,0.57,2026-09-06,2129,N21,nominal,2.0NRT,290.89,1.02,N
28.34751,77.23099,304.74,0.6,0.71,2026-09-06,2129,N21,nominal,2.0NRT,286.45,1.08,N
31.9428,54.04408,307.72,0.35,0.57,2026-09-06,2129,N21,nominal,2.0NRT,294.28,1.23,N
31.92635,54.05389,312.15,0.35,0.57,2026-09-06,2129,N21,nominal,2.0NRT,296.52,1.3,N
31.9253,54.05411,307.31,0.35,0.57,2026-09-06,2129,N21,nominal,2.0NRT,296.5,1.07,N
31.70594,55.44993,307.01,0.57,0.52,2026-09-06,2129,N21,nominal,2.0NRT,296.3,3.01,N
31.70572,55.44773,308.9,0.57,0.52,2026-09-06,2129,N21,nominal,2.0NRT,296.95,2.95,N
31.6226,54.72623,305.94,0.63,0.54,2026-09-06,2129,N21,nominal,2.0NRT,292.52,1.84,N
30.75652,56.65636,318.13,0.47,0.48,2026-09-06,2129,N21,nominal,2.0NRT,295,3.03,N
28.42422,69.7018,316.33,0.43,0.46,2026-09-06,2129,N21,nominal,2.0NRT,296.28,1.49,N
28.42334,69.69944,316.01,0.43,0.46,2026-09-06,2129,N21,nominal,2.0NRT,296.25,1.29,N
30.37049,56.1289,312.43,0.5,0.49,2026-09-06,2129,N21,nominal,2.0NRT,292.49,1.42,N
30.32677,56.22705,303.74,0.5,0.49,2026-09-06,2129,N21,nominal,2.0NRT,292.02,1.66,N
30.23549,56.90657,315.2,0.45,0.47,2026-09-06,2129,N21,nominal,2.0NRT,293.3,2.9,N
30.32434,55.97179,304.73,0.51,0.5,2026-09-06,2129,N21,nominal,2.0NRT,291.08,0.7,N
30.21872,56.98455,300.87,0.45,0.47,2026-09-06,2129,N21,nominal,2.0NRT,288.07,0.63,N
27.28563,73.83921,303.97,0.4,0.6,2026-09-06,2129,N21,nominal,2.0NRT,291.86,0.89,N
30.21675,55.98018,304.63,0.51,0.5,2026-09-06,2129,N21,nominal,2.0NRT,291.63,1.83,N
29.47765,60.80761,306.77,0.43,0.38,2026-09-06,2129,N21,nominal,2.0NRT,289.9,1.17,N
30.08192,55.3982,314.81,0.55,0.51,2026-09-06,2129,N21,nominal,2.0NRT,291.12,3.38,N
29.92772,56.73198,303.37,0.46,0.47,2026-09-06,2129,N21,nominal,2.0NRT,292.44,1.46,N
29.99205,55.85432,304.69,0.52,0.5,2026-09-06,2129,N21,nominal,2.0NRT,289.73,1.85,N
29.98749,55.85366,337.69,0.52,0.5,2026-09-06,2129,N21,nominal,2.0NRT,292.39,20.41,N
29.98702,55.85866,316.64,0.52,0.5,2026-09-06,2129,N21,nominal,2.0NRT,289.24,12.56,N
29.51391,55.79762,304.18,0.52,0.5,2026-09-06,2131,N21,nominal,2.0NRT,292.1,1.21,N
29.15091,55.36636,302.66,0.54,0.51,2026-09-06,2131,N21,nominal,2.0NRT,292.13,1.06,N
28.21403,61.20894,301.7,0.41,0.37,2026-09-06,2131,N21,nominal,2.0NRT,287.83,0.51,N
27.22625,60.48915,310.38,0.42,0.38,2026-09-06,2131,N21,nominal,2.0NRT,300.17,3.08,N
27.30148,56.30302,314.32,0.45,0.47,2026-09-06,2131,N21,nominal,2.0NRT,297.93,4.77,N
25.38676,68.58319,315.41,0.42,0.45,2026-09-06,2131,N21,nominal,2.0NRT,296.36,3.07,N
27.16875,56.04845,307.81,0.47,0.47,2026-09-06,2131,N21,nominal,2.0NRT,297.65,3.16,N
27.16826,56.05313,319.02,0.47,0.47,2026-09-06,2131,N21,nominal,2.0NRT,298.78,3.16,N
27.16149,56.07583,310.77,0.46,0.47,2026-09-06,2131,N21,nominal,2.0NRT,298.16,3.54,N
27.15858,56.10384,317.07,0.46,0.47,2026-09-06,2131,N21,nominal,2.0NRT,298.53,5.58,N
27.1552,56.05133,309.47,0.47,0.47,2026-09-06,2131,N21,nominal,2.0NRT,298.93,5.75,N
27.1446,56.11131,312.8,0.46,0.47,2026-09-06,2131,N21,nominal,2.0NRT,298.83,5.88,N
25.96557,56.06742,315.52,0.45,0.47,2026-09-06,2131,N21,nominal,2.0NRT,300.28,4.17,N
25.90494,54.53131,310.97,0.56,0.51,2026-09-06,2131,N21,nominal,2.0NRT,299.5,0.49,N
25.55847,55.98433,311.41,0.45,0.47,2026-09-06,2131,N21,nominal,2.0NRT,300.16,1.61,N
25.30539,56.37299,311.01,0.42,0.45,2026-09-06,2131,N21,nominal,2.0NRT,298.56,1.25,N
22.93151,69.70107,302.36,0.55,0.51,2026-09-06,2131,N21,nominal,2.0NRT,292.14,1.36,N
24.98869,55.62693,324.96,0.46,0.47,2026-09-06,2131,N21,nominal,2.0NRT,299.74,1.83,N
24.50538,56.6079,341.39,0.4,0.44,2026-09-06,2131,N21,nominal,2.0NRT,300.09,6.42,N
24.50729,56.59214,313.79,0.4,0.44,2026-09-06,2131,N21,nominal,2.0NRT,299.88,1.69,N
24.50179,56.6034,312.96,0.4,0.44,2026-09-06,2131,N21,nominal,2.0NRT,299.55,3.41,N
24.47363,56.63144,311.01,0.4,0.44,2026-09-06,2131,N21,nominal,2.0NRT,297.99,0.93,N
24.45398,56.55295,313.13,0.4,0.44,2026-09-06,2131,N21,nominal,2.0NRT,299.22,1.05,N
24.60842,54.15254,317,0.57,0.52,2026-09-06,2131,N21,nominal,2.0NRT,300.18,2.93,N
24.51024,54.01814,325.33,0.58,0.52,2026-09-06,2131,N21,nominal,2.0NRT,301.05,3.19,N
24.32495,54.46645,316.59,0.54,0.51,2026-09-06,2131,N21,nominal,2.0NRT,301.48,2.41,N
24.3258,54.47025,316.16,0.54,0.51,2026-09-06,2131,N21,nominal,2.0NRT,300.79,3.18,N
21.10685,72.64314,298.83,0.46,0.64,2026-09-06,2131,N21,nominal,2.0NRT,284.33,1.82,N
21.10587,72.64745,308.43,0.46,0.64,2026-09-06,2131,N21,nominal,2.0NRT,284.69,1.82,N
23.4838,58.28197,315.97,0.48,0.4,2026-09-06,2131,N21,nominal,2.0NRT,298.41,5.8,N
23.36411,56.28139,314.9,0.41,0.45,2026-09-06,2131,N21,nominal,2.0NRT,300.03,1.72,N
23.36457,56.28133,312.67,0.4,0.45,2026-09-06,2131,N21,nominal,2.0NRT,300.25,1.65,N
23.19193,55.45554,321.08,0.45,0.47,2026-09-06,2131,N21,nominal,2.0NRT,300.13,6.01,N
23.31358,54.17821,307.79,0.55,0.51,2026-09-06,2131,N21,nominal,2.0NRT,297.46,1.65,N
23.15375,55.446,326.59,0.45,0.47,2026-09-06,2131,N21,nominal,2.0NRT,297.76,3.92,N
23.15326,55.45041,307.1,0.45,0.47,2026-09-06,2131,N21,nominal,2.0NRT,294.01,2.78,N
22.87988,55.92755,311.5,0.42,0.45,2026-09-06,2131,N21,nominal,2.0NRT,287.57,3.69,N
22.87265,55.61485,308.25,0.44,0.46,2026-09-06,2131,N21,nominal,2.0NRT,288.58,1.75,N
22.67226,56.25098,312.33,0.4,0.44,2026-09-06,2131,N21,nominal,2.0NRT,297.15,2.52,N
22.4049,56.98679,320.26,0.54,0.42,2026-09-06,2131,N21,nominal,2.0NRT,296.96,5.26,N
22.3469,56.43437,327.35,0.39,0.44,2026-09-06,2131,N21,nominal,2.0NRT,297.76,3.81,N
22.32801,56.48836,338.13,0.38,0.43,2026-09-06,2131,N21,nominal,2.0NRT,297.2,4.39,N
22.08017,55.97703,308.25,0.41,0.45,2026-09-06,2133,N21,nominal,2.0NRT,297.23,4.97,N
21.93844,57.07185,329.18,0.53,0.42,2026-09-06,2133,N21,nominal,2.0NRT,296.58,4.61,N
21.89257,56.84472,318.46,0.54,0.42,2026-09-06,2133,N21,nominal,2.0NRT,296.2,1.79,N
21.89072,56.84795,317.96,0.54,0.42,2026-09-06,2133,N21,nominal,2.0NRT,296.28,2.34,N
21.83294,56.67851,319.85,0.55,0.43,2026-09-06,2133,N21,nominal,2.0NRT,296.51,1.65,N
21.33432,57.72373,312.58,0.48,0.4,2026-09-06,2133,N21,nominal,2.0NRT,295.73,1.67,N
21.31965,57.7215,316.13,0.48,0.4,2026-09-06,2133,N21,nominal,2.0NRT,296.04,2.09,N
21.31288,57.744,338.15,0.48,0.4,2026-09-06,2133,N21,nominal,2.0NRT,296.53,5.56,N
21.30182,57.79839,317.96,0.48,0.4,2026-09-06,2133,N21,nominal,2.0NRT,296.49,1.85,N
21.30685,57.70543,316.16,0.48,0.4,2026-09-06,2133,N21,nominal,2.0NRT,296.09,1.6,N
21.29524,57.68013,316.26,0.48,0.4,2026-09-06,2133,N21,nominal,2.0NRT,295.67,1.64,N
21.4081,55.7434,325.26,0.41,0.45,2026-09-06,2133,N21,nominal,2.0NRT,298.41,3.67,N
20.55903,56.41829,306.84,0.55,0.43,2026-09-06,2133,N21,nominal,2.0NRT,295.56,0.72,N
20.38708,55.66103,335.78,0.4,0.45,2026-09-06,2133,N21,nominal,2.0NRT,297.36,3.61,N
20.38445,55.64882,313.48,0.41,0.45,2026-09-06,2133,N21,nominal,2.0NRT,296.54,2.37,N
20.22392,55.74047,331.93,0.4,0.44,2026-09-06,2133,N21,nominal,2.0NRT,298.32,2.79,N
20.21093,55.71152,319.28,0.4,0.44,2026-09-06,2133,N21,nominal,2.0NRT,296.2,2.11,N
19.34852,56.45942,306.31,0.53,0.42,2026-09-06,2133,N21,nominal,2.0NRT,294.65,0.73,N
15.65738,73.98853,302.91,0.73,0.76,2026-09-06,2133,N21,nominal,2.0NRT,285.05,1.98,N
18.32257,55.10369,327.96,0.41,0.45,2026-09-06,2133,N21,nominal,2.0NRT,294.5,2.69,N
18.03257,54.64071,313.11,0.44,0.46,2026-09-06,2133,N21,nominal,2.0NRT,296.42,1.55,N
18.01535,54.57129,312.04,0.44,0.46,2026-09-06,2133,N21,nominal,2.0NRT,295.92,2.52,N
18.0111,54.57073,338.38,0.44,0.46,2026-09-06,2133,N21,nominal,2.0NRT,297.91,7.94,N
17.88832,54.48326,338.18,0.45,0.47,2026-09-06,2133,N21,nominal,2.0NRT,296.93,10.5,N
17.88781,54.48745,305.84,0.44,0.46,2026-09-06,2133,N21,nominal,2.0NRT,294.29,10.5,N
38.21705,77.10107,298.43,0.34,0.56,2026-09-06,2127,N21,nominal,2.0NRT,287.12,0.68,N
39.85503,66.20004,299.84,0.38,0.36,2026-09-06,2127,N21,nominal,2.0NRT,289.13,0.66,N
39.55216,66.83019,298.69,0.38,0.36,2026-09-06,2127,N21,nominal,2.0NRT,288.63,0.48,N
39.17633,68.61306,300.81,0.41,0.37,2026-09-06,2127,N21,nominal,2.0NRT,283.22,1.02,N
39.20197,66.83984,304.74,0.38,0.36,2026-09-06,2127,N21,nominal,2.0NRT,289.95,1.12,N
39.49865,64.69356,315.27,0.4,0.37,2026-09-06,2127,N21,nominal,2.0NRT,288.16,0.84,N
39.50459,63.87109,302.59,0.42,0.37,2026-09-06,2127,N21,nominal,2.0NRT,288.64,0.43,N
39.18269,65.3125,315.53,0.39,0.36,2026-09-06,2127,N21,nominal,2.0NRT,290.98,1.83,N
38.3955,69.11229,303.82,0.43,0.38,2026-09-06,2127,N21,nominal,2.0NRT,291.57,1.2,N
39.14618,64.27242,303.95,0.41,0.37,2026-09-06,2127,N21,nominal,2.0NRT,289.5,0.64,N
39.30465,62.97644,301.74,0.44,0.39,2026-09-06,2127,N21,nominal,2.0NRT,288.39,0.87,N
39.23817,63.50128,300.44,0.43,0.38,2026-09-06,2127,N21,nominal,2.0NRT,288.57,0.57,N
39.27669,63.0853,303.97,0.44,0.38,2026-09-06,2127,N21,nominal,2.0NRT,287.48,0.61,N
39.25047,63.2089,308.73,0.43,0.38,2026-09-06,2127,N21,nominal,2.0NRT,289.16,1.2,N
39.24984,63.21391,311.46,0.43,0.38,2026-09-06,2127,N21,nominal,2.0NRT,289.66,1.72,N
39.2491,63.21185,315.94,0.43,0.38,2026-09-06,2127,N21,nominal,2.0NRT,289.55,2.39,N
39.24846,63.21685,301.97,0.43,0.38,2026-09-06,2127,N21,nominal,2.0NRT,288.86,0.44,N
39.25079,63.17107,306.19,0.44,0.38,2026-09-06,2127,N21,nominal,2.0NRT,287.22,0.62,N
39.17656,63.5764,300.37,0.42,0.38,2026-09-06,2127,N21,nominal,2.0NRT,287.27,0.44,N
38.32619,68.9856,304.69,0.42,0.38,2026-09-06,2127,N21,nominal,2.0NRT,292.34,1.38,N
39.19357,63.28208,299.64,0.43,0.38,2026-09-06,2127,N21,nominal,2.0NRT,288.48,0.56,N
39.18527,63.34649,306.92,0.43,0.38,2026-09-06,2127,N21,nominal,2.0NRT,287.95,1.33,N
39.19745,63.19592,298.81,0.43,0.38,2026-09-06,2127,N21,nominal,2.0NRT,287.66,0.83,N
39.17769,63.34996,300.38,0.43,0.38,2026-09-06,2127,N21,nominal,2.0NRT,288.18,0.63,N
39.15895,63.46728,304.05,0.43,0.38,2026-09-06,2127,N21,nominal,2.0NRT,287.65,0.79,N
39.17139,63.34356,300.21,0.43,0.38,2026-09-06,2127,N21,nominal,2.0NRT,287.66,0.69,N
39.13516,63.62238,298.26,0.42,0.38,2026-09-06,2127,N21,nominal,2.0NRT,288.18,0.57,N
39.17207,63.28266,301.3,0.43,0.38,2026-09-06,2127,N21,nominal,2.0NRT,288.59,1.11,N
39.16986,63.272,310.4,0.43,0.38,2026-09-06,2127,N21,nominal,2.0NRT,288.56,1.69,N
39.16829,63.25636,316.25,0.43,0.38,2026-09-06,2127,N21,nominal,2.0NRT,290.33,3.06,N
39.16765,63.26133,304.74,0.43,0.38,2026-09-06,2127,N21,nominal,2.0NRT,288.94,1.13,N
39.16417,63.2606,307.46,0.43,0.38,2026-09-06,2127,N21,nominal,2.0NRT,289.64,1.13,N
39.12943,63.47608,298.92,0.43,0.38,2026-09-06,2127,N21,nominal,2.0NRT,287.84,0.37,N
39.12946,63.42069,315.02,0.43,0.38,2026-09-06,2127,N21,nominal,2.0NRT,288.19,2.16,N
39.12841,63.30706,306.89,0.43,0.38,2026-09-06,2127,N21,nominal,2.0NRT,288.58,1.15,N
39.11413,63.33449,319.85,0.43,0.38,2026-09-06,2127,N21,nominal,2.0NRT,289.5,2.85,N
39.10513,63.40338,304.2,0.43,0.38,2026-09-06,2127,N21,nominal,2.0NRT,286.47,0.36,N
39.09372,63.43622,302.33,0.43,0.38,2026-09-06,2127,N21,nominal,2.0NRT,288.02,0.52,N
39.07936,63.51846,298.93,0.42,0.38,2026-09-06,2127,N21,nominal,2.0NRT,287.47,0.68,N
39.01606,63.70362,300.35,0.42,0.38,2026-09-06,2127,N21,nominal,2.0NRT,289.17,0.79,N
38.68259,65.9893,301.3,0.38,0.36,2026-09-06,2127,N21,nominal,2.0NRT,290.42,0.78,N
38.94067,64.13522,303.44,0.41,0.37,2026-09-06,2127,N21,nominal,2.0NRT,289.5,0.94,N
38.67813,65.95191,301.46,0.38,0.36,2026-09-06,2127,N21,nominal,2.0NRT,289.38,0.81,N
38.98537,63.58806,309.4,0.42,0.38,2026-09-06,2127,N21,nominal,2.0NRT,289.22,0.97,N
38.98669,63.58552,312.97,0.42,0.38,2026-09-06,2127,N21,nominal,2.0NRT,289.25,0.91,N
38.96161,63.69393,308.6,0.42,0.38,2026-09-06,2127,N21,nominal,2.0NRT,289.52,1.27,N
38.95327,63.75609,302.12,0.42,0.37,2026-09-06,2127,N21,nominal,2.0NRT,289.14,0.78,N
38.97166,63.59223,305.16,0.42,0.38,2026-09-06,2127,N21,nominal,2.0NRT,289.83,0.84,N
38.93746,63.82125,300.31,0.41,0.37,2026-09-06,2127,N21,nominal,2.0NRT,288.05,0.62,N
38.97393,63.46818,304.74,0.42,0.38,2026-09-06,2127,N21,nominal,2.0NRT,291.02,1.05,N
38.91487,63.80656,304.57,0.41,0.37,2026-09-06,2127,N21,nominal,2.0NRT,289.11,0.93,N
38.90996,63.79081,303.7,0.42,0.37,2026-09-06,2127,N21,nominal,2.0NRT,288.51,0.77,N
38.56211,65.95163,302.3,0.38,0.36,2026-09-06,2127,N21,nominal,2.0NRT,291.69,0.82,N
38.55883,65.95082,302.22,0.38,0.36,2026-09-06,2127,N21,nominal,2.0NRT,291.86,1.07,N
38.54901,65.94838,301.79,0.38,0.36,2026-09-06,2127,N21,nominal,2.0NRT,290.13,0.96,N
38.54259,65.9215,299.42,0.38,0.36,2026-09-06,2127,N21,nominal,2.0NRT,287.43,0.2,N
38.83595,63.82125,305.6,0.41,0.37,2026-09-06,2127,N21,nominal,2.0NRT,289.14,1.18,N
38.83319,63.81578,308.26,0.41,0.37,2026-09-06,2127,N21,nominal,2.0NRT,290.5,0.79,N
39.68221,54.3017,303.98,0.4,0.6,2026-09-06,2127,N21,nominal,2.0NRT,292.87,0.81,N
38.78449,63.9169,298.68,0.41,0.37,2026-09-06,2127,N21,nominal,2.0NRT,288.09,0.59,N
38.77338,63.81738,301.43,0.41,0.37,2026-09-06,2127,N21,nominal,2.0NRT,289.88,0.68,N
38.4649,65.78464,307.25,0.38,0.36,2026-09-06,2127,N21,nominal,2.0NRT,294.58,2.07,N
38.05131,67.26274,328.31,0.39,0.36,2026-09-06,2127,N21,nominal,2.0NRT,292.56,6.13,N
38.05058,67.26716,320.28,0.39,0.36,2026-09-06,2127,N21,nominal,2.0NRT,290.79,6.13,N
38.2075,64.73797,302.46,0.39,0.36,2026-09-06,2127,N21,nominal,2.0NRT,288.37,0.41,N
38.16361,64.59582,307.23,0.39,0.37,2026-09-06,2127,N21,nominal,2.0NRT,288.19,0.62,N
38.12817,64.67529,315.19,0.39,0.36,2026-09-06,2127,N21,nominal,2.0NRT,290.3,1.86,N
38.11857,64.742,305.34,0.39,0.36,2026-09-06,2127,N21,nominal,2.0NRT,289.39,0.51,N
38.11909,64.71457,299.52,0.39,0.36,2026-09-06,2127,N21,nominal,2.0NRT,287.94,0.42,N
38.0564,64.88779,327.29,0.39,0.36,2026-09-06,2127,N21,nominal,2.0NRT,289.41,3.08,N
38.05117,64.90026,304.19,0.39,0.36,2026-09-06,2127,N21,nominal,2.0NRT,288.78,1.33,N
38.05053,64.90467,319.26,0.39,0.36,2026-09-06,2127,N21,nominal,2.0NRT,289.27,1.33,N
37.93036,65.64177,299.98,0.38,0.36,2026-09-06,2127,N21,nominal,2.0NRT,288.79,0.39,N
37.96869,65.04662,305.24,0.39,0.36,2026-09-06,2127,N21,nominal,2.0NRT,288.36,0.7,N
37.88369,65.13749,305.3,0.39,0.36,2026-09-06,2127,N21,nominal,2.0NRT,287.85,1.15,N
37.88754,65.08865,306.66,0.39,0.36,2026-09-06,2127,N21,nominal,2.0NRT,288.77,1.11,N
37.83044,65.17461,315.28,0.39,0.36,2026-09-06,2127,N21,nominal,2.0NRT,288.87,1.09,N
37.81598,65.18021,303.22,0.39,0.36,2026-09-06,2127,N21,nominal,2.0NRT,288.47,0.91,N
37.80087,65.19018,308.86,0.39,0.36,2026-09-06,2127,N21,nominal,2.0NRT,287.93,0.9,N
37.75591,65.48959,299.38,0.39,0.36,2026-09-06,2127,N21,nominal,2.0NRT,288.1,0.49,N
37.73388,65.49874,301.2,0.39,0.36,2026-09-06,2127,N21,nominal,2.0NRT,288.67,0.5,N
37.72863,65.51092,300.56,0.38,0.36,2026-09-06,2127,N21,nominal,2.0NRT,288.85,0.74,N
37.75607,65.21667,298.38,0.39,0.36,2026-09-06,2127,N21,nominal,2.0NRT,287.94,0.59,N
37.74685,65.20999,302.31,0.39,0.36,2026-09-06,2127,N21,nominal,2.0NRT,287.61,0.62,N
37.71468,65.24287,304.66,0.39,0.36,2026-09-06,2127,N21,nominal,2.0NRT,288.42,0.76,N
37.67397,65.26469,307.09,0.39,0.36,2026-09-06,2127,N21,nominal,2.0NRT,288.9,0.99,N
37.66415,65.28481,316.48,0.39,0.36,2026-09-06,2127,N21,nominal,2.0NRT,287.99,1.68,N
38.67918,54.31298,312.15,0.39,0.59,2026-09-06,2127,N21,nominal,2.0NRT,291.93,1.38,N
38.67895,54.3175,301.81,0.39,0.59,2026-09-06,2127,N21,nominal,2.0NRT,291.39,1.12,N
37.98375,61.88206,312.72,0.47,0.4,2026-09-06,2127,N21,nominal,2.0NRT,287.51,1.02,N
38.64719,54.2807,338.48,0.39,0.59,2026-09-06,2127,N21,nominal,2.0NRT,293.28,3.94,N
37.88583,62.0204,299.73,0.46,0.39,2026-09-06,2127,N21,nominal,2.0NRT,287.11,1,N
38.25518,58.39123,305.42,0.46,0.47,2026-09-06,2127,N21,nominal,2.0NRT,294.34,1.83,N
37.79605,62.55091,322.63,0.44,0.39,2026-09-06,2127,N21,nominal,2.0NRT,287.71,3.15,N
37.78675,62.53882,319.2,0.44,0.39,2026-09-06,2127,N21,nominal,2.0NRT,286.99,2.23,N
37.7845,62.52811,304.8,0.44,0.39,2026-09-06,2127,N21,nominal,2.0NRT,285.1,1.29,N
38.26056,57.656,310.22,0.51,0.49,2026-09-06,2127,N21,nominal,2.0NRT,294.96,2.89,N
38.25052,57.66686,305.31,0.5,0.49,2026-09-06,2127,N21,nominal,2.0NRT,293.84,1.3,N
38.21947,57.98733,307.66,0.48,0.48,2026-09-06,2127,N21,nominal,2.0NRT,290.45,0.94,N
38.19174,58.05067,302.18,0.48,0.48,2026-09-06,2127,N21,nominal,2.0NRT,290.04,1.43,N
37.77514,62.1035,302.73,0.46,0.39,2026-09-06,2127,N21,nominal,2.0NRT,286.32,0.83,N
37.77671,62.02919,303.25,0.46,0.39,2026-09-06,2127,N21,nominal,2.0NRT,286.22,1,N
37.77567,62.02721,303.77,0.46,0.39,2026-09-06,2127,N21,nominal,2.0NRT,285.54,1.01,N
38.19273,58.04937,304.06,0.48,0.48,2026-09-06,2127,N21,nominal,2.0NRT,289.88,1.74,N
37.74483,62.12767,299,0.46,0.39,2026-09-06,2127,N21,nominal,2.0NRT,285.56,0.71,N
37.74419,62.13282,296.01,0.46,0.39,2026-09-06,2127,N21,nominal,2.0NRT,285.54,0.71,N
37.7405,62.07378,303.13,0.46,0.39,2026-09-06,2127,N21,nominal,2.0NRT,286.07,0.82,N
37.72719,62.09247,316.42,0.46,0.39,2026-09-06,2127,N21,nominal,2.0NRT,287.42,1.54,N
37.72655,62.09766,297.27,0.46,0.39,2026-09-06,2127,N21,nominal,2.0NRT,286.15,1.54,N
37.79541,61.49463,303.38,0.49,0.4,2026-09-06,2127,N21,nominal,2.0NRT,286.46,1.26,N
37.74873,61.85525,296.27,0.47,0.4,2026-09-06,2127,N21,nominal,2.0NRT,284.57,0.69,N
37.74638,61.84398,299.58,0.47,0.4,2026-09-06,2127,N21,nominal,2.0NRT,286.95,1.09,N
37.66956,62.23416,302.08,0.45,0.39,2026-09-06,2127,N21,nominal,2.0NRT,285.61,0.99,N
37.66893,62.23927,307.84,0.45,0.39,2026-09-06,2127,N21,nominal,2.0NRT,285.83,1.12,N
37.66181,62.23788,307.8,0.45,0.39,2026-09-06,2127,N21,nominal,2.0NRT,286.6,1.79,N
37.65762,62.24231,301.78,0.45,0.39,2026-09-06,2127,N21,nominal,2.0NRT,285.35,0.9,N
37.63788,62.20525,315.88,0.45,0.39,2026-09-06,2127,N21,nominal,2.0NRT,286.67,1.72,N
37.6259,62.21342,308.65,0.45,0.39,2026-09-06,2127,N21,nominal,2.0NRT,286.9,1.03,N
37.62746,62.1718,300.24,0.45,0.39,2026-09-06,2127,N21,nominal,2.0NRT,286.36,0.78,N
37.65658,61.90636,301.58,0.47,0.39,2026-09-06,2127,N21,nominal,2.0NRT,286.2,1.1,N
37.62389,62.17111,305.68,0.45,0.39,2026-09-06,2127,N21,nominal,2.0NRT,290.09,1.31,N
37.65297,61.90567,302.22,0.47,0.39,2026-09-06,2127,N21,nominal,2.0NRT,287.65,1.1,N
37.62607,62.12417,304.04,0.46,0.39,2026-09-06,2127,N21,nominal,2.0NRT,286.37,0.56,N
37.62058,62.13892,321.77,0.46,0.39,2026-09-06,2127,N21,nominal,2.0NRT,288.55,2.29,N
37.61701,62.13824,305.23,0.46,0.39,2026-09-06,2127,N21,nominal,2.0NRT,286.35,2.29,N
37.62791,61.95991,298.09,0.46,0.39,2026-09-06,2127,N21,nominal,2.0NRT,286.14,0.39,N
37.63056,61.72265,299.71,0.47,0.4,2026-09-06,2127,N21,nominal,2.0NRT,285.87,0.83,N
37.9427,58.56524,302.68,0.45,0.47,2026-09-06,2127,N21,nominal,2.0NRT,290.65,1.08,N
37.61413,61.57668,312.59,0.48,0.4,2026-09-06,2127,N21,nominal,2.0NRT,290.36,2.23,N
37.611,61.60373,311.57,0.48,0.4,2026-09-06,2127,N21,nominal,2.0NRT,290.25,2.47,N
37.61037,61.60912,313.97,0.48,0.4,2026-09-06,2127,N21,nominal,2.0NRT,287.89,2.16,N
37.61471,61.60747,297.7,0.48,0.4,2026-09-06,2127,N21,nominal,2.0NRT,285.66,1.56,N
37.61498,61.57438,304.83,0.48,0.4,2026-09-06,2127,N21,nominal,2.0NRT,287.51,0.94,N
37.61106,61.6068,317.83,0.48,0.4,2026-09-06,2127,N21,nominal,2.0NRT,289.14,1.56,N
37.60741,61.60611,304.69,0.48,0.4,2026-09-06,2127,N21,nominal,2.0NRT,288.31,1.53,N
37.55634,61.93301,301.48,0.46,0.39,2026-09-06,2127,N21,nominal,2.0NRT,287.16,0.9,N
37.59798,61.56017,299.09,0.48,0.4,2026-09-06,2127,N21,nominal,2.0NRT,286.71,1.13,N
37.56886,61.80094,297.02,0.47,0.4,2026-09-06,2127,N21,nominal,2.0NRT,285.77,0.5,N
37.5939,61.53172,303.92,0.48,0.4,2026-09-06,2127,N21,nominal,2.0NRT,287.03,1.89,N
37.59002,61.56424,303.53,0.48,0.4,2026-09-06,2127,N21,nominal,2.0NRT,286.61,1.19,N
37.59089,61.52562,308.59,0.48,0.4,2026-09-06,2127,N21,nominal,2.0NRT,286.1,1.96,N
37.48086,62.00908,304.01,0.46,0.39,2026-09-06,2127,N21,nominal,2.0NRT,287.25,1.13,N
37.48023,62.01426,300.96,0.46,0.39,2026-09-06,2127,N21,nominal,2.0NRT,286.6,1.13,N
37.49675,61.84666,329.88,0.47,0.39,2026-09-06,2127,N21,nominal,2.0NRT,292.19,4.3,N
37.48104,61.97728,300.28,0.46,0.39,2026-09-06,2127,N21,nominal,2.0NRT,285.06,0.52,N
37.422,62.31133,320.92,0.45,0.39,2026-09-06,2127,N21,nominal,2.0NRT,286.92,2.82,N
37.63375,60.34405,300.48,0.54,0.42,2026-09-06,2127,N21,nominal,2.0NRT,287.65,0.72,N
37.62296,60.44181,296.58,0.54,0.42,2026-09-06,2127,N21,nominal,2.0NRT,286.52,0.5,N
37.82814,58.38552,303.55,0.46,0.47,2026-09-06,2127,N21,nominal,2.0NRT,291.32,1.3,N
37.53329,61.12964,296.36,0.5,0.41,2026-09-06,2127,N21,nominal,2.0NRT,284.65,0.93,N
37.53263,61.13527,306.82,0.5,0.41,2026-09-06,2127,N21,nominal,2.0NRT,285.38,0.93,N
37.51198,61.01602,309.06,0.5,0.41,2026-09-06,2127,N21,nominal,2.0NRT,289.16,1.68,N
37.50319,61.02607,310.81,0.5,0.41,2026-09-06,2127,N21,nominal,2.0NRT,289.52,1.74,N
36.63496,67.06597,310.65,0.39,0.37,2026-09-06,2127,N21,nominal,2.0NRT,292.01,1.01,N
37.48577,60.46085,300.56,0.53,0.42,2026-09-06,2127,N21,nominal,2.0NRT,286.8,0.77,N
37.34933,61.36137,300.08,0.49,0.4,2026-09-06,2127,N21,nominal,2.0NRT,285.89,1.18,N
37.32918,61.09549,297.93,0.5,0.41,2026-09-06,2127,N21,nominal,2.0NRT,285.66,0.89,N
37.32546,61.09483,302.28,0.5,0.41,2026-09-06,2127,N21,nominal,2.0NRT,287.43,0.89,N
37.35389,60.46734,297.47,0.53,0.42,2026-09-06,2127,N21,nominal,2.0NRT,287.23,0.31,N
37.11984,62.36357,322.77,0.44,0.39,2026-09-06,2127,N21,nominal,2.0NRT,288.4,2.68,N
37.11632,62.36289,315.7,0.44,0.39,2026-09-06,2127,N21,nominal,2.0NRT,289.44,2.14,N
37.0339,62.41554,336.51,0.44,0.38,2026-09-06,2127,N21,nominal,2.0NRT,290.92,5.05,N
37.02976,62.41977,313.45,0.44,0.38,2026-09-06,2127,N21,nominal,2.0NRT,289.62,1.31,N
37.179,60.86536,295.71,0.51,0.41,2026-09-06,2127,N21,nominal,2.0NRT,285.63,0.45,N
36.43988,61.2194,302.08,0.48,0.4,2026-09-06,2127,N21,nominal,2.0NRT,290.34,1.09,N
36.9434,54.88712,316.7,0.35,0.57,2026-09-06,2127,N21,nominal,2.0NRT,292.1,1.66,N
36.94798,54.88808,302.91,0.35,0.57,2026-09-06,2127,N21,nominal,2.0NRT,291.5,0.88,N
36.94275,54.88765,310.29,0.35,0.57,2026-09-06,2127,N21,nominal,2.0NRT,291.56,0.88,N
36.69972,57.20395,306.67,0.52,0.5,2026-09-06,2127,N21,nominal,2.0NRT,285.16,1.18,N
36.27096,59.65186,300.58,0.57,0.43,2026-09-06,2127,N21,nominal,2.0NRT,288.98,0.86,N
36.23866,59.72937,298.19,0.56,0.43,2026-09-06,2127,N21,nominal,2.0NRT,286.66,0.85,N
36.16479,57.68696,313.88,0.48,0.48,2026-09-06,2127,N21,nominal,2.0NRT,287.81,1.84,N
36.32266,54.83924,300.36,0.35,0.57,2026-09-06,2127,N21,nominal,2.0NRT,289.52,0.47,N
33.54538,71.55154,306.95,0.43,0.46,2026-09-06,2129,N21,nominal,2.0NRT,293.68,1.47,N
35.36921,59.30486,300.56,0.38,0.43,2026-09-06,2129,N21,nominal,2.0NRT,286.43,1.06,N
33.29612,71.18707,313.29,0.42,0.45,2026-09-06,2129,N21,nominal,2.0NRT,293.76,1.53,N
33.29797,71.18443,307.28,0.42,0.45,2026-09-06,2129,N21,nominal,2.0NRT,292.9,1.91,N
32.88883,71.61728,309.38,0.45,0.47,2026-09-06,2129,N21,nominal,2.0NRT,295,1.63,N
32.57333,72.56387,308.1,0.51,0.5,2026-09-06,2129,N21,nominal,2.0NRT,295.65,1.92,N
32.6544,70.4734,307.31,0.39,0.44,2026-09-06,2129,N21,nominal,2.0NRT,293.33,1.09,N
32.28944,70.74013,308.9,0.41,0.45,2026-09-06,2129,N21,nominal,2.0NRT,293.77,1.32,N
33.75396,59.14471,311.16,0.56,0.43,2026-09-06,2129,N21,nominal,2.0NRT,287.13,2.38,N
38.26245,57.65955,303.76,0.67,0.74,2026-09-06,2307,N21,nominal,2.0NRT,292.97,2.03,N
38.68028,54.31356,309.39,0.44,0.63,2026-09-06,2307,N21,nominal,2.0NRT,290.18,1.51,N
38.67787,54.31246,309.14,0.44,0.63,2026-09-06,2307,N21,nominal,2.0NRT,290.1,1.91,N
38.64935,54.28272,334.04,0.44,0.62,2026-09-06,2307,N21,nominal,2.0NRT,290.92,3.35,N
37.29611,55.48239,301.59,0.56,0.69,2026-09-06,2309,N21,nominal,2.0NRT,290.43,1.54,N
36.99113,56.23275,295.18,0.62,0.72,2026-09-06,2309,N21,nominal,2.0NRT,284.9,0.55,N
36.99084,56.2319,296.54,0.62,0.72,2026-09-06,2309,N21,nominal,2.0NRT,285.04,0.69,N
36.94534,54.88969,307.44,0.53,0.67,2026-09-06,2309,N21,nominal,2.0NRT,290.76,1.67,N
31.61898,54.72407,305.21,0.73,0.76,2026-09-06,2309,N21,nominal,2.0NRT,290.04,1.72,N
